=== RENDER WATCHDOG ===
Time:      2026-04-30T06:00:58+08:00
Version:   1.17.17
Go:        go1.25.0
Stale for: 16m1s
Diagnosis: No render completed in 16m1s. Main loop is likely blocked.

--- All Goroutine Stacks ---
goroutine 102 [running]:
github.com/nmelo/initech/internal/tui.dumpWatchdogStacks({0x1400012e870, 0x18}, {0x101898230, 0x7}, 0xdfae38bd08)
	/home/runner/work/initech/initech/internal/tui/watchdog.go:51 +0x5c
github.com/nmelo/initech/internal/tui.renderWatchdog(0x1400024e3e8, 0x2540be400, {0x1400012e870, 0x18}, {0x101898230, 0x7}, 0x1400007c070)
	/home/runner/work/initech/initech/internal/tui/watchdog.go:35 +0x158
created by github.com/nmelo/initech/internal/tui.Run in goroutine 1
	/home/runner/work/initech/initech/internal/tui/tui.go:946 +0x2408

goroutine 1 [runnable]:
github.com/nmelo/initech/internal/tui.renderCellRow(0x1400004c838, 0x140001323e0, 0x0, 0x29, 0xb, 0x62, 0x1)
	/home/runner/work/initech/initech/internal/tui/render_common.go:67 +0x140
github.com/nmelo/initech/internal/tui.(*Pane).Render(0x14000137188, {0x101b8f608?, 0x1400027e850?}, 0x0, 0x1, 0x4, {0x0, 0x0, 0x0, 0x0, ...})
	/home/runner/work/initech/initech/internal/tui/pane_render.go:189 +0x10f8
github.com/nmelo/initech/internal/tui.(*TUI).render(0x1400024e008)
	/home/runner/work/initech/initech/internal/tui/render.go:47 +0x54c
github.com/nmelo/initech/internal/tui.Run({{0x14000199188, 0x5, 0x5}, {0x1400024cc30, 0xa}, {0x1400012e870, 0x18}, 0x0, 0x0, {0x101898230, ...}, ...})
	/home/runner/work/initech/initech/internal/tui/tui.go:998 +0x27c8
github.com/nmelo/initech/cmd.runTUI(0x10221a520, {0x101738f61?, 0x4?, 0x101739029?})
	/home/runner/work/initech/initech/cmd/root.go:286 +0x820
github.com/spf13/cobra.(*Command).execute(0x10221a520, {0x14000124040, 0x0, 0x0})
	/home/runner/go/pkg/mod/github.com/spf13/cobra@v1.10.2/command.go:1015 +0x7d4
github.com/spf13/cobra.(*Command).ExecuteC(0x10221a520)
	/home/runner/go/pkg/mod/github.com/spf13/cobra@v1.10.2/command.go:1148 +0x350
github.com/spf13/cobra.(*Command).Execute(...)
	/home/runner/go/pkg/mod/github.com/spf13/cobra@v1.10.2/command.go:1071
github.com/nmelo/initech/cmd.init.func4()
	/home/runner/work/initech/initech/cmd/root.go:41 +0x24
github.com/nmelo/initech/cmd.Execute()
	/home/runner/work/initech/initech/cmd/root.go:134 +0x28
main.main()
	/home/runner/work/initech/initech/main.go:7 +0x1c

goroutine 19 [select, 366 minutes]:
github.com/gdamore/tcell/v2.(*devTty).Start.func1(0x1400010c0e0)
	/home/runner/go/pkg/mod/github.com/gdamore/tcell/v2@v2.13.8/tty_unix.go:94 +0x8c
created by github.com/gdamore/tcell/v2.(*devTty).Start in goroutine 1
	/home/runner/go/pkg/mod/github.com/gdamore/tcell/v2@v2.13.8/tty_unix.go:91 +0x20c

goroutine 3 [syscall, 366 minutes]:
os/signal.signal_recv()
	/opt/hostedtoolcache/go/1.25.0/x64/src/runtime/sigqueue.go:149 +0x2c
os/signal.loop()
	/opt/hostedtoolcache/go/1.25.0/x64/src/os/signal/signal_unix.go:23 +0x1c
created by os/signal.Notify.func1.1 in goroutine 1
	/opt/hostedtoolcache/go/1.25.0/x64/src/os/signal/signal.go:152 +0x28

goroutine 4 [syscall, 334 minutes]:
syscall.syscall(0x14000107598?, 0x1010ade24?, 0x800000?, 0x7ffff800000?)
	/opt/hostedtoolcache/go/1.25.0/x64/src/runtime/sys_darwin.go:27 +0x40
syscall.read(0x14000130120?, {0x1400c98c680?, 0x14000107608?, 0x100fcb838?})
	/opt/hostedtoolcache/go/1.25.0/x64/src/syscall/zsyscall_darwin_arm64.go:1245 +0x48
syscall.Read(...)
	/opt/hostedtoolcache/go/1.25.0/x64/src/syscall/syscall_unix.go:183
internal/poll.ignoringEINTRIO(...)
	/opt/hostedtoolcache/go/1.25.0/x64/src/internal/poll/fd_unix.go:738
internal/poll.(*FD).Read(0x14000130120, {0x1400c98c680, 0x80, 0x80})
	/opt/hostedtoolcache/go/1.25.0/x64/src/internal/poll/fd_unix.go:161 +0x204
os.(*File).read(...)
	/opt/hostedtoolcache/go/1.25.0/x64/src/os/file_posix.go:29
os.(*File).Read(0x1400011a0d0, {0x1400c98c680?, 0x14000107601?, 0x1011413f8?})
	/opt/hostedtoolcache/go/1.25.0/x64/src/os/file.go:144 +0x68
github.com/gdamore/tcell/v2.(*devTty).Read(0x0?, {0x1400c98c680?, 0x80?, 0x80?})
	/home/runner/go/pkg/mod/github.com/gdamore/tcell/v2@v2.13.8/tty_unix.go:49 +0x24
github.com/gdamore/tcell/v2.(*tScreen).inputLoop(0x1400020f008, 0x1400007c000)
	/home/runner/go/pkg/mod/github.com/gdamore/tcell/v2@v2.13.8/tscreen.go:1051 +0xa4
created by github.com/gdamore/tcell/v2.(*tScreen).engage in goroutine 1
	/home/runner/go/pkg/mod/github.com/gdamore/tcell/v2@v2.13.8/tscreen.go:1211 +0x374

goroutine 5 [select, 334 minutes]:
github.com/gdamore/tcell/v2.(*tScreen).mainLoop(0x1400020f008, 0x1400007c000)
	/home/runner/go/pkg/mod/github.com/gdamore/tcell/v2@v2.13.8/tscreen.go:1020 +0xbc
created by github.com/gdamore/tcell/v2.(*tScreen).engage in goroutine 1
	/home/runner/go/pkg/mod/github.com/gdamore/tcell/v2@v2.13.8/tscreen.go:1212 +0x3bc

goroutine 21 [chan receive, 1788 minutes]:
github.com/nmelo/initech/internal/tui.installSignalHandlers.func1()
	/home/runner/work/initech/initech/internal/tui/signals.go:55 +0x4c
created by github.com/nmelo/initech/internal/tui.installSignalHandlers in goroutine 1
	/home/runner/work/initech/initech/internal/tui/signals.go:54 +0x11c

goroutine 22 [chan receive, 1788 minutes]:
github.com/nmelo/initech/internal/telemetry.(*Client).sender(0x140001902a0)
	/home/runner/work/initech/initech/internal/telemetry/telemetry.go:126 +0xcc
created by github.com/nmelo/initech/internal/telemetry.Init in goroutine 1
	/home/runner/work/initech/initech/internal/telemetry/telemetry.go:62 +0x134

goroutine 23 [IO wait, 379 minutes]:
internal/poll.runtime_pollWait(0x1290aa400, 0x72)
	/opt/hostedtoolcache/go/1.25.0/x64/src/runtime/netpoll.go:351 +0xa0
internal/poll.(*pollDesc).wait(0x140000d8000?, 0x14006dfc780?, 0x0)
	/opt/hostedtoolcache/go/1.25.0/x64/src/internal/poll/fd_poll_runtime.go:84 +0x28
internal/poll.(*pollDesc).waitRead(...)
	/opt/hostedtoolcache/go/1.25.0/x64/src/internal/poll/fd_poll_runtime.go:89
internal/poll.(*FD).Accept(0x140000d8000)
	/opt/hostedtoolcache/go/1.25.0/x64/src/internal/poll/fd_unix.go:613 +0x21c
net.(*netFD).accept(0x140000d8000)
	/opt/hostedtoolcache/go/1.25.0/x64/src/net/fd_unix.go:161 +0x28
net.(*UnixListener).accept(0x14003780f48?)
	/opt/hostedtoolcache/go/1.25.0/x64/src/net/unixsock_posix.go:172 +0x20
net.(*UnixListener).Accept(0x14000270b40)
	/opt/hostedtoolcache/go/1.25.0/x64/src/net/unixsock.go:260 +0x2c
github.com/nmelo/initech/internal/tui.(*TUI).startIPC.func1()
	/home/runner/work/initech/initech/internal/tui/ipc.go:85 +0x58
github.com/nmelo/initech/internal/tui.(*TUI).safeGo.func1()
	/home/runner/work/initech/initech/internal/tui/crash.go:34 +0x4c
created by github.com/nmelo/initech/internal/tui.(*TUI).safeGo in goroutine 1
	/home/runner/work/initech/initech/internal/tui/crash.go:18 +0x68

goroutine 6 [syscall, 258 minutes]:
syscall.syscall(0x1400058bdc8?, 0x1010ade24?, 0x800000?, 0x7ffff800000?)
	/opt/hostedtoolcache/go/1.25.0/x64/src/runtime/sys_darwin.go:27 +0x40
syscall.read(0x14000010060?, {0x140002d4000?, 0x1400058be08?, 0x101495d4c?})
	/opt/hostedtoolcache/go/1.25.0/x64/src/syscall/zsyscall_darwin_arm64.go:1245 +0x48
syscall.Read(...)
	/opt/hostedtoolcache/go/1.25.0/x64/src/syscall/syscall_unix.go:183
internal/poll.ignoringEINTRIO(...)
	/opt/hostedtoolcache/go/1.25.0/x64/src/internal/poll/fd_unix.go:738
internal/poll.(*FD).Read(0x14000010060, {0x140002d4000, 0x8000, 0x8000})
	/opt/hostedtoolcache/go/1.25.0/x64/src/internal/poll/fd_unix.go:161 +0x204
os.(*File).read(...)
	/opt/hostedtoolcache/go/1.25.0/x64/src/os/file_posix.go:29
os.(*File).Read(0x1400007e000, {0x140002d4000?, 0xa3?, 0x8000?})
	/opt/hostedtoolcache/go/1.25.0/x64/src/os/file.go:144 +0x68
github.com/nmelo/initech/internal/tui.(*Pane).readLoop(0x14000249188)
	/home/runner/work/initech/initech/internal/tui/pane.go:405 +0x5c
github.com/nmelo/initech/internal/tui.(*Pane).Start.func2()
	/home/runner/work/initech/initech/internal/tui/pane.go:395 +0x4c
github.com/nmelo/initech/internal/tui.(*TUI).safeGo.func1()
	/home/runner/work/initech/initech/internal/tui/crash.go:34 +0x4c
created by github.com/nmelo/initech/internal/tui.(*TUI).safeGo in goroutine 1
	/home/runner/work/initech/initech/internal/tui/crash.go:18 +0x68

goroutine 7 [select, 335 minutes]:
io.(*pipe).read(0x14000130c00, {0x14000705e50, 0x100, 0x0?})
	/opt/hostedtoolcache/go/1.25.0/x64/src/io/pipe.go:57 +0x7c
io.(*PipeReader).Read(...)
	/opt/hostedtoolcache/go/1.25.0/x64/src/io/pipe.go:134
github.com/charmbracelet/x/vt.(*Emulator).Read(0x1400007e000?, {0x14000705e50?, 0x1?, 0x100?})
	/home/runner/go/pkg/mod/github.com/nmelo/x/vt@v0.0.0-20260402173550-246f6ae86935/emulator.go:256 +0x54
github.com/charmbracelet/x/vt.(*SafeEmulator).Read(...)
	/home/runner/go/pkg/mod/github.com/nmelo/x/vt@v0.0.0-20260402173550-246f6ae86935/safe_emulator.go:34
github.com/nmelo/initech/internal/tui.(*Pane).responseLoop(0x14000249188)
	/home/runner/work/initech/initech/internal/tui/pane.go:468 +0x5c
github.com/nmelo/initech/internal/tui.(*Pane).Start.func3()
	/home/runner/work/initech/initech/internal/tui/pane.go:396 +0x4c
github.com/nmelo/initech/internal/tui.(*TUI).safeGo.func1()
	/home/runner/work/initech/initech/internal/tui/crash.go:34 +0x4c
created by github.com/nmelo/initech/internal/tui.(*TUI).safeGo in goroutine 1
	/home/runner/work/initech/initech/internal/tui/crash.go:18 +0x68

goroutine 8 [chan receive]:
github.com/nmelo/initech/internal/tui.(*Pane).watchJSONL(0x14000249188)
	/home/runner/work/initech/initech/internal/tui/pane_journal.go:30 +0x9c
github.com/nmelo/initech/internal/tui.(*Pane).Start.func4()
	/home/runner/work/initech/initech/internal/tui/pane.go:398 +0x4c
github.com/nmelo/initech/internal/tui.(*TUI).safeGo.func1()
	/home/runner/work/initech/initech/internal/tui/crash.go:34 +0x4c
created by github.com/nmelo/initech/internal/tui.(*TUI).safeGo in goroutine 1
	/home/runner/work/initech/initech/internal/tui/crash.go:18 +0x68

goroutine 9 [syscall, 366 minutes]:
syscall.syscall(0x1400058cdc8?, 0x1010ade24?, 0x800000?, 0x7ffff800000?)
	/opt/hostedtoolcache/go/1.25.0/x64/src/runtime/sys_darwin.go:27 +0x40
syscall.read(0x140000102a0?, {0x14000658000?, 0x1400058ce08?, 0x101495d4c?})
	/opt/hostedtoolcache/go/1.25.0/x64/src/syscall/zsyscall_darwin_arm64.go:1245 +0x48
syscall.Read(...)
	/opt/hostedtoolcache/go/1.25.0/x64/src/syscall/syscall_unix.go:183
internal/poll.ignoringEINTRIO(...)
	/opt/hostedtoolcache/go/1.25.0/x64/src/internal/poll/fd_unix.go:738
internal/poll.(*FD).Read(0x140000102a0, {0x14000658000, 0x8000, 0x8000})
	/opt/hostedtoolcache/go/1.25.0/x64/src/internal/poll/fd_unix.go:161 +0x204
os.(*File).read(...)
	/opt/hostedtoolcache/go/1.25.0/x64/src/os/file_posix.go:29
os.(*File).Read(0x1400007e328, {0x14000658000?, 0x246?, 0x8000?})
	/opt/hostedtoolcache/go/1.25.0/x64/src/os/file.go:144 +0x68
github.com/nmelo/initech/internal/tui.(*Pane).readLoop(0x14000249888)
	/home/runner/work/initech/initech/internal/tui/pane.go:405 +0x5c
github.com/nmelo/initech/internal/tui.(*Pane).Start.func2()
	/home/runner/work/initech/initech/internal/tui/pane.go:395 +0x4c
github.com/nmelo/initech/internal/tui.(*TUI).safeGo.func1()
	/home/runner/work/initech/initech/internal/tui/crash.go:34 +0x4c
created by github.com/nmelo/initech/internal/tui.(*TUI).safeGo in goroutine 1
	/home/runner/work/initech/initech/internal/tui/crash.go:18 +0x68

goroutine 10 [select, 394 minutes]:
io.(*pipe).read(0x14000010240, {0x14000706e50, 0x100, 0x0?})
	/opt/hostedtoolcache/go/1.25.0/x64/src/io/pipe.go:57 +0x7c
io.(*PipeReader).Read(...)
	/opt/hostedtoolcache/go/1.25.0/x64/src/io/pipe.go:134
github.com/charmbracelet/x/vt.(*Emulator).Read(0x1400007e328?, {0x14000706e50?, 0x1?, 0x0?})
	/home/runner/go/pkg/mod/github.com/nmelo/x/vt@v0.0.0-20260402173550-246f6ae86935/emulator.go:256 +0x54
github.com/charmbracelet/x/vt.(*SafeEmulator).Read(...)
	/home/runner/go/pkg/mod/github.com/nmelo/x/vt@v0.0.0-20260402173550-246f6ae86935/safe_emulator.go:34
github.com/nmelo/initech/internal/tui.(*Pane).responseLoop(0x14000249888)
	/home/runner/work/initech/initech/internal/tui/pane.go:468 +0x5c
github.com/nmelo/initech/internal/tui.(*Pane).Start.func3()
	/home/runner/work/initech/initech/internal/tui/pane.go:396 +0x4c
github.com/nmelo/initech/internal/tui.(*TUI).safeGo.func1()
	/home/runner/work/initech/initech/internal/tui/crash.go:34 +0x4c
created by github.com/nmelo/initech/internal/tui.(*TUI).safeGo in goroutine 1
	/home/runner/work/initech/initech/internal/tui/crash.go:18 +0x68

goroutine 11 [chan receive]:
github.com/nmelo/initech/internal/tui.(*Pane).watchJSONL(0x14000249888)
	/home/runner/work/initech/initech/internal/tui/pane_journal.go:30 +0x9c
github.com/nmelo/initech/internal/tui.(*Pane).Start.func4()
	/home/runner/work/initech/initech/internal/tui/pane.go:398 +0x4c
github.com/nmelo/initech/internal/tui.(*TUI).safeGo.func1()
	/home/runner/work/initech/initech/internal/tui/crash.go:34 +0x4c
created by github.com/nmelo/initech/internal/tui.(*TUI).safeGo in goroutine 1
	/home/runner/work/initech/initech/internal/tui/crash.go:18 +0x68

goroutine 24 [syscall, 311 minutes]:
syscall.syscall(0x1400058adc8?, 0x1010ade24?, 0x800000?, 0x7ffff800000?)
	/opt/hostedtoolcache/go/1.25.0/x64/src/runtime/sys_darwin.go:27 +0x40
syscall.read(0x140000ac420?, {0x140002ba000?, 0x1400058ae08?, 0x101495d4c?})
	/opt/hostedtoolcache/go/1.25.0/x64/src/syscall/zsyscall_darwin_arm64.go:1245 +0x48
syscall.Read(...)
	/opt/hostedtoolcache/go/1.25.0/x64/src/syscall/syscall_unix.go:183
internal/poll.ignoringEINTRIO(...)
	/opt/hostedtoolcache/go/1.25.0/x64/src/internal/poll/fd_unix.go:738
internal/poll.(*FD).Read(0x140000ac420, {0x140002ba000, 0x8000, 0x8000})
	/opt/hostedtoolcache/go/1.25.0/x64/src/internal/poll/fd_unix.go:161 +0x204
os.(*File).read(...)
	/opt/hostedtoolcache/go/1.25.0/x64/src/os/file_posix.go:29
os.(*File).Read(0x140000b01b8, {0x140002ba000?, 0xa3?, 0x8000?})
	/opt/hostedtoolcache/go/1.25.0/x64/src/os/file.go:144 +0x68
github.com/nmelo/initech/internal/tui.(*Pane).readLoop(0x14000136008)
	/home/runner/work/initech/initech/internal/tui/pane.go:405 +0x5c
github.com/nmelo/initech/internal/tui.(*Pane).Start.func2()
	/home/runner/work/initech/initech/internal/tui/pane.go:395 +0x4c
github.com/nmelo/initech/internal/tui.(*TUI).safeGo.func1()
	/home/runner/work/initech/initech/internal/tui/crash.go:34 +0x4c
created by github.com/nmelo/initech/internal/tui.(*TUI).safeGo in goroutine 1
	/home/runner/work/initech/initech/internal/tui/crash.go:18 +0x68

goroutine 25 [select, 393 minutes]:
io.(*pipe).read(0x14000010360, {0x1400058ee50, 0x100, 0x0?})
	/opt/hostedtoolcache/go/1.25.0/x64/src/io/pipe.go:57 +0x7c
io.(*PipeReader).Read(...)
	/opt/hostedtoolcache/go/1.25.0/x64/src/io/pipe.go:134
github.com/charmbracelet/x/vt.(*Emulator).Read(0x140000b01b8?, {0x1400058ee50?, 0x1?, 0x0?})
	/home/runner/go/pkg/mod/github.com/nmelo/x/vt@v0.0.0-20260402173550-246f6ae86935/emulator.go:256 +0x54
github.com/charmbracelet/x/vt.(*SafeEmulator).Read(...)
	/home/runner/go/pkg/mod/github.com/nmelo/x/vt@v0.0.0-20260402173550-246f6ae86935/safe_emulator.go:34
github.com/nmelo/initech/internal/tui.(*Pane).responseLoop(0x14000136008)
	/home/runner/work/initech/initech/internal/tui/pane.go:468 +0x5c
github.com/nmelo/initech/internal/tui.(*Pane).Start.func3()
	/home/runner/work/initech/initech/internal/tui/pane.go:396 +0x4c
github.com/nmelo/initech/internal/tui.(*TUI).safeGo.func1()
	/home/runner/work/initech/initech/internal/tui/crash.go:34 +0x4c
created by github.com/nmelo/initech/internal/tui.(*TUI).safeGo in goroutine 1
	/home/runner/work/initech/initech/internal/tui/crash.go:18 +0x68

goroutine 26 [chan receive]:
github.com/nmelo/initech/internal/tui.(*Pane).watchJSONL(0x14000136008)
	/home/runner/work/initech/initech/internal/tui/pane_journal.go:30 +0x9c
github.com/nmelo/initech/internal/tui.(*Pane).Start.func4()
	/home/runner/work/initech/initech/internal/tui/pane.go:398 +0x4c
github.com/nmelo/initech/internal/tui.(*TUI).safeGo.func1()
	/home/runner/work/initech/initech/internal/tui/crash.go:34 +0x4c
created by github.com/nmelo/initech/internal/tui.(*TUI).safeGo in goroutine 1
	/home/runner/work/initech/initech/internal/tui/crash.go:18 +0x68

goroutine 27 [syscall, 366 minutes]:
syscall.syscall(0x14001355dc8?, 0x1010ade24?, 0x800000?, 0x7ffff800000?)
	/opt/hostedtoolcache/go/1.25.0/x64/src/runtime/sys_darwin.go:27 +0x40
syscall.read(0x140000ac540?, {0x140017fc000?, 0x12?, 0x5e?})
	/opt/hostedtoolcache/go/1.25.0/x64/src/syscall/zsyscall_darwin_arm64.go:1245 +0x48
syscall.Read(...)
	/opt/hostedtoolcache/go/1.25.0/x64/src/syscall/syscall_unix.go:183
internal/poll.ignoringEINTRIO(...)
	/opt/hostedtoolcache/go/1.25.0/x64/src/internal/poll/fd_unix.go:738
internal/poll.(*FD).Read(0x140000ac540, {0x140017fc000, 0x8000, 0x8000})
	/opt/hostedtoolcache/go/1.25.0/x64/src/internal/poll/fd_unix.go:161 +0x204
os.(*File).read(...)
	/opt/hostedtoolcache/go/1.25.0/x64/src/os/file_posix.go:29
os.(*File).Read(0x140000b04d0, {0x140017fc000?, 0x8?, 0x8000?})
	/opt/hostedtoolcache/go/1.25.0/x64/src/os/file.go:144 +0x68
github.com/nmelo/initech/internal/tui.(*Pane).readLoop(0x14000137188)
	/home/runner/work/initech/initech/internal/tui/pane.go:405 +0x5c
github.com/nmelo/initech/internal/tui.(*Pane).Start.func2()
	/home/runner/work/initech/initech/internal/tui/pane.go:395 +0x4c
github.com/nmelo/initech/internal/tui.(*TUI).safeGo.func1()
	/home/runner/work/initech/initech/internal/tui/crash.go:34 +0x4c
created by github.com/nmelo/initech/internal/tui.(*TUI).safeGo in goroutine 1
	/home/runner/work/initech/initech/internal/tui/crash.go:18 +0x68

goroutine 28 [select, 366 minutes]:
io.(*pipe).read(0x140000ac4e0, {0x1400058fe50, 0x100, 0x0?})
	/opt/hostedtoolcache/go/1.25.0/x64/src/io/pipe.go:57 +0x7c
io.(*PipeReader).Read(...)
	/opt/hostedtoolcache/go/1.25.0/x64/src/io/pipe.go:134
github.com/charmbracelet/x/vt.(*Emulator).Read(0x140000b04d0?, {0x1400058fe50?, 0x7?, 0x100?})
	/home/runner/go/pkg/mod/github.com/nmelo/x/vt@v0.0.0-20260402173550-246f6ae86935/emulator.go:256 +0x54
github.com/charmbracelet/x/vt.(*SafeEmulator).Read(...)
	/home/runner/go/pkg/mod/github.com/nmelo/x/vt@v0.0.0-20260402173550-246f6ae86935/safe_emulator.go:34
github.com/nmelo/initech/internal/tui.(*Pane).responseLoop(0x14000137188)
	/home/runner/work/initech/initech/internal/tui/pane.go:468 +0x5c
github.com/nmelo/initech/internal/tui.(*Pane).Start.func3()
	/home/runner/work/initech/initech/internal/tui/pane.go:396 +0x4c
github.com/nmelo/initech/internal/tui.(*TUI).safeGo.func1()
	/home/runner/work/initech/initech/internal/tui/crash.go:34 +0x4c
created by github.com/nmelo/initech/internal/tui.(*TUI).safeGo in goroutine 1
	/home/runner/work/initech/initech/internal/tui/crash.go:18 +0x68

goroutine 29 [chan receive]:
github.com/nmelo/initech/internal/tui.(*Pane).watchJSONL(0x14000137188)
	/home/runner/work/initech/initech/internal/tui/pane_journal.go:30 +0x9c
github.com/nmelo/initech/internal/tui.(*Pane).Start.func4()
	/home/runner/work/initech/initech/internal/tui/pane.go:398 +0x4c
github.com/nmelo/initech/internal/tui.(*TUI).safeGo.func1()
	/home/runner/work/initech/initech/internal/tui/crash.go:34 +0x4c
created by github.com/nmelo/initech/internal/tui.(*TUI).safeGo in goroutine 1
	/home/runner/work/initech/initech/internal/tui/crash.go:18 +0x68

goroutine 30 [syscall, 366 minutes]:
syscall.syscall(0x14001352dc8?, 0x1010ade24?, 0x800000?, 0x7ffff800000?)
	/opt/hostedtoolcache/go/1.25.0/x64/src/runtime/sys_darwin.go:27 +0x40
syscall.read(0x140000ac660?, {0x14001cf0000?, 0x14001352e08?, 0x101495d4c?})
	/opt/hostedtoolcache/go/1.25.0/x64/src/syscall/zsyscall_darwin_arm64.go:1245 +0x48
syscall.Read(...)
	/opt/hostedtoolcache/go/1.25.0/x64/src/syscall/syscall_unix.go:183
internal/poll.ignoringEINTRIO(...)
	/opt/hostedtoolcache/go/1.25.0/x64/src/internal/poll/fd_unix.go:738
internal/poll.(*FD).Read(0x140000ac660, {0x14001cf0000, 0x8000, 0x8000})
	/opt/hostedtoolcache/go/1.25.0/x64/src/internal/poll/fd_unix.go:161 +0x204
os.(*File).read(...)
	/opt/hostedtoolcache/go/1.25.0/x64/src/os/file_posix.go:29
os.(*File).Read(0x140000b07e8, {0x14001cf0000?, 0x23d?, 0x8000?})
	/opt/hostedtoolcache/go/1.25.0/x64/src/os/file.go:144 +0x68
github.com/nmelo/initech/internal/tui.(*Pane).readLoop(0x140002c8008)
	/home/runner/work/initech/initech/internal/tui/pane.go:405 +0x5c
github.com/nmelo/initech/internal/tui.(*Pane).Start.func2()
	/home/runner/work/initech/initech/internal/tui/pane.go:395 +0x4c
github.com/nmelo/initech/internal/tui.(*TUI).safeGo.func1()
	/home/runner/work/initech/initech/internal/tui/crash.go:34 +0x4c
created by github.com/nmelo/initech/internal/tui.(*TUI).safeGo in goroutine 1
	/home/runner/work/initech/initech/internal/tui/crash.go:18 +0x68

goroutine 31 [select, 961 minutes]:
io.(*pipe).read(0x140000ac600, {0x14000702e50, 0x100, 0x0?})
	/opt/hostedtoolcache/go/1.25.0/x64/src/io/pipe.go:57 +0x7c
io.(*PipeReader).Read(...)
	/opt/hostedtoolcache/go/1.25.0/x64/src/io/pipe.go:134
github.com/charmbracelet/x/vt.(*Emulator).Read(0x140000b07e8?, {0x14000702e50?, 0x1?, 0x0?})
	/home/runner/go/pkg/mod/github.com/nmelo/x/vt@v0.0.0-20260402173550-246f6ae86935/emulator.go:256 +0x54
github.com/charmbracelet/x/vt.(*SafeEmulator).Read(...)
	/home/runner/go/pkg/mod/github.com/nmelo/x/vt@v0.0.0-20260402173550-246f6ae86935/safe_emulator.go:34
github.com/nmelo/initech/internal/tui.(*Pane).responseLoop(0x140002c8008)
	/home/runner/work/initech/initech/internal/tui/pane.go:468 +0x5c
github.com/nmelo/initech/internal/tui.(*Pane).Start.func3()
	/home/runner/work/initech/initech/internal/tui/pane.go:396 +0x4c
github.com/nmelo/initech/internal/tui.(*TUI).safeGo.func1()
	/home/runner/work/initech/initech/internal/tui/crash.go:34 +0x4c
created by github.com/nmelo/initech/internal/tui.(*TUI).safeGo in goroutine 1
	/home/runner/work/initech/initech/internal/tui/crash.go:18 +0x68

goroutine 32 [chan receive]:
github.com/nmelo/initech/internal/tui.(*Pane).watchJSONL(0x140002c8008)
	/home/runner/work/initech/initech/internal/tui/pane_journal.go:30 +0x9c
github.com/nmelo/initech/internal/tui.(*Pane).Start.func4()
	/home/runner/work/initech/initech/internal/tui/pane.go:398 +0x4c
github.com/nmelo/initech/internal/tui.(*TUI).safeGo.func1()
	/home/runner/work/initech/initech/internal/tui/crash.go:34 +0x4c
created by github.com/nmelo/initech/internal/tui.(*TUI).safeGo in goroutine 1
	/home/runner/work/initech/initech/internal/tui/crash.go:18 +0x68

goroutine 99 [syscall]:
syscall.syscall6(0x9001010b388000?, 0x129869198?, 0x102376210?, 0x90?, 0x14000099808?, 0x1400b496000?, 0x14003783cf8?)
	/opt/hostedtoolcache/go/1.25.0/x64/src/runtime/sys_darwin.go:60 +0x40
syscall.wait4(0x14003783d28?, 0x1010b648c?, 0x90?, 0x101b33220?)
	/opt/hostedtoolcache/go/1.25.0/x64/src/syscall/zsyscall_darwin_arm64.go:44 +0x4c
syscall.Wait4(0x1400026e3f0?, 0x14003783d64, 0x1400b388000?, 0x1400026e380?)
	/opt/hostedtoolcache/go/1.25.0/x64/src/syscall/syscall_bsd.go:144 +0x28
os.(*Process).pidWait.func1(...)
	/opt/hostedtoolcache/go/1.25.0/x64/src/os/exec_unix.go:64
os.ignoringEINTR2[...](...)
	/opt/hostedtoolcache/go/1.25.0/x64/src/os/file_posix.go:266
os.(*Process).pidWait(0x1400b48a080)
	/opt/hostedtoolcache/go/1.25.0/x64/src/os/exec_unix.go:63 +0x9c
os.(*Process).wait(0x1023758a0?)
	/opt/hostedtoolcache/go/1.25.0/x64/src/os/exec_unix.go:28 +0x24
os.(*Process).Wait(...)
	/opt/hostedtoolcache/go/1.25.0/x64/src/os/exec.go:340
os/exec.(*Cmd).Wait(0x1400066c480)
	/opt/hostedtoolcache/go/1.25.0/x64/src/os/exec/exec.go:922 +0x38
os/exec.(*Cmd).Run(0x1400066c480)
	/opt/hostedtoolcache/go/1.25.0/x64/src/os/exec/exec.go:626 +0x38
os/exec.(*Cmd).Output(0x1400066c480)
	/opt/hostedtoolcache/go/1.25.0/x64/src/os/exec/exec.go:1018 +0xb4
github.com/nmelo/initech/internal/tui.readBattery()
	/home/runner/work/initech/initech/internal/tui/battery_darwin.go:19 +0x5c
github.com/nmelo/initech/internal/tui.(*TUI).startBatteryPoller.func1()
	/home/runner/work/initech/initech/internal/tui/poll.go:95 +0xc0
github.com/nmelo/initech/internal/tui.(*TUI).safeGo.func1()
	/home/runner/work/initech/initech/internal/tui/crash.go:34 +0x4c
created by github.com/nmelo/initech/internal/tui.(*TUI).safeGo in goroutine 1
	/home/runner/work/initech/initech/internal/tui/crash.go:18 +0x68

goroutine 100 [select, 334 minutes]:
github.com/gdamore/tcell/v2.(*baseScreen).PollEvent(0x1400027e850)
	/home/runner/go/pkg/mod/github.com/gdamore/tcell/v2@v2.13.8/screen.go:511 +0x74
github.com/nmelo/initech/internal/tui.Run.func15()
	/home/runner/work/initech/initech/internal/tui/tui.go:927 +0x50
github.com/nmelo/initech/internal/tui.(*TUI).safeGo.func1()
	/home/runner/work/initech/initech/internal/tui/crash.go:34 +0x4c
created by github.com/nmelo/initech/internal/tui.(*TUI).safeGo in goroutine 1
	/home/runner/work/initech/initech/internal/tui/crash.go:18 +0x68

goroutine 3873 [runnable]:
os/exec.(*Cmd).Start.gowrap1()
	/opt/hostedtoolcache/go/1.25.0/x64/src/os/exec/exec.go:748
runtime.goexit({})
	/opt/hostedtoolcache/go/1.25.0/x64/src/runtime/asm_arm64.s:1268 +0x4
created by os/exec.(*Cmd).Start in goroutine 99
	/opt/hostedtoolcache/go/1.25.0/x64/src/os/exec/exec.go:748 +0x6a4

goroutine 3874 [runnable]:
os/exec.(*Cmd).Start.gowrap1()
	/opt/hostedtoolcache/go/1.25.0/x64/src/os/exec/exec.go:748
runtime.goexit({})
	/opt/hostedtoolcache/go/1.25.0/x64/src/runtime/asm_arm64.s:1268 +0x4
created by os/exec.(*Cmd).Start in goroutine 99
	/opt/hostedtoolcache/go/1.25.0/x64/src/os/exec/exec.go:748 +0x6a4

=== RENDER WATCHDOG ===
Time:      2026-04-30T08:08:54+08:00
Version:   1.17.17
Go:        go1.25.0
Stale for: 12s
Diagnosis: No render completed in 12s. Main loop is likely blocked.

--- All Goroutine Stacks ---
goroutine 102 [running]:
github.com/nmelo/initech/internal/tui.dumpWatchdogStacks({0x1400012e870, 0x18}, {0x101898230, 0x7}, 0x2bb95db58)
	/home/runner/work/initech/initech/internal/tui/watchdog.go:51 +0x5c
github.com/nmelo/initech/internal/tui.renderWatchdog(0x1400024e3e8, 0x2540be400, {0x1400012e870, 0x18}, {0x101898230, 0x7}, 0x1400007c070)
	/home/runner/work/initech/initech/internal/tui/watchdog.go:35 +0x158
created by github.com/nmelo/initech/internal/tui.Run in goroutine 1
	/home/runner/work/initech/initech/internal/tui/tui.go:946 +0x2408

goroutine 1 [syscall]:
syscall.syscall(0x1400004c638?, 0x1010af71c?, 0x80000000000?, 0x7ffff80000000000?)
	/opt/hostedtoolcache/go/1.25.0/x64/src/runtime/sys_darwin.go:27 +0x40
syscall.write(0x14000130120?, {0x14003d12000?, 0x1400004c6a8?, 0x6?})
	/opt/hostedtoolcache/go/1.25.0/x64/src/syscall/zsyscall_darwin_arm64.go:1709 +0x48
syscall.Write(...)
	/opt/hostedtoolcache/go/1.25.0/x64/src/syscall/syscall_unix.go:211
internal/poll.ignoringEINTRIO(...)
	/opt/hostedtoolcache/go/1.25.0/x64/src/internal/poll/fd_unix.go:738
internal/poll.(*FD).Write(0x14000130120, {0x14003d12000, 0x674b, 0x10000})
	/opt/hostedtoolcache/go/1.25.0/x64/src/internal/poll/fd_unix.go:374 +0x2b4
os.(*File).write(...)
	/opt/hostedtoolcache/go/1.25.0/x64/src/os/file_posix.go:46
os.(*File).Write(0x1400011a0d0, {0x14003d12000?, 0x674b, 0x101143740?})
	/opt/hostedtoolcache/go/1.25.0/x64/src/os/file.go:215 +0x54
github.com/gdamore/tcell/v2.(*devTty).Write(0x10189ded8?, {0x14003d12000?, 0x10189e2f0?, 0x10173dc2e?})
	/home/runner/go/pkg/mod/github.com/gdamore/tcell/v2@v2.13.8/tty_unix.go:53 +0x24
bytes.(*Buffer).WriteTo(0x1400020f068, {0x1291e4800?, 0x14000130a80?})
	/opt/hostedtoolcache/go/1.25.0/x64/src/bytes/buffer.go:267 +0x70
github.com/gdamore/tcell/v2.(*tScreen).draw(0x1400020f008)
	/home/runner/go/pkg/mod/github.com/gdamore/tcell/v2@v2.13.8/tscreen.go:787 +0x160
github.com/gdamore/tcell/v2.(*tScreen).Show(0x1400020f008)
	/home/runner/go/pkg/mod/github.com/gdamore/tcell/v2@v2.13.8/tscreen.go:714 +0x9c
github.com/nmelo/initech/internal/tui.(*TUI).render(0x1400024e008)
	/home/runner/work/initech/initech/internal/tui/render.go:119 +0x884
github.com/nmelo/initech/internal/tui.Run({{0x14000199188, 0x5, 0x5}, {0x1400024cc30, 0xa}, {0x1400012e870, 0x18}, 0x0, 0x0, {0x101898230, ...}, ...})
	/home/runner/work/initech/initech/internal/tui/tui.go:998 +0x27c8
github.com/nmelo/initech/cmd.runTUI(0x10221a520, {0x101738f61?, 0x4?, 0x101739029?})
	/home/runner/work/initech/initech/cmd/root.go:286 +0x820
github.com/spf13/cobra.(*Command).execute(0x10221a520, {0x14000124040, 0x0, 0x0})
	/home/runner/go/pkg/mod/github.com/spf13/cobra@v1.10.2/command.go:1015 +0x7d4
github.com/spf13/cobra.(*Command).ExecuteC(0x10221a520)
	/home/runner/go/pkg/mod/github.com/spf13/cobra@v1.10.2/command.go:1148 +0x350
github.com/spf13/cobra.(*Command).Execute(...)
	/home/runner/go/pkg/mod/github.com/spf13/cobra@v1.10.2/command.go:1071
github.com/nmelo/initech/cmd.init.func4()
	/home/runner/work/initech/initech/cmd/root.go:41 +0x24
github.com/nmelo/initech/cmd.Execute()
	/home/runner/work/initech/initech/cmd/root.go:134 +0x28
main.main()
	/home/runner/work/initech/initech/main.go:7 +0x1c

goroutine 19 [select, 373 minutes]:
github.com/gdamore/tcell/v2.(*devTty).Start.func1(0x1400010c0e0)
	/home/runner/go/pkg/mod/github.com/gdamore/tcell/v2@v2.13.8/tty_unix.go:94 +0x8c
created by github.com/gdamore/tcell/v2.(*devTty).Start in goroutine 1
	/home/runner/go/pkg/mod/github.com/gdamore/tcell/v2@v2.13.8/tty_unix.go:91 +0x20c

goroutine 3 [syscall, 373 minutes]:
os/signal.signal_recv()
	/opt/hostedtoolcache/go/1.25.0/x64/src/runtime/sigqueue.go:149 +0x2c
os/signal.loop()
	/opt/hostedtoolcache/go/1.25.0/x64/src/os/signal/signal_unix.go:23 +0x1c
created by os/signal.Notify.func1.1 in goroutine 1
	/opt/hostedtoolcache/go/1.25.0/x64/src/os/signal/signal.go:152 +0x28

goroutine 4 [syscall, 341 minutes]:
syscall.syscall(0x14000107598?, 0x1010ade24?, 0x800000?, 0x7ffff800000?)
	/opt/hostedtoolcache/go/1.25.0/x64/src/runtime/sys_darwin.go:27 +0x40
syscall.read(0x14000130120?, {0x1400c98c680?, 0x14000107608?, 0x100fcb838?})
	/opt/hostedtoolcache/go/1.25.0/x64/src/syscall/zsyscall_darwin_arm64.go:1245 +0x48
syscall.Read(...)
	/opt/hostedtoolcache/go/1.25.0/x64/src/syscall/syscall_unix.go:183
internal/poll.ignoringEINTRIO(...)
	/opt/hostedtoolcache/go/1.25.0/x64/src/internal/poll/fd_unix.go:738
internal/poll.(*FD).Read(0x14000130120, {0x1400c98c680, 0x80, 0x80})
	/opt/hostedtoolcache/go/1.25.0/x64/src/internal/poll/fd_unix.go:161 +0x204
os.(*File).read(...)
	/opt/hostedtoolcache/go/1.25.0/x64/src/os/file_posix.go:29
os.(*File).Read(0x1400011a0d0, {0x1400c98c680?, 0x14000107601?, 0x1011413f8?})
	/opt/hostedtoolcache/go/1.25.0/x64/src/os/file.go:144 +0x68
github.com/gdamore/tcell/v2.(*devTty).Read(0x0?, {0x1400c98c680?, 0x80?, 0x80?})
	/home/runner/go/pkg/mod/github.com/gdamore/tcell/v2@v2.13.8/tty_unix.go:49 +0x24
github.com/gdamore/tcell/v2.(*tScreen).inputLoop(0x1400020f008, 0x1400007c000)
	/home/runner/go/pkg/mod/github.com/gdamore/tcell/v2@v2.13.8/tscreen.go:1051 +0xa4
created by github.com/gdamore/tcell/v2.(*tScreen).engage in goroutine 1
	/home/runner/go/pkg/mod/github.com/gdamore/tcell/v2@v2.13.8/tscreen.go:1211 +0x374

goroutine 5 [select, 341 minutes]:
github.com/gdamore/tcell/v2.(*tScreen).mainLoop(0x1400020f008, 0x1400007c000)
	/home/runner/go/pkg/mod/github.com/gdamore/tcell/v2@v2.13.8/tscreen.go:1020 +0xbc
created by github.com/gdamore/tcell/v2.(*tScreen).engage in goroutine 1
	/home/runner/go/pkg/mod/github.com/gdamore/tcell/v2@v2.13.8/tscreen.go:1212 +0x3bc

goroutine 21 [chan receive, 1794 minutes]:
github.com/nmelo/initech/internal/tui.installSignalHandlers.func1()
	/home/runner/work/initech/initech/internal/tui/signals.go:55 +0x4c
created by github.com/nmelo/initech/internal/tui.installSignalHandlers in goroutine 1
	/home/runner/work/initech/initech/internal/tui/signals.go:54 +0x11c

goroutine 22 [chan receive, 1794 minutes]:
github.com/nmelo/initech/internal/telemetry.(*Client).sender(0x140001902a0)
	/home/runner/work/initech/initech/internal/telemetry/telemetry.go:126 +0xcc
created by github.com/nmelo/initech/internal/telemetry.Init in goroutine 1
	/home/runner/work/initech/initech/internal/telemetry/telemetry.go:62 +0x134

goroutine 23 [IO wait, 386 minutes]:
internal/poll.runtime_pollWait(0x1290aa400, 0x72)
	/opt/hostedtoolcache/go/1.25.0/x64/src/runtime/netpoll.go:351 +0xa0
internal/poll.(*pollDesc).wait(0x140000d8000?, 0x14006dfc780?, 0x0)
	/opt/hostedtoolcache/go/1.25.0/x64/src/internal/poll/fd_poll_runtime.go:84 +0x28
internal/poll.(*pollDesc).waitRead(...)
	/opt/hostedtoolcache/go/1.25.0/x64/src/internal/poll/fd_poll_runtime.go:89
internal/poll.(*FD).Accept(0x140000d8000)
	/opt/hostedtoolcache/go/1.25.0/x64/src/internal/poll/fd_unix.go:613 +0x21c
net.(*netFD).accept(0x140000d8000)
	/opt/hostedtoolcache/go/1.25.0/x64/src/net/fd_unix.go:161 +0x28
net.(*UnixListener).accept(0x14003780f48?)
	/opt/hostedtoolcache/go/1.25.0/x64/src/net/unixsock_posix.go:172 +0x20
net.(*UnixListener).Accept(0x14000270b40)
	/opt/hostedtoolcache/go/1.25.0/x64/src/net/unixsock.go:260 +0x2c
github.com/nmelo/initech/internal/tui.(*TUI).startIPC.func1()
	/home/runner/work/initech/initech/internal/tui/ipc.go:85 +0x58
github.com/nmelo/initech/internal/tui.(*TUI).safeGo.func1()
	/home/runner/work/initech/initech/internal/tui/crash.go:34 +0x4c
created by github.com/nmelo/initech/internal/tui.(*TUI).safeGo in goroutine 1
	/home/runner/work/initech/initech/internal/tui/crash.go:18 +0x68

goroutine 6 [syscall, 265 minutes]:
syscall.syscall(0x1400058bdc8?, 0x1010ade24?, 0x800000?, 0x7ffff800000?)
	/opt/hostedtoolcache/go/1.25.0/x64/src/runtime/sys_darwin.go:27 +0x40
syscall.read(0x14000010060?, {0x140002d4000?, 0x1400058be08?, 0x101495d4c?})
	/opt/hostedtoolcache/go/1.25.0/x64/src/syscall/zsyscall_darwin_arm64.go:1245 +0x48
syscall.Read(...)
	/opt/hostedtoolcache/go/1.25.0/x64/src/syscall/syscall_unix.go:183
internal/poll.ignoringEINTRIO(...)
	/opt/hostedtoolcache/go/1.25.0/x64/src/internal/poll/fd_unix.go:738
internal/poll.(*FD).Read(0x14000010060, {0x140002d4000, 0x8000, 0x8000})
	/opt/hostedtoolcache/go/1.25.0/x64/src/internal/poll/fd_unix.go:161 +0x204
os.(*File).read(...)
	/opt/hostedtoolcache/go/1.25.0/x64/src/os/file_posix.go:29
os.(*File).Read(0x1400007e000, {0x140002d4000?, 0xa3?, 0x8000?})
	/opt/hostedtoolcache/go/1.25.0/x64/src/os/file.go:144 +0x68
github.com/nmelo/initech/internal/tui.(*Pane).readLoop(0x14000249188)
	/home/runner/work/initech/initech/internal/tui/pane.go:405 +0x5c
github.com/nmelo/initech/internal/tui.(*Pane).Start.func2()
	/home/runner/work/initech/initech/internal/tui/pane.go:395 +0x4c
github.com/nmelo/initech/internal/tui.(*TUI).safeGo.func1()
	/home/runner/work/initech/initech/internal/tui/crash.go:34 +0x4c
created by github.com/nmelo/initech/internal/tui.(*TUI).safeGo in goroutine 1
	/home/runner/work/initech/initech/internal/tui/crash.go:18 +0x68

goroutine 7 [select, 341 minutes]:
io.(*pipe).read(0x14000130c00, {0x14000705e50, 0x100, 0x0?})
	/opt/hostedtoolcache/go/1.25.0/x64/src/io/pipe.go:57 +0x7c
io.(*PipeReader).Read(...)
	/opt/hostedtoolcache/go/1.25.0/x64/src/io/pipe.go:134
github.com/charmbracelet/x/vt.(*Emulator).Read(0x1400007e000?, {0x14000705e50?, 0x1?, 0x100?})
	/home/runner/go/pkg/mod/github.com/nmelo/x/vt@v0.0.0-20260402173550-246f6ae86935/emulator.go:256 +0x54
github.com/charmbracelet/x/vt.(*SafeEmulator).Read(...)
	/home/runner/go/pkg/mod/github.com/nmelo/x/vt@v0.0.0-20260402173550-246f6ae86935/safe_emulator.go:34
github.com/nmelo/initech/internal/tui.(*Pane).responseLoop(0x14000249188)
	/home/runner/work/initech/initech/internal/tui/pane.go:468 +0x5c
github.com/nmelo/initech/internal/tui.(*Pane).Start.func3()
	/home/runner/work/initech/initech/internal/tui/pane.go:396 +0x4c
github.com/nmelo/initech/internal/tui.(*TUI).safeGo.func1()
	/home/runner/work/initech/initech/internal/tui/crash.go:34 +0x4c
created by github.com/nmelo/initech/internal/tui.(*TUI).safeGo in goroutine 1
	/home/runner/work/initech/initech/internal/tui/crash.go:18 +0x68

goroutine 8 [chan receive]:
github.com/nmelo/initech/internal/tui.(*Pane).watchJSONL(0x14000249188)
	/home/runner/work/initech/initech/internal/tui/pane_journal.go:30 +0x9c
github.com/nmelo/initech/internal/tui.(*Pane).Start.func4()
	/home/runner/work/initech/initech/internal/tui/pane.go:398 +0x4c
github.com/nmelo/initech/internal/tui.(*TUI).safeGo.func1()
	/home/runner/work/initech/initech/internal/tui/crash.go:34 +0x4c
created by github.com/nmelo/initech/internal/tui.(*TUI).safeGo in goroutine 1
	/home/runner/work/initech/initech/internal/tui/crash.go:18 +0x68

goroutine 9 [syscall, 6 minutes]:
syscall.syscall(0x1400058cdc8?, 0x1010ade24?, 0x800000?, 0x7ffff800000?)
	/opt/hostedtoolcache/go/1.25.0/x64/src/runtime/sys_darwin.go:27 +0x40
syscall.read(0x140000102a0?, {0x14000658000?, 0x140000021c0?, 0x7?})
	/opt/hostedtoolcache/go/1.25.0/x64/src/syscall/zsyscall_darwin_arm64.go:1245 +0x48
syscall.Read(...)
	/opt/hostedtoolcache/go/1.25.0/x64/src/syscall/syscall_unix.go:183
internal/poll.ignoringEINTRIO(...)
	/opt/hostedtoolcache/go/1.25.0/x64/src/internal/poll/fd_unix.go:738
internal/poll.(*FD).Read(0x140000102a0, {0x14000658000, 0x8000, 0x8000})
	/opt/hostedtoolcache/go/1.25.0/x64/src/internal/poll/fd_unix.go:161 +0x204
os.(*File).read(...)
	/opt/hostedtoolcache/go/1.25.0/x64/src/os/file_posix.go:29
os.(*File).Read(0x1400007e328, {0x14000658000?, 0xed?, 0x8000?})
	/opt/hostedtoolcache/go/1.25.0/x64/src/os/file.go:144 +0x68
github.com/nmelo/initech/internal/tui.(*Pane).readLoop(0x14000249888)
	/home/runner/work/initech/initech/internal/tui/pane.go:405 +0x5c
github.com/nmelo/initech/internal/tui.(*Pane).Start.func2()
	/home/runner/work/initech/initech/internal/tui/pane.go:395 +0x4c
github.com/nmelo/initech/internal/tui.(*TUI).safeGo.func1()
	/home/runner/work/initech/initech/internal/tui/crash.go:34 +0x4c
created by github.com/nmelo/initech/internal/tui.(*TUI).safeGo in goroutine 1
	/home/runner/work/initech/initech/internal/tui/crash.go:18 +0x68

goroutine 10 [select, 400 minutes]:
io.(*pipe).read(0x14000010240, {0x14000706e50, 0x100, 0x0?})
	/opt/hostedtoolcache/go/1.25.0/x64/src/io/pipe.go:57 +0x7c
io.(*PipeReader).Read(...)
	/opt/hostedtoolcache/go/1.25.0/x64/src/io/pipe.go:134
github.com/charmbracelet/x/vt.(*Emulator).Read(0x1400007e328?, {0x14000706e50?, 0x1?, 0x0?})
	/home/runner/go/pkg/mod/github.com/nmelo/x/vt@v0.0.0-20260402173550-246f6ae86935/emulator.go:256 +0x54
github.com/charmbracelet/x/vt.(*SafeEmulator).Read(...)
	/home/runner/go/pkg/mod/github.com/nmelo/x/vt@v0.0.0-20260402173550-246f6ae86935/safe_emulator.go:34
github.com/nmelo/initech/internal/tui.(*Pane).responseLoop(0x14000249888)
	/home/runner/work/initech/initech/internal/tui/pane.go:468 +0x5c
github.com/nmelo/initech/internal/tui.(*Pane).Start.func3()
	/home/runner/work/initech/initech/internal/tui/pane.go:396 +0x4c
github.com/nmelo/initech/internal/tui.(*TUI).safeGo.func1()
	/home/runner/work/initech/initech/internal/tui/crash.go:34 +0x4c
created by github.com/nmelo/initech/internal/tui.(*TUI).safeGo in goroutine 1
	/home/runner/work/initech/initech/internal/tui/crash.go:18 +0x68

goroutine 11 [chan receive]:
github.com/nmelo/initech/internal/tui.(*Pane).watchJSONL(0x14000249888)
	/home/runner/work/initech/initech/internal/tui/pane_journal.go:30 +0x9c
github.com/nmelo/initech/internal/tui.(*Pane).Start.func4()
	/home/runner/work/initech/initech/internal/tui/pane.go:398 +0x4c
github.com/nmelo/initech/internal/tui.(*TUI).safeGo.func1()
	/home/runner/work/initech/initech/internal/tui/crash.go:34 +0x4c
created by github.com/nmelo/initech/internal/tui.(*TUI).safeGo in goroutine 1
	/home/runner/work/initech/initech/internal/tui/crash.go:18 +0x68

goroutine 24 [syscall, 318 minutes]:
syscall.syscall(0x1400058adc8?, 0x1010ade24?, 0x800000?, 0x7ffff800000?)
	/opt/hostedtoolcache/go/1.25.0/x64/src/runtime/sys_darwin.go:27 +0x40
syscall.read(0x140000ac420?, {0x140002ba000?, 0x1400058ae08?, 0x101495d4c?})
	/opt/hostedtoolcache/go/1.25.0/x64/src/syscall/zsyscall_darwin_arm64.go:1245 +0x48
syscall.Read(...)
	/opt/hostedtoolcache/go/1.25.0/x64/src/syscall/syscall_unix.go:183
internal/poll.ignoringEINTRIO(...)
	/opt/hostedtoolcache/go/1.25.0/x64/src/internal/poll/fd_unix.go:738
internal/poll.(*FD).Read(0x140000ac420, {0x140002ba000, 0x8000, 0x8000})
	/opt/hostedtoolcache/go/1.25.0/x64/src/internal/poll/fd_unix.go:161 +0x204
os.(*File).read(...)
	/opt/hostedtoolcache/go/1.25.0/x64/src/os/file_posix.go:29
os.(*File).Read(0x140000b01b8, {0x140002ba000?, 0xa3?, 0x8000?})
	/opt/hostedtoolcache/go/1.25.0/x64/src/os/file.go:144 +0x68
github.com/nmelo/initech/internal/tui.(*Pane).readLoop(0x14000136008)
	/home/runner/work/initech/initech/internal/tui/pane.go:405 +0x5c
github.com/nmelo/initech/internal/tui.(*Pane).Start.func2()
	/home/runner/work/initech/initech/internal/tui/pane.go:395 +0x4c
github.com/nmelo/initech/internal/tui.(*TUI).safeGo.func1()
	/home/runner/work/initech/initech/internal/tui/crash.go:34 +0x4c
created by github.com/nmelo/initech/internal/tui.(*TUI).safeGo in goroutine 1
	/home/runner/work/initech/initech/internal/tui/crash.go:18 +0x68

goroutine 25 [select, 400 minutes]:
io.(*pipe).read(0x14000010360, {0x1400058ee50, 0x100, 0x0?})
	/opt/hostedtoolcache/go/1.25.0/x64/src/io/pipe.go:57 +0x7c
io.(*PipeReader).Read(...)
	/opt/hostedtoolcache/go/1.25.0/x64/src/io/pipe.go:134
github.com/charmbracelet/x/vt.(*Emulator).Read(0x140000b01b8?, {0x1400058ee50?, 0x1?, 0x0?})
	/home/runner/go/pkg/mod/github.com/nmelo/x/vt@v0.0.0-20260402173550-246f6ae86935/emulator.go:256 +0x54
github.com/charmbracelet/x/vt.(*SafeEmulator).Read(...)
	/home/runner/go/pkg/mod/github.com/nmelo/x/vt@v0.0.0-20260402173550-246f6ae86935/safe_emulator.go:34
github.com/nmelo/initech/internal/tui.(*Pane).responseLoop(0x14000136008)
	/home/runner/work/initech/initech/internal/tui/pane.go:468 +0x5c
github.com/nmelo/initech/internal/tui.(*Pane).Start.func3()
	/home/runner/work/initech/initech/internal/tui/pane.go:396 +0x4c
github.com/nmelo/initech/internal/tui.(*TUI).safeGo.func1()
	/home/runner/work/initech/initech/internal/tui/crash.go:34 +0x4c
created by github.com/nmelo/initech/internal/tui.(*TUI).safeGo in goroutine 1
	/home/runner/work/initech/initech/internal/tui/crash.go:18 +0x68

goroutine 26 [chan receive]:
github.com/nmelo/initech/internal/tui.(*Pane).watchJSONL(0x14000136008)
	/home/runner/work/initech/initech/internal/tui/pane_journal.go:30 +0x9c
github.com/nmelo/initech/internal/tui.(*Pane).Start.func4()
	/home/runner/work/initech/initech/internal/tui/pane.go:398 +0x4c
github.com/nmelo/initech/internal/tui.(*TUI).safeGo.func1()
	/home/runner/work/initech/initech/internal/tui/crash.go:34 +0x4c
created by github.com/nmelo/initech/internal/tui.(*TUI).safeGo in goroutine 1
	/home/runner/work/initech/initech/internal/tui/crash.go:18 +0x68

goroutine 27 [syscall, 373 minutes]:
syscall.syscall(0x14001355dc8?, 0x1010ade24?, 0x800000?, 0x7ffff800000?)
	/opt/hostedtoolcache/go/1.25.0/x64/src/runtime/sys_darwin.go:27 +0x40
syscall.read(0x140000ac540?, {0x140017fc000?, 0x12?, 0x5e?})
	/opt/hostedtoolcache/go/1.25.0/x64/src/syscall/zsyscall_darwin_arm64.go:1245 +0x48
syscall.Read(...)
	/opt/hostedtoolcache/go/1.25.0/x64/src/syscall/syscall_unix.go:183
internal/poll.ignoringEINTRIO(...)
	/opt/hostedtoolcache/go/1.25.0/x64/src/internal/poll/fd_unix.go:738
internal/poll.(*FD).Read(0x140000ac540, {0x140017fc000, 0x8000, 0x8000})
	/opt/hostedtoolcache/go/1.25.0/x64/src/internal/poll/fd_unix.go:161 +0x204
os.(*File).read(...)
	/opt/hostedtoolcache/go/1.25.0/x64/src/os/file_posix.go:29
os.(*File).Read(0x140000b04d0, {0x140017fc000?, 0x8?, 0x8000?})
	/opt/hostedtoolcache/go/1.25.0/x64/src/os/file.go:144 +0x68
github.com/nmelo/initech/internal/tui.(*Pane).readLoop(0x14000137188)
	/home/runner/work/initech/initech/internal/tui/pane.go:405 +0x5c
github.com/nmelo/initech/internal/tui.(*Pane).Start.func2()
	/home/runner/work/initech/initech/internal/tui/pane.go:395 +0x4c
github.com/nmelo/initech/internal/tui.(*TUI).safeGo.func1()
	/home/runner/work/initech/initech/internal/tui/crash.go:34 +0x4c
created by github.com/nmelo/initech/internal/tui.(*TUI).safeGo in goroutine 1
	/home/runner/work/initech/initech/internal/tui/crash.go:18 +0x68

goroutine 28 [select, 373 minutes]:
io.(*pipe).read(0x140000ac4e0, {0x1400058fe50, 0x100, 0x0?})
	/opt/hostedtoolcache/go/1.25.0/x64/src/io/pipe.go:57 +0x7c
io.(*PipeReader).Read(...)
	/opt/hostedtoolcache/go/1.25.0/x64/src/io/pipe.go:134
github.com/charmbracelet/x/vt.(*Emulator).Read(0x140000b04d0?, {0x1400058fe50?, 0x7?, 0x100?})
	/home/runner/go/pkg/mod/github.com/nmelo/x/vt@v0.0.0-20260402173550-246f6ae86935/emulator.go:256 +0x54
github.com/charmbracelet/x/vt.(*SafeEmulator).Read(...)
	/home/runner/go/pkg/mod/github.com/nmelo/x/vt@v0.0.0-20260402173550-246f6ae86935/safe_emulator.go:34
github.com/nmelo/initech/internal/tui.(*Pane).responseLoop(0x14000137188)
	/home/runner/work/initech/initech/internal/tui/pane.go:468 +0x5c
github.com/nmelo/initech/internal/tui.(*Pane).Start.func3()
	/home/runner/work/initech/initech/internal/tui/pane.go:396 +0x4c
github.com/nmelo/initech/internal/tui.(*TUI).safeGo.func1()
	/home/runner/work/initech/initech/internal/tui/crash.go:34 +0x4c
created by github.com/nmelo/initech/internal/tui.(*TUI).safeGo in goroutine 1
	/home/runner/work/initech/initech/internal/tui/crash.go:18 +0x68

goroutine 29 [chan receive]:
github.com/nmelo/initech/internal/tui.(*Pane).watchJSONL(0x14000137188)
	/home/runner/work/initech/initech/internal/tui/pane_journal.go:30 +0x9c
github.com/nmelo/initech/internal/tui.(*Pane).Start.func4()
	/home/runner/work/initech/initech/internal/tui/pane.go:398 +0x4c
github.com/nmelo/initech/internal/tui.(*TUI).safeGo.func1()
	/home/runner/work/initech/initech/internal/tui/crash.go:34 +0x4c
created by github.com/nmelo/initech/internal/tui.(*TUI).safeGo in goroutine 1
	/home/runner/work/initech/initech/internal/tui/crash.go:18 +0x68

goroutine 30 [syscall, 373 minutes]:
syscall.syscall(0x14001352dc8?, 0x1010ade24?, 0x800000?, 0x7ffff800000?)
	/opt/hostedtoolcache/go/1.25.0/x64/src/runtime/sys_darwin.go:27 +0x40
syscall.read(0x140000ac660?, {0x14001cf0000?, 0x14001352e08?, 0x101495d4c?})
	/opt/hostedtoolcache/go/1.25.0/x64/src/syscall/zsyscall_darwin_arm64.go:1245 +0x48
syscall.Read(...)
	/opt/hostedtoolcache/go/1.25.0/x64/src/syscall/syscall_unix.go:183
internal/poll.ignoringEINTRIO(...)
	/opt/hostedtoolcache/go/1.25.0/x64/src/internal/poll/fd_unix.go:738
internal/poll.(*FD).Read(0x140000ac660, {0x14001cf0000, 0x8000, 0x8000})
	/opt/hostedtoolcache/go/1.25.0/x64/src/internal/poll/fd_unix.go:161 +0x204
os.(*File).read(...)
	/opt/hostedtoolcache/go/1.25.0/x64/src/os/file_posix.go:29
os.(*File).Read(0x140000b07e8, {0x14001cf0000?, 0x23d?, 0x8000?})
	/opt/hostedtoolcache/go/1.25.0/x64/src/os/file.go:144 +0x68
github.com/nmelo/initech/internal/tui.(*Pane).readLoop(0x140002c8008)
	/home/runner/work/initech/initech/internal/tui/pane.go:405 +0x5c
github.com/nmelo/initech/internal/tui.(*Pane).Start.func2()
	/home/runner/work/initech/initech/internal/tui/pane.go:395 +0x4c
github.com/nmelo/initech/internal/tui.(*TUI).safeGo.func1()
	/home/runner/work/initech/initech/internal/tui/crash.go:34 +0x4c
created by github.com/nmelo/initech/internal/tui.(*TUI).safeGo in goroutine 1
	/home/runner/work/initech/initech/internal/tui/crash.go:18 +0x68

goroutine 31 [select, 968 minutes]:
io.(*pipe).read(0x140000ac600, {0x14000702e50, 0x100, 0x0?})
	/opt/hostedtoolcache/go/1.25.0/x64/src/io/pipe.go:57 +0x7c
io.(*PipeReader).Read(...)
	/opt/hostedtoolcache/go/1.25.0/x64/src/io/pipe.go:134
github.com/charmbracelet/x/vt.(*Emulator).Read(0x140000b07e8?, {0x14000702e50?, 0x1?, 0x0?})
	/home/runner/go/pkg/mod/github.com/nmelo/x/vt@v0.0.0-20260402173550-246f6ae86935/emulator.go:256 +0x54
github.com/charmbracelet/x/vt.(*SafeEmulator).Read(...)
	/home/runner/go/pkg/mod/github.com/nmelo/x/vt@v0.0.0-20260402173550-246f6ae86935/safe_emulator.go:34
github.com/nmelo/initech/internal/tui.(*Pane).responseLoop(0x140002c8008)
	/home/runner/work/initech/initech/internal/tui/pane.go:468 +0x5c
github.com/nmelo/initech/internal/tui.(*Pane).Start.func3()
	/home/runner/work/initech/initech/internal/tui/pane.go:396 +0x4c
github.com/nmelo/initech/internal/tui.(*TUI).safeGo.func1()
	/home/runner/work/initech/initech/internal/tui/crash.go:34 +0x4c
created by github.com/nmelo/initech/internal/tui.(*TUI).safeGo in goroutine 1
	/home/runner/work/initech/initech/internal/tui/crash.go:18 +0x68

goroutine 32 [chan receive]:
github.com/nmelo/initech/internal/tui.(*Pane).watchJSONL(0x140002c8008)
	/home/runner/work/initech/initech/internal/tui/pane_journal.go:30 +0x9c
github.com/nmelo/initech/internal/tui.(*Pane).Start.func4()
	/home/runner/work/initech/initech/internal/tui/pane.go:398 +0x4c
github.com/nmelo/initech/internal/tui.(*TUI).safeGo.func1()
	/home/runner/work/initech/initech/internal/tui/crash.go:34 +0x4c
created by github.com/nmelo/initech/internal/tui.(*TUI).safeGo in goroutine 1
	/home/runner/work/initech/initech/internal/tui/crash.go:18 +0x68

goroutine 99 [select]:
github.com/nmelo/initech/internal/tui.(*TUI).startBatteryPoller.func1()
	/home/runner/work/initech/initech/internal/tui/poll.go:93 +0xac
github.com/nmelo/initech/internal/tui.(*TUI).safeGo.func1()
	/home/runner/work/initech/initech/internal/tui/crash.go:34 +0x4c
created by github.com/nmelo/initech/internal/tui.(*TUI).safeGo in goroutine 1
	/home/runner/work/initech/initech/internal/tui/crash.go:18 +0x68

goroutine 100 [select, 341 minutes]:
github.com/gdamore/tcell/v2.(*baseScreen).PollEvent(0x1400027e850)
	/home/runner/go/pkg/mod/github.com/gdamore/tcell/v2@v2.13.8/screen.go:511 +0x74
github.com/nmelo/initech/internal/tui.Run.func15()
	/home/runner/work/initech/initech/internal/tui/tui.go:927 +0x50
github.com/nmelo/initech/internal/tui.(*TUI).safeGo.func1()
	/home/runner/work/initech/initech/internal/tui/crash.go:34 +0x4c
created by github.com/nmelo/initech/internal/tui.(*TUI).safeGo in goroutine 1
	/home/runner/work/initech/initech/internal/tui/crash.go:18 +0x68

=== RENDER WATCHDOG ===
Time:      2026-04-30T08:09:09+08:00
Version:   1.17.17
Go:        go1.25.0
Stale for: 15s
Diagnosis: No render completed in 15s. Main loop is likely blocked.

--- All Goroutine Stacks ---
goroutine 102 [running]:
github.com/nmelo/initech/internal/tui.dumpWatchdogStacks({0x1400012e870, 0x18}, {0x101898230, 0x7}, 0x37dc1ecf8)
	/home/runner/work/initech/initech/internal/tui/watchdog.go:51 +0x5c
github.com/nmelo/initech/internal/tui.renderWatchdog(0x1400024e3e8, 0x2540be400, {0x1400012e870, 0x18}, {0x101898230, 0x7}, 0x1400007c070)
	/home/runner/work/initech/initech/internal/tui/watchdog.go:35 +0x158
created by github.com/nmelo/initech/internal/tui.Run in goroutine 1
	/home/runner/work/initech/initech/internal/tui/tui.go:946 +0x2408

goroutine 1 [syscall]:
syscall.syscall(0x1400004c638?, 0x1010af71c?, 0x80000000000?, 0x7ffff80000000000?)
	/opt/hostedtoolcache/go/1.25.0/x64/src/runtime/sys_darwin.go:27 +0x40
syscall.write(0x14000130120?, {0x14003d12000?, 0x1400004c6a8?, 0x6?})
	/opt/hostedtoolcache/go/1.25.0/x64/src/syscall/zsyscall_darwin_arm64.go:1709 +0x48
syscall.Write(...)
	/opt/hostedtoolcache/go/1.25.0/x64/src/syscall/syscall_unix.go:211
internal/poll.ignoringEINTRIO(...)
	/opt/hostedtoolcache/go/1.25.0/x64/src/internal/poll/fd_unix.go:738
internal/poll.(*FD).Write(0x14000130120, {0x14003d12000, 0x674b, 0x10000})
	/opt/hostedtoolcache/go/1.25.0/x64/src/internal/poll/fd_unix.go:374 +0x2b4
os.(*File).write(...)
	/opt/hostedtoolcache/go/1.25.0/x64/src/os/file_posix.go:46
os.(*File).Write(0x1400011a0d0, {0x14003d12000?, 0x674b, 0x101143740?})
	/opt/hostedtoolcache/go/1.25.0/x64/src/os/file.go:215 +0x54
github.com/gdamore/tcell/v2.(*devTty).Write(0x10189ded8?, {0x14003d12000?, 0x10189e2f0?, 0x10173dc2e?})
	/home/runner/go/pkg/mod/github.com/gdamore/tcell/v2@v2.13.8/tty_unix.go:53 +0x24
bytes.(*Buffer).WriteTo(0x1400020f068, {0x1291e4800?, 0x14000130a80?})
	/opt/hostedtoolcache/go/1.25.0/x64/src/bytes/buffer.go:267 +0x70
github.com/gdamore/tcell/v2.(*tScreen).draw(0x1400020f008)
	/home/runner/go/pkg/mod/github.com/gdamore/tcell/v2@v2.13.8/tscreen.go:787 +0x160
github.com/gdamore/tcell/v2.(*tScreen).Show(0x1400020f008)
	/home/runner/go/pkg/mod/github.com/gdamore/tcell/v2@v2.13.8/tscreen.go:714 +0x9c
github.com/nmelo/initech/internal/tui.(*TUI).render(0x1400024e008)
	/home/runner/work/initech/initech/internal/tui/render.go:119 +0x884
github.com/nmelo/initech/internal/tui.Run({{0x14000199188, 0x5, 0x5}, {0x1400024cc30, 0xa}, {0x1400012e870, 0x18}, 0x0, 0x0, {0x101898230, ...}, ...})
	/home/runner/work/initech/initech/internal/tui/tui.go:998 +0x27c8
github.com/nmelo/initech/cmd.runTUI(0x10221a520, {0x101738f61?, 0x4?, 0x101739029?})
	/home/runner/work/initech/initech/cmd/root.go:286 +0x820
github.com/spf13/cobra.(*Command).execute(0x10221a520, {0x14000124040, 0x0, 0x0})
	/home/runner/go/pkg/mod/github.com/spf13/cobra@v1.10.2/command.go:1015 +0x7d4
github.com/spf13/cobra.(*Command).ExecuteC(0x10221a520)
	/home/runner/go/pkg/mod/github.com/spf13/cobra@v1.10.2/command.go:1148 +0x350
github.com/spf13/cobra.(*Command).Execute(...)
	/home/runner/go/pkg/mod/github.com/spf13/cobra@v1.10.2/command.go:1071
github.com/nmelo/initech/cmd.init.func4()
	/home/runner/work/initech/initech/cmd/root.go:41 +0x24
github.com/nmelo/initech/cmd.Execute()
	/home/runner/work/initech/initech/cmd/root.go:134 +0x28
main.main()
	/home/runner/work/initech/initech/main.go:7 +0x1c

goroutine 19 [select, 373 minutes]:
github.com/gdamore/tcell/v2.(*devTty).Start.func1(0x1400010c0e0)
	/home/runner/go/pkg/mod/github.com/gdamore/tcell/v2@v2.13.8/tty_unix.go:94 +0x8c
created by github.com/gdamore/tcell/v2.(*devTty).Start in goroutine 1
	/home/runner/go/pkg/mod/github.com/gdamore/tcell/v2@v2.13.8/tty_unix.go:91 +0x20c

goroutine 3 [syscall, 373 minutes]:
os/signal.signal_recv()
	/opt/hostedtoolcache/go/1.25.0/x64/src/runtime/sigqueue.go:149 +0x2c
os/signal.loop()
	/opt/hostedtoolcache/go/1.25.0/x64/src/os/signal/signal_unix.go:23 +0x1c
created by os/signal.Notify.func1.1 in goroutine 1
	/opt/hostedtoolcache/go/1.25.0/x64/src/os/signal/signal.go:152 +0x28

goroutine 4 [syscall, 341 minutes]:
syscall.syscall(0x14000107598?, 0x1010ade24?, 0x800000?, 0x7ffff800000?)
	/opt/hostedtoolcache/go/1.25.0/x64/src/runtime/sys_darwin.go:27 +0x40
syscall.read(0x14000130120?, {0x1400c98c680?, 0x14000107608?, 0x100fcb838?})
	/opt/hostedtoolcache/go/1.25.0/x64/src/syscall/zsyscall_darwin_arm64.go:1245 +0x48
syscall.Read(...)
	/opt/hostedtoolcache/go/1.25.0/x64/src/syscall/syscall_unix.go:183
internal/poll.ignoringEINTRIO(...)
	/opt/hostedtoolcache/go/1.25.0/x64/src/internal/poll/fd_unix.go:738
internal/poll.(*FD).Read(0x14000130120, {0x1400c98c680, 0x80, 0x80})
	/opt/hostedtoolcache/go/1.25.0/x64/src/internal/poll/fd_unix.go:161 +0x204
os.(*File).read(...)
	/opt/hostedtoolcache/go/1.25.0/x64/src/os/file_posix.go:29
os.(*File).Read(0x1400011a0d0, {0x1400c98c680?, 0x14000107601?, 0x1011413f8?})
	/opt/hostedtoolcache/go/1.25.0/x64/src/os/file.go:144 +0x68
github.com/gdamore/tcell/v2.(*devTty).Read(0x0?, {0x1400c98c680?, 0x80?, 0x80?})
	/home/runner/go/pkg/mod/github.com/gdamore/tcell/v2@v2.13.8/tty_unix.go:49 +0x24
github.com/gdamore/tcell/v2.(*tScreen).inputLoop(0x1400020f008, 0x1400007c000)
	/home/runner/go/pkg/mod/github.com/gdamore/tcell/v2@v2.13.8/tscreen.go:1051 +0xa4
created by github.com/gdamore/tcell/v2.(*tScreen).engage in goroutine 1
	/home/runner/go/pkg/mod/github.com/gdamore/tcell/v2@v2.13.8/tscreen.go:1211 +0x374

goroutine 5 [select, 341 minutes]:
github.com/gdamore/tcell/v2.(*tScreen).mainLoop(0x1400020f008, 0x1400007c000)
	/home/runner/go/pkg/mod/github.com/gdamore/tcell/v2@v2.13.8/tscreen.go:1020 +0xbc
created by github.com/gdamore/tcell/v2.(*tScreen).engage in goroutine 1
	/home/runner/go/pkg/mod/github.com/gdamore/tcell/v2@v2.13.8/tscreen.go:1212 +0x3bc

goroutine 21 [chan receive, 1794 minutes]:
github.com/nmelo/initech/internal/tui.installSignalHandlers.func1()
	/home/runner/work/initech/initech/internal/tui/signals.go:55 +0x4c
created by github.com/nmelo/initech/internal/tui.installSignalHandlers in goroutine 1
	/home/runner/work/initech/initech/internal/tui/signals.go:54 +0x11c

goroutine 22 [chan receive, 1794 minutes]:
github.com/nmelo/initech/internal/telemetry.(*Client).sender(0x140001902a0)
	/home/runner/work/initech/initech/internal/telemetry/telemetry.go:126 +0xcc
created by github.com/nmelo/initech/internal/telemetry.Init in goroutine 1
	/home/runner/work/initech/initech/internal/telemetry/telemetry.go:62 +0x134

goroutine 23 [IO wait, 386 minutes]:
internal/poll.runtime_pollWait(0x1290aa400, 0x72)
	/opt/hostedtoolcache/go/1.25.0/x64/src/runtime/netpoll.go:351 +0xa0
internal/poll.(*pollDesc).wait(0x140000d8000?, 0x14006dfc780?, 0x0)
	/opt/hostedtoolcache/go/1.25.0/x64/src/internal/poll/fd_poll_runtime.go:84 +0x28
internal/poll.(*pollDesc).waitRead(...)
	/opt/hostedtoolcache/go/1.25.0/x64/src/internal/poll/fd_poll_runtime.go:89
internal/poll.(*FD).Accept(0x140000d8000)
	/opt/hostedtoolcache/go/1.25.0/x64/src/internal/poll/fd_unix.go:613 +0x21c
net.(*netFD).accept(0x140000d8000)
	/opt/hostedtoolcache/go/1.25.0/x64/src/net/fd_unix.go:161 +0x28
net.(*UnixListener).accept(0x14003780f48?)
	/opt/hostedtoolcache/go/1.25.0/x64/src/net/unixsock_posix.go:172 +0x20
net.(*UnixListener).Accept(0x14000270b40)
	/opt/hostedtoolcache/go/1.25.0/x64/src/net/unixsock.go:260 +0x2c
github.com/nmelo/initech/internal/tui.(*TUI).startIPC.func1()
	/home/runner/work/initech/initech/internal/tui/ipc.go:85 +0x58
github.com/nmelo/initech/internal/tui.(*TUI).safeGo.func1()
	/home/runner/work/initech/initech/internal/tui/crash.go:34 +0x4c
created by github.com/nmelo/initech/internal/tui.(*TUI).safeGo in goroutine 1
	/home/runner/work/initech/initech/internal/tui/crash.go:18 +0x68

goroutine 6 [syscall, 265 minutes]:
syscall.syscall(0x1400058bdc8?, 0x1010ade24?, 0x800000?, 0x7ffff800000?)
	/opt/hostedtoolcache/go/1.25.0/x64/src/runtime/sys_darwin.go:27 +0x40
syscall.read(0x14000010060?, {0x140002d4000?, 0x1400058be08?, 0x101495d4c?})
	/opt/hostedtoolcache/go/1.25.0/x64/src/syscall/zsyscall_darwin_arm64.go:1245 +0x48
syscall.Read(...)
	/opt/hostedtoolcache/go/1.25.0/x64/src/syscall/syscall_unix.go:183
internal/poll.ignoringEINTRIO(...)
	/opt/hostedtoolcache/go/1.25.0/x64/src/internal/poll/fd_unix.go:738
internal/poll.(*FD).Read(0x14000010060, {0x140002d4000, 0x8000, 0x8000})
	/opt/hostedtoolcache/go/1.25.0/x64/src/internal/poll/fd_unix.go:161 +0x204
os.(*File).read(...)
	/opt/hostedtoolcache/go/1.25.0/x64/src/os/file_posix.go:29
os.(*File).Read(0x1400007e000, {0x140002d4000?, 0xa3?, 0x8000?})
	/opt/hostedtoolcache/go/1.25.0/x64/src/os/file.go:144 +0x68
github.com/nmelo/initech/internal/tui.(*Pane).readLoop(0x14000249188)
	/home/runner/work/initech/initech/internal/tui/pane.go:405 +0x5c
github.com/nmelo/initech/internal/tui.(*Pane).Start.func2()
	/home/runner/work/initech/initech/internal/tui/pane.go:395 +0x4c
github.com/nmelo/initech/internal/tui.(*TUI).safeGo.func1()
	/home/runner/work/initech/initech/internal/tui/crash.go:34 +0x4c
created by github.com/nmelo/initech/internal/tui.(*TUI).safeGo in goroutine 1
	/home/runner/work/initech/initech/internal/tui/crash.go:18 +0x68

goroutine 7 [select, 341 minutes]:
io.(*pipe).read(0x14000130c00, {0x14000705e50, 0x100, 0x0?})
	/opt/hostedtoolcache/go/1.25.0/x64/src/io/pipe.go:57 +0x7c
io.(*PipeReader).Read(...)
	/opt/hostedtoolcache/go/1.25.0/x64/src/io/pipe.go:134
github.com/charmbracelet/x/vt.(*Emulator).Read(0x1400007e000?, {0x14000705e50?, 0x1?, 0x100?})
	/home/runner/go/pkg/mod/github.com/nmelo/x/vt@v0.0.0-20260402173550-246f6ae86935/emulator.go:256 +0x54
github.com/charmbracelet/x/vt.(*SafeEmulator).Read(...)
	/home/runner/go/pkg/mod/github.com/nmelo/x/vt@v0.0.0-20260402173550-246f6ae86935/safe_emulator.go:34
github.com/nmelo/initech/internal/tui.(*Pane).responseLoop(0x14000249188)
	/home/runner/work/initech/initech/internal/tui/pane.go:468 +0x5c
github.com/nmelo/initech/internal/tui.(*Pane).Start.func3()
	/home/runner/work/initech/initech/internal/tui/pane.go:396 +0x4c
github.com/nmelo/initech/internal/tui.(*TUI).safeGo.func1()
	/home/runner/work/initech/initech/internal/tui/crash.go:34 +0x4c
created by github.com/nmelo/initech/internal/tui.(*TUI).safeGo in goroutine 1
	/home/runner/work/initech/initech/internal/tui/crash.go:18 +0x68

goroutine 8 [chan receive]:
github.com/nmelo/initech/internal/tui.(*Pane).watchJSONL(0x14000249188)
	/home/runner/work/initech/initech/internal/tui/pane_journal.go:30 +0x9c
github.com/nmelo/initech/internal/tui.(*Pane).Start.func4()
	/home/runner/work/initech/initech/internal/tui/pane.go:398 +0x4c
github.com/nmelo/initech/internal/tui.(*TUI).safeGo.func1()
	/home/runner/work/initech/initech/internal/tui/crash.go:34 +0x4c
created by github.com/nmelo/initech/internal/tui.(*TUI).safeGo in goroutine 1
	/home/runner/work/initech/initech/internal/tui/crash.go:18 +0x68

goroutine 9 [syscall, 6 minutes]:
syscall.syscall(0x1400058cdc8?, 0x1010ade24?, 0x800000?, 0x7ffff800000?)
	/opt/hostedtoolcache/go/1.25.0/x64/src/runtime/sys_darwin.go:27 +0x40
syscall.read(0x140000102a0?, {0x14000658000?, 0x140000021c0?, 0x7?})
	/opt/hostedtoolcache/go/1.25.0/x64/src/syscall/zsyscall_darwin_arm64.go:1245 +0x48
syscall.Read(...)
	/opt/hostedtoolcache/go/1.25.0/x64/src/syscall/syscall_unix.go:183
internal/poll.ignoringEINTRIO(...)
	/opt/hostedtoolcache/go/1.25.0/x64/src/internal/poll/fd_unix.go:738
internal/poll.(*FD).Read(0x140000102a0, {0x14000658000, 0x8000, 0x8000})
	/opt/hostedtoolcache/go/1.25.0/x64/src/internal/poll/fd_unix.go:161 +0x204
os.(*File).read(...)
	/opt/hostedtoolcache/go/1.25.0/x64/src/os/file_posix.go:29
os.(*File).Read(0x1400007e328, {0x14000658000?, 0xed?, 0x8000?})
	/opt/hostedtoolcache/go/1.25.0/x64/src/os/file.go:144 +0x68
github.com/nmelo/initech/internal/tui.(*Pane).readLoop(0x14000249888)
	/home/runner/work/initech/initech/internal/tui/pane.go:405 +0x5c
github.com/nmelo/initech/internal/tui.(*Pane).Start.func2()
	/home/runner/work/initech/initech/internal/tui/pane.go:395 +0x4c
github.com/nmelo/initech/internal/tui.(*TUI).safeGo.func1()
	/home/runner/work/initech/initech/internal/tui/crash.go:34 +0x4c
created by github.com/nmelo/initech/internal/tui.(*TUI).safeGo in goroutine 1
	/home/runner/work/initech/initech/internal/tui/crash.go:18 +0x68

goroutine 10 [select, 401 minutes]:
io.(*pipe).read(0x14000010240, {0x14000706e50, 0x100, 0x0?})
	/opt/hostedtoolcache/go/1.25.0/x64/src/io/pipe.go:57 +0x7c
io.(*PipeReader).Read(...)
	/opt/hostedtoolcache/go/1.25.0/x64/src/io/pipe.go:134
github.com/charmbracelet/x/vt.(*Emulator).Read(0x1400007e328?, {0x14000706e50?, 0x1?, 0x0?})
	/home/runner/go/pkg/mod/github.com/nmelo/x/vt@v0.0.0-20260402173550-246f6ae86935/emulator.go:256 +0x54
github.com/charmbracelet/x/vt.(*SafeEmulator).Read(...)
	/home/runner/go/pkg/mod/github.com/nmelo/x/vt@v0.0.0-20260402173550-246f6ae86935/safe_emulator.go:34
github.com/nmelo/initech/internal/tui.(*Pane).responseLoop(0x14000249888)
	/home/runner/work/initech/initech/internal/tui/pane.go:468 +0x5c
github.com/nmelo/initech/internal/tui.(*Pane).Start.func3()
	/home/runner/work/initech/initech/internal/tui/pane.go:396 +0x4c
github.com/nmelo/initech/internal/tui.(*TUI).safeGo.func1()
	/home/runner/work/initech/initech/internal/tui/crash.go:34 +0x4c
created by github.com/nmelo/initech/internal/tui.(*TUI).safeGo in goroutine 1
	/home/runner/work/initech/initech/internal/tui/crash.go:18 +0x68

goroutine 11 [chan receive]:
github.com/nmelo/initech/internal/tui.(*Pane).watchJSONL(0x14000249888)
	/home/runner/work/initech/initech/internal/tui/pane_journal.go:30 +0x9c
github.com/nmelo/initech/internal/tui.(*Pane).Start.func4()
	/home/runner/work/initech/initech/internal/tui/pane.go:398 +0x4c
github.com/nmelo/initech/internal/tui.(*TUI).safeGo.func1()
	/home/runner/work/initech/initech/internal/tui/crash.go:34 +0x4c
created by github.com/nmelo/initech/internal/tui.(*TUI).safeGo in goroutine 1
	/home/runner/work/initech/initech/internal/tui/crash.go:18 +0x68

goroutine 24 [syscall, 318 minutes]:
syscall.syscall(0x1400058adc8?, 0x1010ade24?, 0x800000?, 0x7ffff800000?)
	/opt/hostedtoolcache/go/1.25.0/x64/src/runtime/sys_darwin.go:27 +0x40
syscall.read(0x140000ac420?, {0x140002ba000?, 0x1400058ae08?, 0x101495d4c?})
	/opt/hostedtoolcache/go/1.25.0/x64/src/syscall/zsyscall_darwin_arm64.go:1245 +0x48
syscall.Read(...)
	/opt/hostedtoolcache/go/1.25.0/x64/src/syscall/syscall_unix.go:183
internal/poll.ignoringEINTRIO(...)
	/opt/hostedtoolcache/go/1.25.0/x64/src/internal/poll/fd_unix.go:738
internal/poll.(*FD).Read(0x140000ac420, {0x140002ba000, 0x8000, 0x8000})
	/opt/hostedtoolcache/go/1.25.0/x64/src/internal/poll/fd_unix.go:161 +0x204
os.(*File).read(...)
	/opt/hostedtoolcache/go/1.25.0/x64/src/os/file_posix.go:29
os.(*File).Read(0x140000b01b8, {0x140002ba000?, 0xa3?, 0x8000?})
	/opt/hostedtoolcache/go/1.25.0/x64/src/os/file.go:144 +0x68
github.com/nmelo/initech/internal/tui.(*Pane).readLoop(0x14000136008)
	/home/runner/work/initech/initech/internal/tui/pane.go:405 +0x5c
github.com/nmelo/initech/internal/tui.(*Pane).Start.func2()
	/home/runner/work/initech/initech/internal/tui/pane.go:395 +0x4c
github.com/nmelo/initech/internal/tui.(*TUI).safeGo.func1()
	/home/runner/work/initech/initech/internal/tui/crash.go:34 +0x4c
created by github.com/nmelo/initech/internal/tui.(*TUI).safeGo in goroutine 1
	/home/runner/work/initech/initech/internal/tui/crash.go:18 +0x68

goroutine 25 [select, 400 minutes]:
io.(*pipe).read(0x14000010360, {0x1400058ee50, 0x100, 0x0?})
	/opt/hostedtoolcache/go/1.25.0/x64/src/io/pipe.go:57 +0x7c
io.(*PipeReader).Read(...)
	/opt/hostedtoolcache/go/1.25.0/x64/src/io/pipe.go:134
github.com/charmbracelet/x/vt.(*Emulator).Read(0x140000b01b8?, {0x1400058ee50?, 0x1?, 0x0?})
	/home/runner/go/pkg/mod/github.com/nmelo/x/vt@v0.0.0-20260402173550-246f6ae86935/emulator.go:256 +0x54
github.com/charmbracelet/x/vt.(*SafeEmulator).Read(...)
	/home/runner/go/pkg/mod/github.com/nmelo/x/vt@v0.0.0-20260402173550-246f6ae86935/safe_emulator.go:34
github.com/nmelo/initech/internal/tui.(*Pane).responseLoop(0x14000136008)
	/home/runner/work/initech/initech/internal/tui/pane.go:468 +0x5c
github.com/nmelo/initech/internal/tui.(*Pane).Start.func3()
	/home/runner/work/initech/initech/internal/tui/pane.go:396 +0x4c
github.com/nmelo/initech/internal/tui.(*TUI).safeGo.func1()
	/home/runner/work/initech/initech/internal/tui/crash.go:34 +0x4c
created by github.com/nmelo/initech/internal/tui.(*TUI).safeGo in goroutine 1
	/home/runner/work/initech/initech/internal/tui/crash.go:18 +0x68

goroutine 26 [chan receive]:
github.com/nmelo/initech/internal/tui.(*Pane).watchJSONL(0x14000136008)
	/home/runner/work/initech/initech/internal/tui/pane_journal.go:30 +0x9c
github.com/nmelo/initech/internal/tui.(*Pane).Start.func4()
	/home/runner/work/initech/initech/internal/tui/pane.go:398 +0x4c
github.com/nmelo/initech/internal/tui.(*TUI).safeGo.func1()
	/home/runner/work/initech/initech/internal/tui/crash.go:34 +0x4c
created by github.com/nmelo/initech/internal/tui.(*TUI).safeGo in goroutine 1
	/home/runner/work/initech/initech/internal/tui/crash.go:18 +0x68

goroutine 27 [syscall, 373 minutes]:
syscall.syscall(0x14001355dc8?, 0x1010ade24?, 0x800000?, 0x7ffff800000?)
	/opt/hostedtoolcache/go/1.25.0/x64/src/runtime/sys_darwin.go:27 +0x40
syscall.read(0x140000ac540?, {0x140017fc000?, 0x12?, 0x5e?})
	/opt/hostedtoolcache/go/1.25.0/x64/src/syscall/zsyscall_darwin_arm64.go:1245 +0x48
syscall.Read(...)
	/opt/hostedtoolcache/go/1.25.0/x64/src/syscall/syscall_unix.go:183
internal/poll.ignoringEINTRIO(...)
	/opt/hostedtoolcache/go/1.25.0/x64/src/internal/poll/fd_unix.go:738
internal/poll.(*FD).Read(0x140000ac540, {0x140017fc000, 0x8000, 0x8000})
	/opt/hostedtoolcache/go/1.25.0/x64/src/internal/poll/fd_unix.go:161 +0x204
os.(*File).read(...)
	/opt/hostedtoolcache/go/1.25.0/x64/src/os/file_posix.go:29
os.(*File).Read(0x140000b04d0, {0x140017fc000?, 0x8?, 0x8000?})
	/opt/hostedtoolcache/go/1.25.0/x64/src/os/file.go:144 +0x68
github.com/nmelo/initech/internal/tui.(*Pane).readLoop(0x14000137188)
	/home/runner/work/initech/initech/internal/tui/pane.go:405 +0x5c
github.com/nmelo/initech/internal/tui.(*Pane).Start.func2()
	/home/runner/work/initech/initech/internal/tui/pane.go:395 +0x4c
github.com/nmelo/initech/internal/tui.(*TUI).safeGo.func1()
	/home/runner/work/initech/initech/internal/tui/crash.go:34 +0x4c
created by github.com/nmelo/initech/internal/tui.(*TUI).safeGo in goroutine 1
	/home/runner/work/initech/initech/internal/tui/crash.go:18 +0x68

goroutine 28 [select, 373 minutes]:
io.(*pipe).read(0x140000ac4e0, {0x1400058fe50, 0x100, 0x0?})
	/opt/hostedtoolcache/go/1.25.0/x64/src/io/pipe.go:57 +0x7c
io.(*PipeReader).Read(...)
	/opt/hostedtoolcache/go/1.25.0/x64/src/io/pipe.go:134
github.com/charmbracelet/x/vt.(*Emulator).Read(0x140000b04d0?, {0x1400058fe50?, 0x7?, 0x100?})
	/home/runner/go/pkg/mod/github.com/nmelo/x/vt@v0.0.0-20260402173550-246f6ae86935/emulator.go:256 +0x54
github.com/charmbracelet/x/vt.(*SafeEmulator).Read(...)
	/home/runner/go/pkg/mod/github.com/nmelo/x/vt@v0.0.0-20260402173550-246f6ae86935/safe_emulator.go:34
github.com/nmelo/initech/internal/tui.(*Pane).responseLoop(0x14000137188)
	/home/runner/work/initech/initech/internal/tui/pane.go:468 +0x5c
github.com/nmelo/initech/internal/tui.(*Pane).Start.func3()
	/home/runner/work/initech/initech/internal/tui/pane.go:396 +0x4c
github.com/nmelo/initech/internal/tui.(*TUI).safeGo.func1()
	/home/runner/work/initech/initech/internal/tui/crash.go:34 +0x4c
created by github.com/nmelo/initech/internal/tui.(*TUI).safeGo in goroutine 1
	/home/runner/work/initech/initech/internal/tui/crash.go:18 +0x68

goroutine 29 [chan receive]:
github.com/nmelo/initech/internal/tui.(*Pane).watchJSONL(0x14000137188)
	/home/runner/work/initech/initech/internal/tui/pane_journal.go:30 +0x9c
github.com/nmelo/initech/internal/tui.(*Pane).Start.func4()
	/home/runner/work/initech/initech/internal/tui/pane.go:398 +0x4c
github.com/nmelo/initech/internal/tui.(*TUI).safeGo.func1()
	/home/runner/work/initech/initech/internal/tui/crash.go:34 +0x4c
created by github.com/nmelo/initech/internal/tui.(*TUI).safeGo in goroutine 1
	/home/runner/work/initech/initech/internal/tui/crash.go:18 +0x68

goroutine 30 [syscall, 373 minutes]:
syscall.syscall(0x14001352dc8?, 0x1010ade24?, 0x800000?, 0x7ffff800000?)
	/opt/hostedtoolcache/go/1.25.0/x64/src/runtime/sys_darwin.go:27 +0x40
syscall.read(0x140000ac660?, {0x14001cf0000?, 0x14001352e08?, 0x101495d4c?})
	/opt/hostedtoolcache/go/1.25.0/x64/src/syscall/zsyscall_darwin_arm64.go:1245 +0x48
syscall.Read(...)
	/opt/hostedtoolcache/go/1.25.0/x64/src/syscall/syscall_unix.go:183
internal/poll.ignoringEINTRIO(...)
	/opt/hostedtoolcache/go/1.25.0/x64/src/internal/poll/fd_unix.go:738
internal/poll.(*FD).Read(0x140000ac660, {0x14001cf0000, 0x8000, 0x8000})
	/opt/hostedtoolcache/go/1.25.0/x64/src/internal/poll/fd_unix.go:161 +0x204
os.(*File).read(...)
	/opt/hostedtoolcache/go/1.25.0/x64/src/os/file_posix.go:29
os.(*File).Read(0x140000b07e8, {0x14001cf0000?, 0x23d?, 0x8000?})
	/opt/hostedtoolcache/go/1.25.0/x64/src/os/file.go:144 +0x68
github.com/nmelo/initech/internal/tui.(*Pane).readLoop(0x140002c8008)
	/home/runner/work/initech/initech/internal/tui/pane.go:405 +0x5c
github.com/nmelo/initech/internal/tui.(*Pane).Start.func2()
	/home/runner/work/initech/initech/internal/tui/pane.go:395 +0x4c
github.com/nmelo/initech/internal/tui.(*TUI).safeGo.func1()
	/home/runner/work/initech/initech/internal/tui/crash.go:34 +0x4c
created by github.com/nmelo/initech/internal/tui.(*TUI).safeGo in goroutine 1
	/home/runner/work/initech/initech/internal/tui/crash.go:18 +0x68

goroutine 31 [select, 968 minutes]:
io.(*pipe).read(0x140000ac600, {0x14000702e50, 0x100, 0x0?})
	/opt/hostedtoolcache/go/1.25.0/x64/src/io/pipe.go:57 +0x7c
io.(*PipeReader).Read(...)
	/opt/hostedtoolcache/go/1.25.0/x64/src/io/pipe.go:134
github.com/charmbracelet/x/vt.(*Emulator).Read(0x140000b07e8?, {0x14000702e50?, 0x1?, 0x0?})
	/home/runner/go/pkg/mod/github.com/nmelo/x/vt@v0.0.0-20260402173550-246f6ae86935/emulator.go:256 +0x54
github.com/charmbracelet/x/vt.(*SafeEmulator).Read(...)
	/home/runner/go/pkg/mod/github.com/nmelo/x/vt@v0.0.0-20260402173550-246f6ae86935/safe_emulator.go:34
github.com/nmelo/initech/internal/tui.(*Pane).responseLoop(0x140002c8008)
	/home/runner/work/initech/initech/internal/tui/pane.go:468 +0x5c
github.com/nmelo/initech/internal/tui.(*Pane).Start.func3()
	/home/runner/work/initech/initech/internal/tui/pane.go:396 +0x4c
github.com/nmelo/initech/internal/tui.(*TUI).safeGo.func1()
	/home/runner/work/initech/initech/internal/tui/crash.go:34 +0x4c
created by github.com/nmelo/initech/internal/tui.(*TUI).safeGo in goroutine 1
	/home/runner/work/initech/initech/internal/tui/crash.go:18 +0x68

goroutine 32 [chan receive]:
github.com/nmelo/initech/internal/tui.(*Pane).watchJSONL(0x140002c8008)
	/home/runner/work/initech/initech/internal/tui/pane_journal.go:30 +0x9c
github.com/nmelo/initech/internal/tui.(*Pane).Start.func4()
	/home/runner/work/initech/initech/internal/tui/pane.go:398 +0x4c
github.com/nmelo/initech/internal/tui.(*TUI).safeGo.func1()
	/home/runner/work/initech/initech/internal/tui/crash.go:34 +0x4c
created by github.com/nmelo/initech/internal/tui.(*TUI).safeGo in goroutine 1
	/home/runner/work/initech/initech/internal/tui/crash.go:18 +0x68

goroutine 99 [select]:
github.com/nmelo/initech/internal/tui.(*TUI).startBatteryPoller.func1()
	/home/runner/work/initech/initech/internal/tui/poll.go:93 +0xac
github.com/nmelo/initech/internal/tui.(*TUI).safeGo.func1()
	/home/runner/work/initech/initech/internal/tui/crash.go:34 +0x4c
created by github.com/nmelo/initech/internal/tui.(*TUI).safeGo in goroutine 1
	/home/runner/work/initech/initech/internal/tui/crash.go:18 +0x68

goroutine 100 [select, 341 minutes]:
github.com/gdamore/tcell/v2.(*baseScreen).PollEvent(0x1400027e850)
	/home/runner/go/pkg/mod/github.com/gdamore/tcell/v2@v2.13.8/screen.go:511 +0x74
github.com/nmelo/initech/internal/tui.Run.func15()
	/home/runner/work/initech/initech/internal/tui/tui.go:927 +0x50
github.com/nmelo/initech/internal/tui.(*TUI).safeGo.func1()
	/home/runner/work/initech/initech/internal/tui/crash.go:34 +0x4c
created by github.com/nmelo/initech/internal/tui.(*TUI).safeGo in goroutine 1
	/home/runner/work/initech/initech/internal/tui/crash.go:18 +0x68

=== RENDER WATCHDOG ===
Time:      2026-05-01T12:02:21+08:00
Version:   1.17.17
Go:        go1.25.0
Stale for: 13s
Diagnosis: No render completed in 13s. Main loop is likely blocked.

--- All Goroutine Stacks ---
goroutine 100 [running]:
github.com/nmelo/initech/internal/tui.dumpWatchdogStacks({0x140000e6258, 0x18}, {0x10343c230, 0x7}, 0x322857710)
	/home/runner/work/initech/initech/internal/tui/watchdog.go:51 +0x5c
github.com/nmelo/initech/internal/tui.renderWatchdog(0x140000d3468, 0x2540be400, {0x140000e6258, 0x18}, {0x10343c230, 0x7}, 0x140002a4310)
	/home/runner/work/initech/initech/internal/tui/watchdog.go:35 +0x158
created by github.com/nmelo/initech/internal/tui.Run in goroutine 1
	/home/runner/work/initech/initech/internal/tui/tui.go:946 +0x2408

goroutine 1 [runnable]:
github.com/gdamore/tcell/v2.(*CellBuffer).Fill(...)
	/home/runner/go/pkg/mod/github.com/gdamore/tcell/v2@v2.13.8/cell.go:253
github.com/gdamore/tcell/v2.(*baseScreen).Fill(0x140000a6f70, 0x20, {0x0, 0x0, 0x0, 0x0, 0x0, {0x0, 0x0}, {0x0, ...}})
	/home/runner/go/pkg/mod/github.com/gdamore/tcell/v2@v2.13.8/screen.go:447 +0x10c
github.com/gdamore/tcell/v2.(*baseScreen).Clear(0x14000248e08?)
	/home/runner/go/pkg/mod/github.com/gdamore/tcell/v2@v2.13.8/screen.go:441 +0x58
github.com/nmelo/initech/internal/tui.(*TUI).render(0x140000d3088)
	/home/runner/work/initech/initech/internal/tui/render.go:34 +0x1b4
github.com/nmelo/initech/internal/tui.Run({{0x14000290288, 0x5, 0x5}, {0x140000cc970, 0xa}, {0x140000e6258, 0x18}, 0x0, 0x0, {0x10343c230, ...}, ...})
	/home/runner/work/initech/initech/internal/tui/tui.go:998 +0x27c8
github.com/nmelo/initech/cmd.runTUI(0x103dbe520, {0x1032dcf61?, 0x4?, 0x1032dd029?})
	/home/runner/work/initech/initech/cmd/root.go:286 +0x820
github.com/spf13/cobra.(*Command).execute(0x103dbe520, {0x14000126040, 0x0, 0x0})
	/home/runner/go/pkg/mod/github.com/spf13/cobra@v1.10.2/command.go:1015 +0x7d4
github.com/spf13/cobra.(*Command).ExecuteC(0x103dbe520)
	/home/runner/go/pkg/mod/github.com/spf13/cobra@v1.10.2/command.go:1148 +0x350
github.com/spf13/cobra.(*Command).Execute(...)
	/home/runner/go/pkg/mod/github.com/spf13/cobra@v1.10.2/command.go:1071
github.com/nmelo/initech/cmd.init.func4()
	/home/runner/work/initech/initech/cmd/root.go:41 +0x24
github.com/nmelo/initech/cmd.Execute()
	/home/runner/work/initech/initech/cmd/root.go:134 +0x28
main.main()
	/home/runner/work/initech/initech/main.go:7 +0x1c

goroutine 13 [select, 686 minutes]:
github.com/gdamore/tcell/v2.(*devTty).Start.func1(0x140002a40e0)
	/home/runner/go/pkg/mod/github.com/gdamore/tcell/v2@v2.13.8/tty_unix.go:94 +0x8c
created by github.com/gdamore/tcell/v2.(*devTty).Start in goroutine 1
	/home/runner/go/pkg/mod/github.com/gdamore/tcell/v2@v2.13.8/tty_unix.go:91 +0x20c

goroutine 15 [syscall, 686 minutes]:
os/signal.signal_recv()
	/opt/hostedtoolcache/go/1.25.0/x64/src/runtime/sigqueue.go:149 +0x2c
os/signal.loop()
	/opt/hostedtoolcache/go/1.25.0/x64/src/os/signal/signal_unix.go:23 +0x1c
created by os/signal.Notify.func1.1 in goroutine 1
	/opt/hostedtoolcache/go/1.25.0/x64/src/os/signal/signal.go:152 +0x28

goroutine 16 [syscall, 67 minutes]:
syscall.syscall(0x14000106598?, 0x102c51e24?, 0x800000?, 0x7ffff800000?)
	/opt/hostedtoolcache/go/1.25.0/x64/src/runtime/sys_darwin.go:27 +0x40
syscall.read(0x140000ac480?, {0x140030bfa80?, 0x14000106608?, 0x102b6f838?})
	/opt/hostedtoolcache/go/1.25.0/x64/src/syscall/zsyscall_darwin_arm64.go:1245 +0x48
syscall.Read(...)
	/opt/hostedtoolcache/go/1.25.0/x64/src/syscall/syscall_unix.go:183
internal/poll.ignoringEINTRIO(...)
	/opt/hostedtoolcache/go/1.25.0/x64/src/internal/poll/fd_unix.go:738
internal/poll.(*FD).Read(0x140000ac480, {0x140030bfa80, 0x80, 0x80})
	/opt/hostedtoolcache/go/1.25.0/x64/src/internal/poll/fd_unix.go:161 +0x204
os.(*File).read(...)
	/opt/hostedtoolcache/go/1.25.0/x64/src/os/file_posix.go:29
os.(*File).Read(0x140000b4020, {0x140030bfa80?, 0x1?, 0x0?})
	/opt/hostedtoolcache/go/1.25.0/x64/src/os/file.go:144 +0x68
github.com/gdamore/tcell/v2.(*devTty).Read(0x0?, {0x140030bfa80?, 0x80?, 0x80?})
	/home/runner/go/pkg/mod/github.com/gdamore/tcell/v2@v2.13.8/tty_unix.go:49 +0x24
github.com/gdamore/tcell/v2.(*tScreen).inputLoop(0x1400028c408, 0x140002a42a0)
	/home/runner/go/pkg/mod/github.com/gdamore/tcell/v2@v2.13.8/tscreen.go:1051 +0xa4
created by github.com/gdamore/tcell/v2.(*tScreen).engage in goroutine 1
	/home/runner/go/pkg/mod/github.com/gdamore/tcell/v2@v2.13.8/tscreen.go:1211 +0x374

goroutine 49 [select, 67 minutes]:
github.com/gdamore/tcell/v2.(*tScreen).mainLoop(0x1400028c408, 0x140002a42a0)
	/home/runner/go/pkg/mod/github.com/gdamore/tcell/v2@v2.13.8/tscreen.go:1020 +0xbc
created by github.com/gdamore/tcell/v2.(*tScreen).engage in goroutine 1
	/home/runner/go/pkg/mod/github.com/gdamore/tcell/v2@v2.13.8/tscreen.go:1212 +0x3bc

goroutine 50 [chan receive, 686 minutes]:
github.com/nmelo/initech/internal/tui.installSignalHandlers.func1()
	/home/runner/work/initech/initech/internal/tui/signals.go:55 +0x4c
created by github.com/nmelo/initech/internal/tui.installSignalHandlers in goroutine 1
	/home/runner/work/initech/initech/internal/tui/signals.go:54 +0x11c

goroutine 51 [chan receive, 686 minutes]:
github.com/nmelo/initech/internal/telemetry.(*Client).sender(0x140000dc380)
	/home/runner/work/initech/initech/internal/telemetry/telemetry.go:126 +0xcc
created by github.com/nmelo/initech/internal/telemetry.Init in goroutine 1
	/home/runner/work/initech/initech/internal/telemetry/telemetry.go:62 +0x134

goroutine 52 [IO wait, 686 minutes]:
internal/poll.runtime_pollWait(0x14aa91000, 0x72)
	/opt/hostedtoolcache/go/1.25.0/x64/src/runtime/netpoll.go:351 +0xa0
internal/poll.(*pollDesc).wait(0x140001a4080?, 0x0?, 0x0)
	/opt/hostedtoolcache/go/1.25.0/x64/src/internal/poll/fd_poll_runtime.go:84 +0x28
internal/poll.(*pollDesc).waitRead(...)
	/opt/hostedtoolcache/go/1.25.0/x64/src/internal/poll/fd_poll_runtime.go:89
internal/poll.(*FD).Accept(0x140001a4080)
	/opt/hostedtoolcache/go/1.25.0/x64/src/internal/poll/fd_unix.go:613 +0x21c
net.(*netFD).accept(0x140001a4080)
	/opt/hostedtoolcache/go/1.25.0/x64/src/net/fd_unix.go:161 +0x28
net.(*UnixListener).accept(0x2baa1f35a874?)
	/opt/hostedtoolcache/go/1.25.0/x64/src/net/unixsock_posix.go:172 +0x20
net.(*UnixListener).Accept(0x140000b06f0)
	/opt/hostedtoolcache/go/1.25.0/x64/src/net/unixsock.go:260 +0x2c
github.com/nmelo/initech/internal/tui.(*TUI).startIPC.func1()
	/home/runner/work/initech/initech/internal/tui/ipc.go:85 +0x58
github.com/nmelo/initech/internal/tui.(*TUI).safeGo.func1()
	/home/runner/work/initech/initech/internal/tui/crash.go:34 +0x4c
created by github.com/nmelo/initech/internal/tui.(*TUI).safeGo in goroutine 1
	/home/runner/work/initech/initech/internal/tui/crash.go:18 +0x68

goroutine 81 [syscall, 66 minutes]:
syscall.syscall(0x14000274dc8?, 0x102c51e24?, 0x800000?, 0x7ffff800000?)
	/opt/hostedtoolcache/go/1.25.0/x64/src/runtime/sys_darwin.go:27 +0x40
syscall.read(0x140002180c0?, {0x14000110000?, 0x14000274e08?, 0x103039d4c?})
	/opt/hostedtoolcache/go/1.25.0/x64/src/syscall/zsyscall_darwin_arm64.go:1245 +0x48
syscall.Read(...)
	/opt/hostedtoolcache/go/1.25.0/x64/src/syscall/syscall_unix.go:183
internal/poll.ignoringEINTRIO(...)
	/opt/hostedtoolcache/go/1.25.0/x64/src/internal/poll/fd_unix.go:738
internal/poll.(*FD).Read(0x140002180c0, {0x14000110000, 0x8000, 0x8000})
	/opt/hostedtoolcache/go/1.25.0/x64/src/internal/poll/fd_unix.go:161 +0x204
os.(*File).read(...)
	/opt/hostedtoolcache/go/1.25.0/x64/src/os/file_posix.go:29
os.(*File).Read(0x1400011c0e8, {0x14000110000?, 0xa3?, 0x8000?})
	/opt/hostedtoolcache/go/1.25.0/x64/src/os/file.go:144 +0x68
github.com/nmelo/initech/internal/tui.(*Pane).readLoop(0x140000dea88)
	/home/runner/work/initech/initech/internal/tui/pane.go:405 +0x5c
github.com/nmelo/initech/internal/tui.(*Pane).Start.func2()
	/home/runner/work/initech/initech/internal/tui/pane.go:395 +0x4c
github.com/nmelo/initech/internal/tui.(*TUI).safeGo.func1()
	/home/runner/work/initech/initech/internal/tui/crash.go:34 +0x4c
created by github.com/nmelo/initech/internal/tui.(*TUI).safeGo in goroutine 1
	/home/runner/work/initech/initech/internal/tui/crash.go:18 +0x68

goroutine 82 [select, 66 minutes]:
io.(*pipe).read(0x140000ac720, {0x140002bee50, 0x100, 0x0?})
	/opt/hostedtoolcache/go/1.25.0/x64/src/io/pipe.go:57 +0x7c
io.(*PipeReader).Read(...)
	/opt/hostedtoolcache/go/1.25.0/x64/src/io/pipe.go:134
github.com/charmbracelet/x/vt.(*Emulator).Read(0x1400011c0e8?, {0x140002bee50?, 0xb?, 0x0?})
	/home/runner/go/pkg/mod/github.com/nmelo/x/vt@v0.0.0-20260402173550-246f6ae86935/emulator.go:256 +0x54
github.com/charmbracelet/x/vt.(*SafeEmulator).Read(...)
	/home/runner/go/pkg/mod/github.com/nmelo/x/vt@v0.0.0-20260402173550-246f6ae86935/safe_emulator.go:34
github.com/nmelo/initech/internal/tui.(*Pane).responseLoop(0x140000dea88)
	/home/runner/work/initech/initech/internal/tui/pane.go:468 +0x5c
github.com/nmelo/initech/internal/tui.(*Pane).Start.func3()
	/home/runner/work/initech/initech/internal/tui/pane.go:396 +0x4c
github.com/nmelo/initech/internal/tui.(*TUI).safeGo.func1()
	/home/runner/work/initech/initech/internal/tui/crash.go:34 +0x4c
created by github.com/nmelo/initech/internal/tui.(*TUI).safeGo in goroutine 1
	/home/runner/work/initech/initech/internal/tui/crash.go:18 +0x68

goroutine 83 [chan receive]:
github.com/nmelo/initech/internal/tui.(*Pane).watchJSONL(0x140000dea88)
	/home/runner/work/initech/initech/internal/tui/pane_journal.go:30 +0x9c
github.com/nmelo/initech/internal/tui.(*Pane).Start.func4()
	/home/runner/work/initech/initech/internal/tui/pane.go:398 +0x4c
github.com/nmelo/initech/internal/tui.(*TUI).safeGo.func1()
	/home/runner/work/initech/initech/internal/tui/crash.go:34 +0x4c
created by github.com/nmelo/initech/internal/tui.(*TUI).safeGo in goroutine 1
	/home/runner/work/initech/initech/internal/tui/crash.go:18 +0x68

goroutine 84 [syscall, 86 minutes]:
syscall.syscall(0x14002d62dc8?, 0x102c51e24?, 0x800000?, 0x7ffff800000?)
	/opt/hostedtoolcache/go/1.25.0/x64/src/runtime/sys_darwin.go:27 +0x40
syscall.read(0x140002181e0?, {0x14000df2000?, 0x14002d62e08?, 0x103039d4c?})
	/opt/hostedtoolcache/go/1.25.0/x64/src/syscall/zsyscall_darwin_arm64.go:1245 +0x48
syscall.Read(...)
	/opt/hostedtoolcache/go/1.25.0/x64/src/syscall/syscall_unix.go:183
internal/poll.ignoringEINTRIO(...)
	/opt/hostedtoolcache/go/1.25.0/x64/src/internal/poll/fd_unix.go:738
internal/poll.(*FD).Read(0x140002181e0, {0x14000df2000, 0x8000, 0x8000})
	/opt/hostedtoolcache/go/1.25.0/x64/src/internal/poll/fd_unix.go:161 +0x204
os.(*File).read(...)
	/opt/hostedtoolcache/go/1.25.0/x64/src/os/file_posix.go:29
os.(*File).Read(0x1400011c570, {0x14000df2000?, 0x5d?, 0x8000?})
	/opt/hostedtoolcache/go/1.25.0/x64/src/os/file.go:144 +0x68
github.com/nmelo/initech/internal/tui.(*Pane).readLoop(0x140000df188)
	/home/runner/work/initech/initech/internal/tui/pane.go:405 +0x5c
github.com/nmelo/initech/internal/tui.(*Pane).Start.func2()
	/home/runner/work/initech/initech/internal/tui/pane.go:395 +0x4c
github.com/nmelo/initech/internal/tui.(*TUI).safeGo.func1()
	/home/runner/work/initech/initech/internal/tui/crash.go:34 +0x4c
created by github.com/nmelo/initech/internal/tui.(*TUI).safeGo in goroutine 1
	/home/runner/work/initech/initech/internal/tui/crash.go:18 +0x68

goroutine 85 [select, 86 minutes]:
io.(*pipe).read(0x14000218180, {0x140002bfe50, 0x100, 0x0?})
	/opt/hostedtoolcache/go/1.25.0/x64/src/io/pipe.go:57 +0x7c
io.(*PipeReader).Read(...)
	/opt/hostedtoolcache/go/1.25.0/x64/src/io/pipe.go:134
github.com/charmbracelet/x/vt.(*Emulator).Read(0x1400011c570?, {0x140002bfe50?, 0xb?, 0x0?})
	/home/runner/go/pkg/mod/github.com/nmelo/x/vt@v0.0.0-20260402173550-246f6ae86935/emulator.go:256 +0x54
github.com/charmbracelet/x/vt.(*SafeEmulator).Read(...)
	/home/runner/go/pkg/mod/github.com/nmelo/x/vt@v0.0.0-20260402173550-246f6ae86935/safe_emulator.go:34
github.com/nmelo/initech/internal/tui.(*Pane).responseLoop(0x140000df188)
	/home/runner/work/initech/initech/internal/tui/pane.go:468 +0x5c
github.com/nmelo/initech/internal/tui.(*Pane).Start.func3()
	/home/runner/work/initech/initech/internal/tui/pane.go:396 +0x4c
github.com/nmelo/initech/internal/tui.(*TUI).safeGo.func1()
	/home/runner/work/initech/initech/internal/tui/crash.go:34 +0x4c
created by github.com/nmelo/initech/internal/tui.(*TUI).safeGo in goroutine 1
	/home/runner/work/initech/initech/internal/tui/crash.go:18 +0x68

goroutine 86 [runnable]:
syscall.syscallPtr(0x0?, 0x0?, 0x0?, 0x102c55b40?)
	/opt/hostedtoolcache/go/1.25.0/x64/src/runtime/sys_darwin.go:101 +0x40
syscall.fdopendir(0x103f18a78?)
	/opt/hostedtoolcache/go/1.25.0/x64/src/syscall/syscall_darwin.go:235 +0x34
internal/poll.(*FD).OpenDir(0x10?)
	/opt/hostedtoolcache/go/1.25.0/x64/src/internal/poll/fd_opendir_darwin.go:24 +0x40
os.(*File).readdir(0x1400381a070, 0xffffffffffffffff, 0x1)
	/opt/hostedtoolcache/go/1.25.0/x64/src/os/dir_darwin.go:35 +0x5c
os.(*File).ReadDir(0x1400012e1c0?, 0x3a?)
	/opt/hostedtoolcache/go/1.25.0/x64/src/os/dir.go:101 +0x24
os.ReadDir({0x1400012e1c0?, 0x1400005ac08?})
	/opt/hostedtoolcache/go/1.25.0/x64/src/os/dir.go:121 +0x94
github.com/nmelo/initech/internal/tui.newestJSONL({0x1400012e1c0, 0x3a})
	/home/runner/work/initech/initech/internal/tui/pane_journal.go:324 +0x28
github.com/nmelo/initech/internal/tui.(*Pane).watchJSONL(0x140000df188)
	/home/runner/work/initech/initech/internal/tui/pane_journal.go:40 +0x17c
github.com/nmelo/initech/internal/tui.(*Pane).Start.func4()
	/home/runner/work/initech/initech/internal/tui/pane.go:398 +0x4c
github.com/nmelo/initech/internal/tui.(*TUI).safeGo.func1()
	/home/runner/work/initech/initech/internal/tui/crash.go:34 +0x4c
created by github.com/nmelo/initech/internal/tui.(*TUI).safeGo in goroutine 1
	/home/runner/work/initech/initech/internal/tui/crash.go:18 +0x68

goroutine 70 [syscall, 685 minutes]:
syscall.syscall(0x14002d5fdc8?, 0x102c51e24?, 0x800000?, 0x7ffff800000?)
	/opt/hostedtoolcache/go/1.25.0/x64/src/runtime/sys_darwin.go:27 +0x40
syscall.read(0x1400007c3c0?, {0x14000990000?, 0x14002d5fe08?, 0x103039d4c?})
	/opt/hostedtoolcache/go/1.25.0/x64/src/syscall/zsyscall_darwin_arm64.go:1245 +0x48
syscall.Read(...)
	/opt/hostedtoolcache/go/1.25.0/x64/src/syscall/syscall_unix.go:183
internal/poll.ignoringEINTRIO(...)
	/opt/hostedtoolcache/go/1.25.0/x64/src/internal/poll/fd_unix.go:738
internal/poll.(*FD).Read(0x1400007c3c0, {0x14000990000, 0x8000, 0x8000})
	/opt/hostedtoolcache/go/1.25.0/x64/src/internal/poll/fd_unix.go:161 +0x204
os.(*File).read(...)
	/opt/hostedtoolcache/go/1.25.0/x64/src/os/file_posix.go:29
os.(*File).Read(0x1400011c118, {0x14000990000?, 0x3d?, 0x8000?})
	/opt/hostedtoolcache/go/1.25.0/x64/src/os/file.go:144 +0x68
github.com/nmelo/initech/internal/tui.(*Pane).readLoop(0x140000df888)
	/home/runner/work/initech/initech/internal/tui/pane.go:405 +0x5c
github.com/nmelo/initech/internal/tui.(*Pane).Start.func2()
	/home/runner/work/initech/initech/internal/tui/pane.go:395 +0x4c
github.com/nmelo/initech/internal/tui.(*TUI).safeGo.func1()
	/home/runner/work/initech/initech/internal/tui/crash.go:34 +0x4c
created by github.com/nmelo/initech/internal/tui.(*TUI).safeGo in goroutine 1
	/home/runner/work/initech/initech/internal/tui/crash.go:18 +0x68

goroutine 71 [select, 685 minutes]:
io.(*pipe).read(0x140002182a0, {0x14000275e50, 0x100, 0x0?})
	/opt/hostedtoolcache/go/1.25.0/x64/src/io/pipe.go:57 +0x7c
io.(*PipeReader).Read(...)
	/opt/hostedtoolcache/go/1.25.0/x64/src/io/pipe.go:134
github.com/charmbracelet/x/vt.(*Emulator).Read(0x1400011c118?, {0x14000275e50?, 0xd?, 0x0?})
	/home/runner/go/pkg/mod/github.com/nmelo/x/vt@v0.0.0-20260402173550-246f6ae86935/emulator.go:256 +0x54
github.com/charmbracelet/x/vt.(*SafeEmulator).Read(...)
	/home/runner/go/pkg/mod/github.com/nmelo/x/vt@v0.0.0-20260402173550-246f6ae86935/safe_emulator.go:34
github.com/nmelo/initech/internal/tui.(*Pane).responseLoop(0x140000df888)
	/home/runner/work/initech/initech/internal/tui/pane.go:468 +0x5c
github.com/nmelo/initech/internal/tui.(*Pane).Start.func3()
	/home/runner/work/initech/initech/internal/tui/pane.go:396 +0x4c
github.com/nmelo/initech/internal/tui.(*TUI).safeGo.func1()
	/home/runner/work/initech/initech/internal/tui/crash.go:34 +0x4c
created by github.com/nmelo/initech/internal/tui.(*TUI).safeGo in goroutine 1
	/home/runner/work/initech/initech/internal/tui/crash.go:18 +0x68

goroutine 72 [chan receive]:
github.com/nmelo/initech/internal/tui.(*Pane).watchJSONL(0x140000df888)
	/home/runner/work/initech/initech/internal/tui/pane_journal.go:30 +0x9c
github.com/nmelo/initech/internal/tui.(*Pane).Start.func4()
	/home/runner/work/initech/initech/internal/tui/pane.go:398 +0x4c
github.com/nmelo/initech/internal/tui.(*TUI).safeGo.func1()
	/home/runner/work/initech/initech/internal/tui/crash.go:34 +0x4c
created by github.com/nmelo/initech/internal/tui.(*TUI).safeGo in goroutine 1
	/home/runner/work/initech/initech/internal/tui/crash.go:18 +0x68

goroutine 73 [syscall, 685 minutes]:
syscall.syscall(0x140002c4dc8?, 0x102c51e24?, 0x800000?, 0x7ffff800000?)
	/opt/hostedtoolcache/go/1.25.0/x64/src/runtime/sys_darwin.go:27 +0x40
syscall.read(0x1400007c4e0?, {0x14001732000?, 0x12?, 0x0?})
	/opt/hostedtoolcache/go/1.25.0/x64/src/syscall/zsyscall_darwin_arm64.go:1245 +0x48
syscall.Read(...)
	/opt/hostedtoolcache/go/1.25.0/x64/src/syscall/syscall_unix.go:183
internal/poll.ignoringEINTRIO(...)
	/opt/hostedtoolcache/go/1.25.0/x64/src/internal/poll/fd_unix.go:738
internal/poll.(*FD).Read(0x1400007c4e0, {0x14001732000, 0x8000, 0x8000})
	/opt/hostedtoolcache/go/1.25.0/x64/src/internal/poll/fd_unix.go:161 +0x204
os.(*File).read(...)
	/opt/hostedtoolcache/go/1.25.0/x64/src/os/file_posix.go:29
os.(*File).Read(0x1400011cb98, {0x14001732000?, 0xad?, 0x8000?})
	/opt/hostedtoolcache/go/1.25.0/x64/src/os/file.go:144 +0x68
github.com/nmelo/initech/internal/tui.(*Pane).readLoop(0x14000248708)
	/home/runner/work/initech/initech/internal/tui/pane.go:405 +0x5c
github.com/nmelo/initech/internal/tui.(*Pane).Start.func2()
	/home/runner/work/initech/initech/internal/tui/pane.go:395 +0x4c
github.com/nmelo/initech/internal/tui.(*TUI).safeGo.func1()
	/home/runner/work/initech/initech/internal/tui/crash.go:34 +0x4c
created by github.com/nmelo/initech/internal/tui.(*TUI).safeGo in goroutine 1
	/home/runner/work/initech/initech/internal/tui/crash.go:18 +0x68

goroutine 74 [select, 686 minutes]:
io.(*pipe).read(0x1400007c480, {0x140002c2e50, 0x100, 0x0?})
	/opt/hostedtoolcache/go/1.25.0/x64/src/io/pipe.go:57 +0x7c
io.(*PipeReader).Read(...)
	/opt/hostedtoolcache/go/1.25.0/x64/src/io/pipe.go:134
github.com/charmbracelet/x/vt.(*Emulator).Read(0x1400011cb98?, {0x140002c2e50?, 0x18?, 0x0?})
	/home/runner/go/pkg/mod/github.com/nmelo/x/vt@v0.0.0-20260402173550-246f6ae86935/emulator.go:256 +0x54
github.com/charmbracelet/x/vt.(*SafeEmulator).Read(...)
	/home/runner/go/pkg/mod/github.com/nmelo/x/vt@v0.0.0-20260402173550-246f6ae86935/safe_emulator.go:34
github.com/nmelo/initech/internal/tui.(*Pane).responseLoop(0x14000248708)
	/home/runner/work/initech/initech/internal/tui/pane.go:468 +0x5c
github.com/nmelo/initech/internal/tui.(*Pane).Start.func3()
	/home/runner/work/initech/initech/internal/tui/pane.go:396 +0x4c
github.com/nmelo/initech/internal/tui.(*TUI).safeGo.func1()
	/home/runner/work/initech/initech/internal/tui/crash.go:34 +0x4c
created by github.com/nmelo/initech/internal/tui.(*TUI).safeGo in goroutine 1
	/home/runner/work/initech/initech/internal/tui/crash.go:18 +0x68

goroutine 75 [chan receive]:
github.com/nmelo/initech/internal/tui.(*Pane).watchJSONL(0x14000248708)
	/home/runner/work/initech/initech/internal/tui/pane_journal.go:30 +0x9c
github.com/nmelo/initech/internal/tui.(*Pane).Start.func4()
	/home/runner/work/initech/initech/internal/tui/pane.go:398 +0x4c
github.com/nmelo/initech/internal/tui.(*TUI).safeGo.func1()
	/home/runner/work/initech/initech/internal/tui/crash.go:34 +0x4c
created by github.com/nmelo/initech/internal/tui.(*TUI).safeGo in goroutine 1
	/home/runner/work/initech/initech/internal/tui/crash.go:18 +0x68

goroutine 76 [syscall, 685 minutes]:
syscall.syscall(0x14000277dc8?, 0x102c51e24?, 0x800000?, 0x7ffff800000?)
	/opt/hostedtoolcache/go/1.25.0/x64/src/runtime/sys_darwin.go:27 +0x40
syscall.read(0x1400007c600?, {0x14001bf8000?, 0x14000277e08?, 0x103039d4c?})
	/opt/hostedtoolcache/go/1.25.0/x64/src/syscall/zsyscall_darwin_arm64.go:1245 +0x48
syscall.Read(...)
	/opt/hostedtoolcache/go/1.25.0/x64/src/syscall/syscall_unix.go:183
internal/poll.ignoringEINTRIO(...)
	/opt/hostedtoolcache/go/1.25.0/x64/src/internal/poll/fd_unix.go:738
internal/poll.(*FD).Read(0x1400007c600, {0x14001bf8000, 0x8000, 0x8000})
	/opt/hostedtoolcache/go/1.25.0/x64/src/internal/poll/fd_unix.go:161 +0x204
os.(*File).read(...)
	/opt/hostedtoolcache/go/1.25.0/x64/src/os/file_posix.go:29
os.(*File).Read(0x1400011ceb0, {0x14001bf8000?, 0x27?, 0x8000?})
	/opt/hostedtoolcache/go/1.25.0/x64/src/os/file.go:144 +0x68
github.com/nmelo/initech/internal/tui.(*Pane).readLoop(0x14000248e08)
	/home/runner/work/initech/initech/internal/tui/pane.go:405 +0x5c
github.com/nmelo/initech/internal/tui.(*Pane).Start.func2()
	/home/runner/work/initech/initech/internal/tui/pane.go:395 +0x4c
github.com/nmelo/initech/internal/tui.(*TUI).safeGo.func1()
	/home/runner/work/initech/initech/internal/tui/crash.go:34 +0x4c
created by github.com/nmelo/initech/internal/tui.(*TUI).safeGo in goroutine 1
	/home/runner/work/initech/initech/internal/tui/crash.go:18 +0x68

goroutine 77 [select, 686 minutes]:
io.(*pipe).read(0x1400007c5a0, {0x14000272e50, 0x100, 0x0?})
	/opt/hostedtoolcache/go/1.25.0/x64/src/io/pipe.go:57 +0x7c
io.(*PipeReader).Read(...)
	/opt/hostedtoolcache/go/1.25.0/x64/src/io/pipe.go:134
github.com/charmbracelet/x/vt.(*Emulator).Read(0x1400011ceb0?, {0x14000272e50?, 0xd?, 0x0?})
	/home/runner/go/pkg/mod/github.com/nmelo/x/vt@v0.0.0-20260402173550-246f6ae86935/emulator.go:256 +0x54
github.com/charmbracelet/x/vt.(*SafeEmulator).Read(...)
	/home/runner/go/pkg/mod/github.com/nmelo/x/vt@v0.0.0-20260402173550-246f6ae86935/safe_emulator.go:34
github.com/nmelo/initech/internal/tui.(*Pane).responseLoop(0x14000248e08)
	/home/runner/work/initech/initech/internal/tui/pane.go:468 +0x5c
github.com/nmelo/initech/internal/tui.(*Pane).Start.func3()
	/home/runner/work/initech/initech/internal/tui/pane.go:396 +0x4c
github.com/nmelo/initech/internal/tui.(*TUI).safeGo.func1()
	/home/runner/work/initech/initech/internal/tui/crash.go:34 +0x4c
created by github.com/nmelo/initech/internal/tui.(*TUI).safeGo in goroutine 1
	/home/runner/work/initech/initech/internal/tui/crash.go:18 +0x68

goroutine 78 [chan receive]:
github.com/nmelo/initech/internal/tui.(*Pane).watchJSONL(0x14000248e08)
	/home/runner/work/initech/initech/internal/tui/pane_journal.go:30 +0x9c
github.com/nmelo/initech/internal/tui.(*Pane).Start.func4()
	/home/runner/work/initech/initech/internal/tui/pane.go:398 +0x4c
github.com/nmelo/initech/internal/tui.(*TUI).safeGo.func1()
	/home/runner/work/initech/initech/internal/tui/crash.go:34 +0x4c
created by github.com/nmelo/initech/internal/tui.(*TUI).safeGo in goroutine 1
	/home/runner/work/initech/initech/internal/tui/crash.go:18 +0x68

goroutine 97 [syscall]:
syscall.syscall(0x14002d61a58?, 0x102c2c464?, 0x14002d61ad8?, 0x14000250098?)
	/opt/hostedtoolcache/go/1.25.0/x64/src/runtime/sys_darwin.go:27 +0x40
syscall.readlen(0x17?, 0x14002d61af0?, 0x8?)
	/opt/hostedtoolcache/go/1.25.0/x64/src/syscall/syscall_darwin.go:248 +0x38
syscall.forkExec({0x14003909b40?, 0x102cb96d4?}, {0x1400018ed20, 0x3, 0x3}, 0x2?)
	/opt/hostedtoolcache/go/1.25.0/x64/src/syscall/exec_unix.go:220 +0x394
syscall.StartProcess(...)
	/opt/hostedtoolcache/go/1.25.0/x64/src/syscall/exec_unix.go:258
os.startProcess({0x14003909b40, 0xe}, {0x1400018ed20, 0x3, 0x3}, 0x14002d61d70)
	/opt/hostedtoolcache/go/1.25.0/x64/src/os/exec_posix.go:55 +0x1e8
os.StartProcess({0x14003909b40, 0xe}, {0x1400018ed20, 0x3, 0x3}, 0x14002d61d70)
	/opt/hostedtoolcache/go/1.25.0/x64/src/os/exec.go:266 +0x50
os/exec.(*Cmd).Start(0x140000e0900)
	/opt/hostedtoolcache/go/1.25.0/x64/src/os/exec/exec.go:725 +0x3e8
os/exec.(*Cmd).Run(0x140000e0900)
	/opt/hostedtoolcache/go/1.25.0/x64/src/os/exec/exec.go:623 +0x20
os/exec.(*Cmd).Output(0x140000e0900)
	/opt/hostedtoolcache/go/1.25.0/x64/src/os/exec/exec.go:1018 +0xb4
github.com/nmelo/initech/internal/tui.readBattery()
	/home/runner/work/initech/initech/internal/tui/battery_darwin.go:19 +0x5c
github.com/nmelo/initech/internal/tui.(*TUI).startBatteryPoller.func1()
	/home/runner/work/initech/initech/internal/tui/poll.go:95 +0xc0
github.com/nmelo/initech/internal/tui.(*TUI).safeGo.func1()
	/home/runner/work/initech/initech/internal/tui/crash.go:34 +0x4c
created by github.com/nmelo/initech/internal/tui.(*TUI).safeGo in goroutine 1
	/home/runner/work/initech/initech/internal/tui/crash.go:18 +0x68

goroutine 98 [select, 67 minutes]:
github.com/gdamore/tcell/v2.(*baseScreen).PollEvent(0x140000a6f70)
	/home/runner/go/pkg/mod/github.com/gdamore/tcell/v2@v2.13.8/screen.go:511 +0x74
github.com/nmelo/initech/internal/tui.Run.func15()
	/home/runner/work/initech/initech/internal/tui/tui.go:927 +0x50
github.com/nmelo/initech/internal/tui.(*TUI).safeGo.func1()
	/home/runner/work/initech/initech/internal/tui/crash.go:34 +0x4c
created by github.com/nmelo/initech/internal/tui.(*TUI).safeGo in goroutine 1
	/home/runner/work/initech/initech/internal/tui/crash.go:18 +0x68

=== RENDER WATCHDOG ===
Time:      2026-05-01T12:20:54+08:00
Version:   1.17.17
Go:        go1.25.0
Stale for: 16m55s
Diagnosis: No render completed in 16m55s. Main loop is likely blocked.

--- All Goroutine Stacks ---
goroutine 100 [running]:
github.com/nmelo/initech/internal/tui.dumpWatchdogStacks({0x140000e6258, 0x18}, {0x10343c230, 0x7}, 0xec5dcf1fa8)
	/home/runner/work/initech/initech/internal/tui/watchdog.go:51 +0x5c
github.com/nmelo/initech/internal/tui.renderWatchdog(0x140000d3468, 0x2540be400, {0x140000e6258, 0x18}, {0x10343c230, 0x7}, 0x140002a4310)
	/home/runner/work/initech/initech/internal/tui/watchdog.go:35 +0x158
created by github.com/nmelo/initech/internal/tui.Run in goroutine 1
	/home/runner/work/initech/initech/internal/tui/tui.go:946 +0x2408

goroutine 1 [runnable]:
github.com/gdamore/tcell/v2.(*CellBuffer).Fill(...)
	/home/runner/go/pkg/mod/github.com/gdamore/tcell/v2@v2.13.8/cell.go:253
github.com/gdamore/tcell/v2.(*baseScreen).Fill(0x140000a6f70, 0x20, {0x0, 0x0, 0x0, 0x0, 0x0, {0x0, 0x0}, {0x0, ...}})
	/home/runner/go/pkg/mod/github.com/gdamore/tcell/v2@v2.13.8/screen.go:447 +0x10c
github.com/gdamore/tcell/v2.(*baseScreen).Clear(0x14000248e08?)
	/home/runner/go/pkg/mod/github.com/gdamore/tcell/v2@v2.13.8/screen.go:441 +0x58
github.com/nmelo/initech/internal/tui.(*TUI).render(0x140000d3088)
	/home/runner/work/initech/initech/internal/tui/render.go:34 +0x1b4
github.com/nmelo/initech/internal/tui.Run({{0x14000290288, 0x5, 0x5}, {0x140000cc970, 0xa}, {0x140000e6258, 0x18}, 0x0, 0x0, {0x10343c230, ...}, ...})
	/home/runner/work/initech/initech/internal/tui/tui.go:998 +0x27c8
github.com/nmelo/initech/cmd.runTUI(0x103dbe520, {0x1032dcf61?, 0x4?, 0x1032dd029?})
	/home/runner/work/initech/initech/cmd/root.go:286 +0x820
github.com/spf13/cobra.(*Command).execute(0x103dbe520, {0x14000126040, 0x0, 0x0})
	/home/runner/go/pkg/mod/github.com/spf13/cobra@v1.10.2/command.go:1015 +0x7d4
github.com/spf13/cobra.(*Command).ExecuteC(0x103dbe520)
	/home/runner/go/pkg/mod/github.com/spf13/cobra@v1.10.2/command.go:1148 +0x350
github.com/spf13/cobra.(*Command).Execute(...)
	/home/runner/go/pkg/mod/github.com/spf13/cobra@v1.10.2/command.go:1071
github.com/nmelo/initech/cmd.init.func4()
	/home/runner/work/initech/initech/cmd/root.go:41 +0x24
github.com/nmelo/initech/cmd.Execute()
	/home/runner/work/initech/initech/cmd/root.go:134 +0x28
main.main()
	/home/runner/work/initech/initech/main.go:7 +0x1c

goroutine 13 [select, 686 minutes]:
github.com/gdamore/tcell/v2.(*devTty).Start.func1(0x140002a40e0)
	/home/runner/go/pkg/mod/github.com/gdamore/tcell/v2@v2.13.8/tty_unix.go:94 +0x8c
created by github.com/gdamore/tcell/v2.(*devTty).Start in goroutine 1
	/home/runner/go/pkg/mod/github.com/gdamore/tcell/v2@v2.13.8/tty_unix.go:91 +0x20c

goroutine 15 [syscall, 686 minutes]:
os/signal.signal_recv()
	/opt/hostedtoolcache/go/1.25.0/x64/src/runtime/sigqueue.go:149 +0x2c
os/signal.loop()
	/opt/hostedtoolcache/go/1.25.0/x64/src/os/signal/signal_unix.go:23 +0x1c
created by os/signal.Notify.func1.1 in goroutine 1
	/opt/hostedtoolcache/go/1.25.0/x64/src/os/signal/signal.go:152 +0x28

goroutine 16 [syscall, 67 minutes]:
syscall.syscall(0x14000106598?, 0x102c51e24?, 0x800000?, 0x7ffff800000?)
	/opt/hostedtoolcache/go/1.25.0/x64/src/runtime/sys_darwin.go:27 +0x40
syscall.read(0x140000ac480?, {0x140030bfa80?, 0x14000106608?, 0x102b6f838?})
	/opt/hostedtoolcache/go/1.25.0/x64/src/syscall/zsyscall_darwin_arm64.go:1245 +0x48
syscall.Read(...)
	/opt/hostedtoolcache/go/1.25.0/x64/src/syscall/syscall_unix.go:183
internal/poll.ignoringEINTRIO(...)
	/opt/hostedtoolcache/go/1.25.0/x64/src/internal/poll/fd_unix.go:738
internal/poll.(*FD).Read(0x140000ac480, {0x140030bfa80, 0x80, 0x80})
	/opt/hostedtoolcache/go/1.25.0/x64/src/internal/poll/fd_unix.go:161 +0x204
os.(*File).read(...)
	/opt/hostedtoolcache/go/1.25.0/x64/src/os/file_posix.go:29
os.(*File).Read(0x140000b4020, {0x140030bfa80?, 0x1?, 0x0?})
	/opt/hostedtoolcache/go/1.25.0/x64/src/os/file.go:144 +0x68
github.com/gdamore/tcell/v2.(*devTty).Read(0x0?, {0x140030bfa80?, 0x80?, 0x80?})
	/home/runner/go/pkg/mod/github.com/gdamore/tcell/v2@v2.13.8/tty_unix.go:49 +0x24
github.com/gdamore/tcell/v2.(*tScreen).inputLoop(0x1400028c408, 0x140002a42a0)
	/home/runner/go/pkg/mod/github.com/gdamore/tcell/v2@v2.13.8/tscreen.go:1051 +0xa4
created by github.com/gdamore/tcell/v2.(*tScreen).engage in goroutine 1
	/home/runner/go/pkg/mod/github.com/gdamore/tcell/v2@v2.13.8/tscreen.go:1211 +0x374

goroutine 49 [select, 67 minutes]:
github.com/gdamore/tcell/v2.(*tScreen).mainLoop(0x1400028c408, 0x140002a42a0)
	/home/runner/go/pkg/mod/github.com/gdamore/tcell/v2@v2.13.8/tscreen.go:1020 +0xbc
created by github.com/gdamore/tcell/v2.(*tScreen).engage in goroutine 1
	/home/runner/go/pkg/mod/github.com/gdamore/tcell/v2@v2.13.8/tscreen.go:1212 +0x3bc

goroutine 50 [chan receive, 686 minutes]:
github.com/nmelo/initech/internal/tui.installSignalHandlers.func1()
	/home/runner/work/initech/initech/internal/tui/signals.go:55 +0x4c
created by github.com/nmelo/initech/internal/tui.installSignalHandlers in goroutine 1
	/home/runner/work/initech/initech/internal/tui/signals.go:54 +0x11c

goroutine 51 [chan receive, 686 minutes]:
github.com/nmelo/initech/internal/telemetry.(*Client).sender(0x140000dc380)
	/home/runner/work/initech/initech/internal/telemetry/telemetry.go:126 +0xcc
created by github.com/nmelo/initech/internal/telemetry.Init in goroutine 1
	/home/runner/work/initech/initech/internal/telemetry/telemetry.go:62 +0x134

goroutine 52 [IO wait, 686 minutes]:
internal/poll.runtime_pollWait(0x14aa91000, 0x72)
	/opt/hostedtoolcache/go/1.25.0/x64/src/runtime/netpoll.go:351 +0xa0
internal/poll.(*pollDesc).wait(0x140001a4080?, 0x0?, 0x0)
	/opt/hostedtoolcache/go/1.25.0/x64/src/internal/poll/fd_poll_runtime.go:84 +0x28
internal/poll.(*pollDesc).waitRead(...)
	/opt/hostedtoolcache/go/1.25.0/x64/src/internal/poll/fd_poll_runtime.go:89
internal/poll.(*FD).Accept(0x140001a4080)
	/opt/hostedtoolcache/go/1.25.0/x64/src/internal/poll/fd_unix.go:613 +0x21c
net.(*netFD).accept(0x140001a4080)
	/opt/hostedtoolcache/go/1.25.0/x64/src/net/fd_unix.go:161 +0x28
net.(*UnixListener).accept(0x2baa1f35a874?)
	/opt/hostedtoolcache/go/1.25.0/x64/src/net/unixsock_posix.go:172 +0x20
net.(*UnixListener).Accept(0x140000b06f0)
	/opt/hostedtoolcache/go/1.25.0/x64/src/net/unixsock.go:260 +0x2c
github.com/nmelo/initech/internal/tui.(*TUI).startIPC.func1()
	/home/runner/work/initech/initech/internal/tui/ipc.go:85 +0x58
github.com/nmelo/initech/internal/tui.(*TUI).safeGo.func1()
	/home/runner/work/initech/initech/internal/tui/crash.go:34 +0x4c
created by github.com/nmelo/initech/internal/tui.(*TUI).safeGo in goroutine 1
	/home/runner/work/initech/initech/internal/tui/crash.go:18 +0x68

goroutine 81 [syscall, 67 minutes]:
syscall.syscall(0x14000274dc8?, 0x102c51e24?, 0x800000?, 0x7ffff800000?)
	/opt/hostedtoolcache/go/1.25.0/x64/src/runtime/sys_darwin.go:27 +0x40
syscall.read(0x140002180c0?, {0x14000110000?, 0x14000274e08?, 0x103039d4c?})
	/opt/hostedtoolcache/go/1.25.0/x64/src/syscall/zsyscall_darwin_arm64.go:1245 +0x48
syscall.Read(...)
	/opt/hostedtoolcache/go/1.25.0/x64/src/syscall/syscall_unix.go:183
internal/poll.ignoringEINTRIO(...)
	/opt/hostedtoolcache/go/1.25.0/x64/src/internal/poll/fd_unix.go:738
internal/poll.(*FD).Read(0x140002180c0, {0x14000110000, 0x8000, 0x8000})
	/opt/hostedtoolcache/go/1.25.0/x64/src/internal/poll/fd_unix.go:161 +0x204
os.(*File).read(...)
	/opt/hostedtoolcache/go/1.25.0/x64/src/os/file_posix.go:29
os.(*File).Read(0x1400011c0e8, {0x14000110000?, 0xa3?, 0x8000?})
	/opt/hostedtoolcache/go/1.25.0/x64/src/os/file.go:144 +0x68
github.com/nmelo/initech/internal/tui.(*Pane).readLoop(0x140000dea88)
	/home/runner/work/initech/initech/internal/tui/pane.go:405 +0x5c
github.com/nmelo/initech/internal/tui.(*Pane).Start.func2()
	/home/runner/work/initech/initech/internal/tui/pane.go:395 +0x4c
github.com/nmelo/initech/internal/tui.(*TUI).safeGo.func1()
	/home/runner/work/initech/initech/internal/tui/crash.go:34 +0x4c
created by github.com/nmelo/initech/internal/tui.(*TUI).safeGo in goroutine 1
	/home/runner/work/initech/initech/internal/tui/crash.go:18 +0x68

goroutine 82 [select, 67 minutes]:
io.(*pipe).read(0x140000ac720, {0x140002bee50, 0x100, 0x0?})
	/opt/hostedtoolcache/go/1.25.0/x64/src/io/pipe.go:57 +0x7c
io.(*PipeReader).Read(...)
	/opt/hostedtoolcache/go/1.25.0/x64/src/io/pipe.go:134
github.com/charmbracelet/x/vt.(*Emulator).Read(0x1400011c0e8?, {0x140002bee50?, 0xb?, 0x0?})
	/home/runner/go/pkg/mod/github.com/nmelo/x/vt@v0.0.0-20260402173550-246f6ae86935/emulator.go:256 +0x54
github.com/charmbracelet/x/vt.(*SafeEmulator).Read(...)
	/home/runner/go/pkg/mod/github.com/nmelo/x/vt@v0.0.0-20260402173550-246f6ae86935/safe_emulator.go:34
github.com/nmelo/initech/internal/tui.(*Pane).responseLoop(0x140000dea88)
	/home/runner/work/initech/initech/internal/tui/pane.go:468 +0x5c
github.com/nmelo/initech/internal/tui.(*Pane).Start.func3()
	/home/runner/work/initech/initech/internal/tui/pane.go:396 +0x4c
github.com/nmelo/initech/internal/tui.(*TUI).safeGo.func1()
	/home/runner/work/initech/initech/internal/tui/crash.go:34 +0x4c
created by github.com/nmelo/initech/internal/tui.(*TUI).safeGo in goroutine 1
	/home/runner/work/initech/initech/internal/tui/crash.go:18 +0x68

goroutine 83 [chan receive]:
github.com/nmelo/initech/internal/tui.(*Pane).watchJSONL(0x140000dea88)
	/home/runner/work/initech/initech/internal/tui/pane_journal.go:30 +0x9c
github.com/nmelo/initech/internal/tui.(*Pane).Start.func4()
	/home/runner/work/initech/initech/internal/tui/pane.go:398 +0x4c
github.com/nmelo/initech/internal/tui.(*TUI).safeGo.func1()
	/home/runner/work/initech/initech/internal/tui/crash.go:34 +0x4c
created by github.com/nmelo/initech/internal/tui.(*TUI).safeGo in goroutine 1
	/home/runner/work/initech/initech/internal/tui/crash.go:18 +0x68

goroutine 84 [syscall, 87 minutes]:
syscall.syscall(0x14002d62dc8?, 0x102c51e24?, 0x800000?, 0x7ffff800000?)
	/opt/hostedtoolcache/go/1.25.0/x64/src/runtime/sys_darwin.go:27 +0x40
syscall.read(0x140002181e0?, {0x14000df2000?, 0x14002d62e08?, 0x103039d4c?})
	/opt/hostedtoolcache/go/1.25.0/x64/src/syscall/zsyscall_darwin_arm64.go:1245 +0x48
syscall.Read(...)
	/opt/hostedtoolcache/go/1.25.0/x64/src/syscall/syscall_unix.go:183
internal/poll.ignoringEINTRIO(...)
	/opt/hostedtoolcache/go/1.25.0/x64/src/internal/poll/fd_unix.go:738
internal/poll.(*FD).Read(0x140002181e0, {0x14000df2000, 0x8000, 0x8000})
	/opt/hostedtoolcache/go/1.25.0/x64/src/internal/poll/fd_unix.go:161 +0x204
os.(*File).read(...)
	/opt/hostedtoolcache/go/1.25.0/x64/src/os/file_posix.go:29
os.(*File).Read(0x1400011c570, {0x14000df2000?, 0x5d?, 0x8000?})
	/opt/hostedtoolcache/go/1.25.0/x64/src/os/file.go:144 +0x68
github.com/nmelo/initech/internal/tui.(*Pane).readLoop(0x140000df188)
	/home/runner/work/initech/initech/internal/tui/pane.go:405 +0x5c
github.com/nmelo/initech/internal/tui.(*Pane).Start.func2()
	/home/runner/work/initech/initech/internal/tui/pane.go:395 +0x4c
github.com/nmelo/initech/internal/tui.(*TUI).safeGo.func1()
	/home/runner/work/initech/initech/internal/tui/crash.go:34 +0x4c
created by github.com/nmelo/initech/internal/tui.(*TUI).safeGo in goroutine 1
	/home/runner/work/initech/initech/internal/tui/crash.go:18 +0x68

goroutine 85 [select, 87 minutes]:
io.(*pipe).read(0x14000218180, {0x140002bfe50, 0x100, 0x0?})
	/opt/hostedtoolcache/go/1.25.0/x64/src/io/pipe.go:57 +0x7c
io.(*PipeReader).Read(...)
	/opt/hostedtoolcache/go/1.25.0/x64/src/io/pipe.go:134
github.com/charmbracelet/x/vt.(*Emulator).Read(0x1400011c570?, {0x140002bfe50?, 0xb?, 0x0?})
	/home/runner/go/pkg/mod/github.com/nmelo/x/vt@v0.0.0-20260402173550-246f6ae86935/emulator.go:256 +0x54
github.com/charmbracelet/x/vt.(*SafeEmulator).Read(...)
	/home/runner/go/pkg/mod/github.com/nmelo/x/vt@v0.0.0-20260402173550-246f6ae86935/safe_emulator.go:34
github.com/nmelo/initech/internal/tui.(*Pane).responseLoop(0x140000df188)
	/home/runner/work/initech/initech/internal/tui/pane.go:468 +0x5c
github.com/nmelo/initech/internal/tui.(*Pane).Start.func3()
	/home/runner/work/initech/initech/internal/tui/pane.go:396 +0x4c
github.com/nmelo/initech/internal/tui.(*TUI).safeGo.func1()
	/home/runner/work/initech/initech/internal/tui/crash.go:34 +0x4c
created by github.com/nmelo/initech/internal/tui.(*TUI).safeGo in goroutine 1
	/home/runner/work/initech/initech/internal/tui/crash.go:18 +0x68

goroutine 86 [chan receive]:
github.com/nmelo/initech/internal/tui.(*Pane).watchJSONL(0x140000df188)
	/home/runner/work/initech/initech/internal/tui/pane_journal.go:30 +0x9c
github.com/nmelo/initech/internal/tui.(*Pane).Start.func4()
	/home/runner/work/initech/initech/internal/tui/pane.go:398 +0x4c
github.com/nmelo/initech/internal/tui.(*TUI).safeGo.func1()
	/home/runner/work/initech/initech/internal/tui/crash.go:34 +0x4c
created by github.com/nmelo/initech/internal/tui.(*TUI).safeGo in goroutine 1
	/home/runner/work/initech/initech/internal/tui/crash.go:18 +0x68

goroutine 70 [syscall, 686 minutes]:
syscall.syscall(0x14002d5fdc8?, 0x102c51e24?, 0x800000?, 0x7ffff800000?)
	/opt/hostedtoolcache/go/1.25.0/x64/src/runtime/sys_darwin.go:27 +0x40
syscall.read(0x1400007c3c0?, {0x14000990000?, 0x14002d5fe08?, 0x103039d4c?})
	/opt/hostedtoolcache/go/1.25.0/x64/src/syscall/zsyscall_darwin_arm64.go:1245 +0x48
syscall.Read(...)
	/opt/hostedtoolcache/go/1.25.0/x64/src/syscall/syscall_unix.go:183
internal/poll.ignoringEINTRIO(...)
	/opt/hostedtoolcache/go/1.25.0/x64/src/internal/poll/fd_unix.go:738
internal/poll.(*FD).Read(0x1400007c3c0, {0x14000990000, 0x8000, 0x8000})
	/opt/hostedtoolcache/go/1.25.0/x64/src/internal/poll/fd_unix.go:161 +0x204
os.(*File).read(...)
	/opt/hostedtoolcache/go/1.25.0/x64/src/os/file_posix.go:29
os.(*File).Read(0x1400011c118, {0x14000990000?, 0x3d?, 0x8000?})
	/opt/hostedtoolcache/go/1.25.0/x64/src/os/file.go:144 +0x68
github.com/nmelo/initech/internal/tui.(*Pane).readLoop(0x140000df888)
	/home/runner/work/initech/initech/internal/tui/pane.go:405 +0x5c
github.com/nmelo/initech/internal/tui.(*Pane).Start.func2()
	/home/runner/work/initech/initech/internal/tui/pane.go:395 +0x4c
github.com/nmelo/initech/internal/tui.(*TUI).safeGo.func1()
	/home/runner/work/initech/initech/internal/tui/crash.go:34 +0x4c
created by github.com/nmelo/initech/internal/tui.(*TUI).safeGo in goroutine 1
	/home/runner/work/initech/initech/internal/tui/crash.go:18 +0x68

goroutine 71 [select, 686 minutes]:
io.(*pipe).read(0x140002182a0, {0x14000275e50, 0x100, 0x0?})
	/opt/hostedtoolcache/go/1.25.0/x64/src/io/pipe.go:57 +0x7c
io.(*PipeReader).Read(...)
	/opt/hostedtoolcache/go/1.25.0/x64/src/io/pipe.go:134
github.com/charmbracelet/x/vt.(*Emulator).Read(0x1400011c118?, {0x14000275e50?, 0xd?, 0x0?})
	/home/runner/go/pkg/mod/github.com/nmelo/x/vt@v0.0.0-20260402173550-246f6ae86935/emulator.go:256 +0x54
github.com/charmbracelet/x/vt.(*SafeEmulator).Read(...)
	/home/runner/go/pkg/mod/github.com/nmelo/x/vt@v0.0.0-20260402173550-246f6ae86935/safe_emulator.go:34
github.com/nmelo/initech/internal/tui.(*Pane).responseLoop(0x140000df888)
	/home/runner/work/initech/initech/internal/tui/pane.go:468 +0x5c
github.com/nmelo/initech/internal/tui.(*Pane).Start.func3()
	/home/runner/work/initech/initech/internal/tui/pane.go:396 +0x4c
github.com/nmelo/initech/internal/tui.(*TUI).safeGo.func1()
	/home/runner/work/initech/initech/internal/tui/crash.go:34 +0x4c
created by github.com/nmelo/initech/internal/tui.(*TUI).safeGo in goroutine 1
	/home/runner/work/initech/initech/internal/tui/crash.go:18 +0x68

goroutine 72 [chan receive]:
github.com/nmelo/initech/internal/tui.(*Pane).watchJSONL(0x140000df888)
	/home/runner/work/initech/initech/internal/tui/pane_journal.go:30 +0x9c
github.com/nmelo/initech/internal/tui.(*Pane).Start.func4()
	/home/runner/work/initech/initech/internal/tui/pane.go:398 +0x4c
github.com/nmelo/initech/internal/tui.(*TUI).safeGo.func1()
	/home/runner/work/initech/initech/internal/tui/crash.go:34 +0x4c
created by github.com/nmelo/initech/internal/tui.(*TUI).safeGo in goroutine 1
	/home/runner/work/initech/initech/internal/tui/crash.go:18 +0x68

goroutine 73 [syscall, 685 minutes]:
syscall.syscall(0x140002c4dc8?, 0x102c51e24?, 0x800000?, 0x7ffff800000?)
	/opt/hostedtoolcache/go/1.25.0/x64/src/runtime/sys_darwin.go:27 +0x40
syscall.read(0x1400007c4e0?, {0x14001732000?, 0x12?, 0x0?})
	/opt/hostedtoolcache/go/1.25.0/x64/src/syscall/zsyscall_darwin_arm64.go:1245 +0x48
syscall.Read(...)
	/opt/hostedtoolcache/go/1.25.0/x64/src/syscall/syscall_unix.go:183
internal/poll.ignoringEINTRIO(...)
	/opt/hostedtoolcache/go/1.25.0/x64/src/internal/poll/fd_unix.go:738
internal/poll.(*FD).Read(0x1400007c4e0, {0x14001732000, 0x8000, 0x8000})
	/opt/hostedtoolcache/go/1.25.0/x64/src/internal/poll/fd_unix.go:161 +0x204
os.(*File).read(...)
	/opt/hostedtoolcache/go/1.25.0/x64/src/os/file_posix.go:29
os.(*File).Read(0x1400011cb98, {0x14001732000?, 0xad?, 0x8000?})
	/opt/hostedtoolcache/go/1.25.0/x64/src/os/file.go:144 +0x68
github.com/nmelo/initech/internal/tui.(*Pane).readLoop(0x14000248708)
	/home/runner/work/initech/initech/internal/tui/pane.go:405 +0x5c
github.com/nmelo/initech/internal/tui.(*Pane).Start.func2()
	/home/runner/work/initech/initech/internal/tui/pane.go:395 +0x4c
github.com/nmelo/initech/internal/tui.(*TUI).safeGo.func1()
	/home/runner/work/initech/initech/internal/tui/crash.go:34 +0x4c
created by github.com/nmelo/initech/internal/tui.(*TUI).safeGo in goroutine 1
	/home/runner/work/initech/initech/internal/tui/crash.go:18 +0x68

goroutine 74 [select, 686 minutes]:
io.(*pipe).read(0x1400007c480, {0x140002c2e50, 0x100, 0x0?})
	/opt/hostedtoolcache/go/1.25.0/x64/src/io/pipe.go:57 +0x7c
io.(*PipeReader).Read(...)
	/opt/hostedtoolcache/go/1.25.0/x64/src/io/pipe.go:134
github.com/charmbracelet/x/vt.(*Emulator).Read(0x1400011cb98?, {0x140002c2e50?, 0x18?, 0x0?})
	/home/runner/go/pkg/mod/github.com/nmelo/x/vt@v0.0.0-20260402173550-246f6ae86935/emulator.go:256 +0x54
github.com/charmbracelet/x/vt.(*SafeEmulator).Read(...)
	/home/runner/go/pkg/mod/github.com/nmelo/x/vt@v0.0.0-20260402173550-246f6ae86935/safe_emulator.go:34
github.com/nmelo/initech/internal/tui.(*Pane).responseLoop(0x14000248708)
	/home/runner/work/initech/initech/internal/tui/pane.go:468 +0x5c
github.com/nmelo/initech/internal/tui.(*Pane).Start.func3()
	/home/runner/work/initech/initech/internal/tui/pane.go:396 +0x4c
github.com/nmelo/initech/internal/tui.(*TUI).safeGo.func1()
	/home/runner/work/initech/initech/internal/tui/crash.go:34 +0x4c
created by github.com/nmelo/initech/internal/tui.(*TUI).safeGo in goroutine 1
	/home/runner/work/initech/initech/internal/tui/crash.go:18 +0x68

goroutine 75 [chan receive]:
github.com/nmelo/initech/internal/tui.(*Pane).watchJSONL(0x14000248708)
	/home/runner/work/initech/initech/internal/tui/pane_journal.go:30 +0x9c
github.com/nmelo/initech/internal/tui.(*Pane).Start.func4()
	/home/runner/work/initech/initech/internal/tui/pane.go:398 +0x4c
github.com/nmelo/initech/internal/tui.(*TUI).safeGo.func1()
	/home/runner/work/initech/initech/internal/tui/crash.go:34 +0x4c
created by github.com/nmelo/initech/internal/tui.(*TUI).safeGo in goroutine 1
	/home/runner/work/initech/initech/internal/tui/crash.go:18 +0x68

goroutine 76 [syscall, 686 minutes]:
syscall.syscall(0x14000277dc8?, 0x102c51e24?, 0x800000?, 0x7ffff800000?)
	/opt/hostedtoolcache/go/1.25.0/x64/src/runtime/sys_darwin.go:27 +0x40
syscall.read(0x1400007c600?, {0x14001bf8000?, 0x14000277e08?, 0x103039d4c?})
	/opt/hostedtoolcache/go/1.25.0/x64/src/syscall/zsyscall_darwin_arm64.go:1245 +0x48
syscall.Read(...)
	/opt/hostedtoolcache/go/1.25.0/x64/src/syscall/syscall_unix.go:183
internal/poll.ignoringEINTRIO(...)
	/opt/hostedtoolcache/go/1.25.0/x64/src/internal/poll/fd_unix.go:738
internal/poll.(*FD).Read(0x1400007c600, {0x14001bf8000, 0x8000, 0x8000})
	/opt/hostedtoolcache/go/1.25.0/x64/src/internal/poll/fd_unix.go:161 +0x204
os.(*File).read(...)
	/opt/hostedtoolcache/go/1.25.0/x64/src/os/file_posix.go:29
os.(*File).Read(0x1400011ceb0, {0x14001bf8000?, 0x27?, 0x8000?})
	/opt/hostedtoolcache/go/1.25.0/x64/src/os/file.go:144 +0x68
github.com/nmelo/initech/internal/tui.(*Pane).readLoop(0x14000248e08)
	/home/runner/work/initech/initech/internal/tui/pane.go:405 +0x5c
github.com/nmelo/initech/internal/tui.(*Pane).Start.func2()
	/home/runner/work/initech/initech/internal/tui/pane.go:395 +0x4c
github.com/nmelo/initech/internal/tui.(*TUI).safeGo.func1()
	/home/runner/work/initech/initech/internal/tui/crash.go:34 +0x4c
created by github.com/nmelo/initech/internal/tui.(*TUI).safeGo in goroutine 1
	/home/runner/work/initech/initech/internal/tui/crash.go:18 +0x68

goroutine 77 [select, 686 minutes]:
io.(*pipe).read(0x1400007c5a0, {0x14000272e50, 0x100, 0x0?})
	/opt/hostedtoolcache/go/1.25.0/x64/src/io/pipe.go:57 +0x7c
io.(*PipeReader).Read(...)
	/opt/hostedtoolcache/go/1.25.0/x64/src/io/pipe.go:134
github.com/charmbracelet/x/vt.(*Emulator).Read(0x1400011ceb0?, {0x14000272e50?, 0xd?, 0x0?})
	/home/runner/go/pkg/mod/github.com/nmelo/x/vt@v0.0.0-20260402173550-246f6ae86935/emulator.go:256 +0x54
github.com/charmbracelet/x/vt.(*SafeEmulator).Read(...)
	/home/runner/go/pkg/mod/github.com/nmelo/x/vt@v0.0.0-20260402173550-246f6ae86935/safe_emulator.go:34
github.com/nmelo/initech/internal/tui.(*Pane).responseLoop(0x14000248e08)
	/home/runner/work/initech/initech/internal/tui/pane.go:468 +0x5c
github.com/nmelo/initech/internal/tui.(*Pane).Start.func3()
	/home/runner/work/initech/initech/internal/tui/pane.go:396 +0x4c
github.com/nmelo/initech/internal/tui.(*TUI).safeGo.func1()
	/home/runner/work/initech/initech/internal/tui/crash.go:34 +0x4c
created by github.com/nmelo/initech/internal/tui.(*TUI).safeGo in goroutine 1
	/home/runner/work/initech/initech/internal/tui/crash.go:18 +0x68

goroutine 78 [chan receive]:
github.com/nmelo/initech/internal/tui.(*Pane).watchJSONL(0x14000248e08)
	/home/runner/work/initech/initech/internal/tui/pane_journal.go:30 +0x9c
github.com/nmelo/initech/internal/tui.(*Pane).Start.func4()
	/home/runner/work/initech/initech/internal/tui/pane.go:398 +0x4c
github.com/nmelo/initech/internal/tui.(*TUI).safeGo.func1()
	/home/runner/work/initech/initech/internal/tui/crash.go:34 +0x4c
created by github.com/nmelo/initech/internal/tui.(*TUI).safeGo in goroutine 1
	/home/runner/work/initech/initech/internal/tui/crash.go:18 +0x68

goroutine 97 [select]:
github.com/nmelo/initech/internal/tui.(*TUI).startBatteryPoller.func1()
	/home/runner/work/initech/initech/internal/tui/poll.go:93 +0xac
github.com/nmelo/initech/internal/tui.(*TUI).safeGo.func1()
	/home/runner/work/initech/initech/internal/tui/crash.go:34 +0x4c
created by github.com/nmelo/initech/internal/tui.(*TUI).safeGo in goroutine 1
	/home/runner/work/initech/initech/internal/tui/crash.go:18 +0x68

goroutine 98 [select, 67 minutes]:
github.com/gdamore/tcell/v2.(*baseScreen).PollEvent(0x140000a6f70)
	/home/runner/go/pkg/mod/github.com/gdamore/tcell/v2@v2.13.8/screen.go:511 +0x74
github.com/nmelo/initech/internal/tui.Run.func15()
	/home/runner/work/initech/initech/internal/tui/tui.go:927 +0x50
github.com/nmelo/initech/internal/tui.(*TUI).safeGo.func1()
	/home/runner/work/initech/initech/internal/tui/crash.go:34 +0x4c
created by github.com/nmelo/initech/internal/tui.(*TUI).safeGo in goroutine 1
	/home/runner/work/initech/initech/internal/tui/crash.go:18 +0x68

=== RENDER WATCHDOG ===
Time:      2026-05-01T16:06:14+08:00
Version:   1.17.17
Go:        go1.25.0
Stale for: 11s
Diagnosis: No render completed in 11s. Main loop is likely blocked.

--- All Goroutine Stacks ---
goroutine 100 [running]:
github.com/nmelo/initech/internal/tui.dumpWatchdogStacks({0x140000e6258, 0x18}, {0x10343c230, 0x7}, 0x296336830)
	/home/runner/work/initech/initech/internal/tui/watchdog.go:51 +0x5c
github.com/nmelo/initech/internal/tui.renderWatchdog(0x140000d3468, 0x2540be400, {0x140000e6258, 0x18}, {0x10343c230, 0x7}, 0x140002a4310)
	/home/runner/work/initech/initech/internal/tui/watchdog.go:35 +0x158
created by github.com/nmelo/initech/internal/tui.Run in goroutine 1
	/home/runner/work/initech/initech/internal/tui/tui.go:946 +0x2408

goroutine 1 [syscall]:
syscall.syscall(0x1400004c638?, 0x102c5371c?, 0x80000000000?, 0x7ffff80000000000?)
	/opt/hostedtoolcache/go/1.25.0/x64/src/runtime/sys_darwin.go:27 +0x40
syscall.write(0x140000ac480?, {0x14001e98000?, 0x1?, 0x6?})
	/opt/hostedtoolcache/go/1.25.0/x64/src/syscall/zsyscall_darwin_arm64.go:1709 +0x48
syscall.Write(...)
	/opt/hostedtoolcache/go/1.25.0/x64/src/syscall/syscall_unix.go:211
internal/poll.ignoringEINTRIO(...)
	/opt/hostedtoolcache/go/1.25.0/x64/src/internal/poll/fd_unix.go:738
internal/poll.(*FD).Write(0x140000ac480, {0x14001e98000, 0x4577, 0x8000})
	/opt/hostedtoolcache/go/1.25.0/x64/src/internal/poll/fd_unix.go:374 +0x2b4
os.(*File).write(...)
	/opt/hostedtoolcache/go/1.25.0/x64/src/os/file_posix.go:46
os.(*File).Write(0x140000b4020, {0x14001e98000?, 0x4577, 0x102ce7740?})
	/opt/hostedtoolcache/go/1.25.0/x64/src/os/file.go:215 +0x54
github.com/gdamore/tcell/v2.(*devTty).Write(0x103441e90?, {0x14001e98000?, 0x1034421d0?, 0x1032e1c2e?})
	/home/runner/go/pkg/mod/github.com/gdamore/tcell/v2@v2.13.8/tty_unix.go:53 +0x24
bytes.(*Buffer).WriteTo(0x1400028c468, {0x1040b4400?, 0x140000ac600?})
	/opt/hostedtoolcache/go/1.25.0/x64/src/bytes/buffer.go:267 +0x70
github.com/gdamore/tcell/v2.(*tScreen).draw(0x1400028c408)
	/home/runner/go/pkg/mod/github.com/gdamore/tcell/v2@v2.13.8/tscreen.go:787 +0x160
github.com/gdamore/tcell/v2.(*tScreen).Show(0x1400028c408)
	/home/runner/go/pkg/mod/github.com/gdamore/tcell/v2@v2.13.8/tscreen.go:714 +0x9c
github.com/nmelo/initech/internal/tui.(*TUI).render(0x140000d3088)
	/home/runner/work/initech/initech/internal/tui/render.go:119 +0x884
github.com/nmelo/initech/internal/tui.Run({{0x14000290288, 0x5, 0x5}, {0x140000cc970, 0xa}, {0x140000e6258, 0x18}, 0x0, 0x0, {0x10343c230, ...}, ...})
	/home/runner/work/initech/initech/internal/tui/tui.go:998 +0x27c8
github.com/nmelo/initech/cmd.runTUI(0x103dbe520, {0x1032dcf61?, 0x4?, 0x1032dd029?})
	/home/runner/work/initech/initech/cmd/root.go:286 +0x820
github.com/spf13/cobra.(*Command).execute(0x103dbe520, {0x14000126040, 0x0, 0x0})
	/home/runner/go/pkg/mod/github.com/spf13/cobra@v1.10.2/command.go:1015 +0x7d4
github.com/spf13/cobra.(*Command).ExecuteC(0x103dbe520)
	/home/runner/go/pkg/mod/github.com/spf13/cobra@v1.10.2/command.go:1148 +0x350
github.com/spf13/cobra.(*Command).Execute(...)
	/home/runner/go/pkg/mod/github.com/spf13/cobra@v1.10.2/command.go:1071
github.com/nmelo/initech/cmd.init.func4()
	/home/runner/work/initech/initech/cmd/root.go:41 +0x24
github.com/nmelo/initech/cmd.Execute()
	/home/runner/work/initech/initech/cmd/root.go:134 +0x28
main.main()
	/home/runner/work/initech/initech/main.go:7 +0x1c

goroutine 13 [select, 694 minutes]:
github.com/gdamore/tcell/v2.(*devTty).Start.func1(0x140002a40e0)
	/home/runner/go/pkg/mod/github.com/gdamore/tcell/v2@v2.13.8/tty_unix.go:94 +0x8c
created by github.com/gdamore/tcell/v2.(*devTty).Start in goroutine 1
	/home/runner/go/pkg/mod/github.com/gdamore/tcell/v2@v2.13.8/tty_unix.go:91 +0x20c

goroutine 15 [syscall, 694 minutes]:
os/signal.signal_recv()
	/opt/hostedtoolcache/go/1.25.0/x64/src/runtime/sigqueue.go:149 +0x2c
os/signal.loop()
	/opt/hostedtoolcache/go/1.25.0/x64/src/os/signal/signal_unix.go:23 +0x1c
created by os/signal.Notify.func1.1 in goroutine 1
	/opt/hostedtoolcache/go/1.25.0/x64/src/os/signal/signal.go:152 +0x28

goroutine 16 [syscall, 75 minutes]:
syscall.syscall(0x14000106598?, 0x102c51e24?, 0x800000?, 0x7ffff800000?)
	/opt/hostedtoolcache/go/1.25.0/x64/src/runtime/sys_darwin.go:27 +0x40
syscall.read(0x140000ac480?, {0x140030bfa80?, 0x14000106608?, 0x102b6f838?})
	/opt/hostedtoolcache/go/1.25.0/x64/src/syscall/zsyscall_darwin_arm64.go:1245 +0x48
syscall.Read(...)
	/opt/hostedtoolcache/go/1.25.0/x64/src/syscall/syscall_unix.go:183
internal/poll.ignoringEINTRIO(...)
	/opt/hostedtoolcache/go/1.25.0/x64/src/internal/poll/fd_unix.go:738
internal/poll.(*FD).Read(0x140000ac480, {0x140030bfa80, 0x80, 0x80})
	/opt/hostedtoolcache/go/1.25.0/x64/src/internal/poll/fd_unix.go:161 +0x204
os.(*File).read(...)
	/opt/hostedtoolcache/go/1.25.0/x64/src/os/file_posix.go:29
os.(*File).Read(0x140000b4020, {0x140030bfa80?, 0x1?, 0x0?})
	/opt/hostedtoolcache/go/1.25.0/x64/src/os/file.go:144 +0x68
github.com/gdamore/tcell/v2.(*devTty).Read(0x0?, {0x140030bfa80?, 0x80?, 0x80?})
	/home/runner/go/pkg/mod/github.com/gdamore/tcell/v2@v2.13.8/tty_unix.go:49 +0x24
github.com/gdamore/tcell/v2.(*tScreen).inputLoop(0x1400028c408, 0x140002a42a0)
	/home/runner/go/pkg/mod/github.com/gdamore/tcell/v2@v2.13.8/tscreen.go:1051 +0xa4
created by github.com/gdamore/tcell/v2.(*tScreen).engage in goroutine 1
	/home/runner/go/pkg/mod/github.com/gdamore/tcell/v2@v2.13.8/tscreen.go:1211 +0x374

goroutine 49 [select, 75 minutes]:
github.com/gdamore/tcell/v2.(*tScreen).mainLoop(0x1400028c408, 0x140002a42a0)
	/home/runner/go/pkg/mod/github.com/gdamore/tcell/v2@v2.13.8/tscreen.go:1020 +0xbc
created by github.com/gdamore/tcell/v2.(*tScreen).engage in goroutine 1
	/home/runner/go/pkg/mod/github.com/gdamore/tcell/v2@v2.13.8/tscreen.go:1212 +0x3bc

goroutine 50 [chan receive, 694 minutes]:
github.com/nmelo/initech/internal/tui.installSignalHandlers.func1()
	/home/runner/work/initech/initech/internal/tui/signals.go:55 +0x4c
created by github.com/nmelo/initech/internal/tui.installSignalHandlers in goroutine 1
	/home/runner/work/initech/initech/internal/tui/signals.go:54 +0x11c

goroutine 51 [chan receive, 694 minutes]:
github.com/nmelo/initech/internal/telemetry.(*Client).sender(0x140000dc380)
	/home/runner/work/initech/initech/internal/telemetry/telemetry.go:126 +0xcc
created by github.com/nmelo/initech/internal/telemetry.Init in goroutine 1
	/home/runner/work/initech/initech/internal/telemetry/telemetry.go:62 +0x134

goroutine 52 [IO wait, 694 minutes]:
internal/poll.runtime_pollWait(0x14aa91000, 0x72)
	/opt/hostedtoolcache/go/1.25.0/x64/src/runtime/netpoll.go:351 +0xa0
internal/poll.(*pollDesc).wait(0x140001a4080?, 0x0?, 0x0)
	/opt/hostedtoolcache/go/1.25.0/x64/src/internal/poll/fd_poll_runtime.go:84 +0x28
internal/poll.(*pollDesc).waitRead(...)
	/opt/hostedtoolcache/go/1.25.0/x64/src/internal/poll/fd_poll_runtime.go:89
internal/poll.(*FD).Accept(0x140001a4080)
	/opt/hostedtoolcache/go/1.25.0/x64/src/internal/poll/fd_unix.go:613 +0x21c
net.(*netFD).accept(0x140001a4080)
	/opt/hostedtoolcache/go/1.25.0/x64/src/net/fd_unix.go:161 +0x28
net.(*UnixListener).accept(0x2baa1f35a874?)
	/opt/hostedtoolcache/go/1.25.0/x64/src/net/unixsock_posix.go:172 +0x20
net.(*UnixListener).Accept(0x140000b06f0)
	/opt/hostedtoolcache/go/1.25.0/x64/src/net/unixsock.go:260 +0x2c
github.com/nmelo/initech/internal/tui.(*TUI).startIPC.func1()
	/home/runner/work/initech/initech/internal/tui/ipc.go:85 +0x58
github.com/nmelo/initech/internal/tui.(*TUI).safeGo.func1()
	/home/runner/work/initech/initech/internal/tui/crash.go:34 +0x4c
created by github.com/nmelo/initech/internal/tui.(*TUI).safeGo in goroutine 1
	/home/runner/work/initech/initech/internal/tui/crash.go:18 +0x68

goroutine 81 [syscall, 75 minutes]:
syscall.syscall(0x14000274dc8?, 0x102c51e24?, 0x800000?, 0x7ffff800000?)
	/opt/hostedtoolcache/go/1.25.0/x64/src/runtime/sys_darwin.go:27 +0x40
syscall.read(0x140002180c0?, {0x14000110000?, 0x14000274e08?, 0x103039d4c?})
	/opt/hostedtoolcache/go/1.25.0/x64/src/syscall/zsyscall_darwin_arm64.go:1245 +0x48
syscall.Read(...)
	/opt/hostedtoolcache/go/1.25.0/x64/src/syscall/syscall_unix.go:183
internal/poll.ignoringEINTRIO(...)
	/opt/hostedtoolcache/go/1.25.0/x64/src/internal/poll/fd_unix.go:738
internal/poll.(*FD).Read(0x140002180c0, {0x14000110000, 0x8000, 0x8000})
	/opt/hostedtoolcache/go/1.25.0/x64/src/internal/poll/fd_unix.go:161 +0x204
os.(*File).read(...)
	/opt/hostedtoolcache/go/1.25.0/x64/src/os/file_posix.go:29
os.(*File).Read(0x1400011c0e8, {0x14000110000?, 0xa3?, 0x8000?})
	/opt/hostedtoolcache/go/1.25.0/x64/src/os/file.go:144 +0x68
github.com/nmelo/initech/internal/tui.(*Pane).readLoop(0x140000dea88)
	/home/runner/work/initech/initech/internal/tui/pane.go:405 +0x5c
github.com/nmelo/initech/internal/tui.(*Pane).Start.func2()
	/home/runner/work/initech/initech/internal/tui/pane.go:395 +0x4c
github.com/nmelo/initech/internal/tui.(*TUI).safeGo.func1()
	/home/runner/work/initech/initech/internal/tui/crash.go:34 +0x4c
created by github.com/nmelo/initech/internal/tui.(*TUI).safeGo in goroutine 1
	/home/runner/work/initech/initech/internal/tui/crash.go:18 +0x68

goroutine 82 [select, 75 minutes]:
io.(*pipe).read(0x140000ac720, {0x140002bee50, 0x100, 0x0?})
	/opt/hostedtoolcache/go/1.25.0/x64/src/io/pipe.go:57 +0x7c
io.(*PipeReader).Read(...)
	/opt/hostedtoolcache/go/1.25.0/x64/src/io/pipe.go:134
github.com/charmbracelet/x/vt.(*Emulator).Read(0x1400011c0e8?, {0x140002bee50?, 0xb?, 0x0?})
	/home/runner/go/pkg/mod/github.com/nmelo/x/vt@v0.0.0-20260402173550-246f6ae86935/emulator.go:256 +0x54
github.com/charmbracelet/x/vt.(*SafeEmulator).Read(...)
	/home/runner/go/pkg/mod/github.com/nmelo/x/vt@v0.0.0-20260402173550-246f6ae86935/safe_emulator.go:34
github.com/nmelo/initech/internal/tui.(*Pane).responseLoop(0x140000dea88)
	/home/runner/work/initech/initech/internal/tui/pane.go:468 +0x5c
github.com/nmelo/initech/internal/tui.(*Pane).Start.func3()
	/home/runner/work/initech/initech/internal/tui/pane.go:396 +0x4c
github.com/nmelo/initech/internal/tui.(*TUI).safeGo.func1()
	/home/runner/work/initech/initech/internal/tui/crash.go:34 +0x4c
created by github.com/nmelo/initech/internal/tui.(*TUI).safeGo in goroutine 1
	/home/runner/work/initech/initech/internal/tui/crash.go:18 +0x68

goroutine 83 [chan receive]:
github.com/nmelo/initech/internal/tui.(*Pane).watchJSONL(0x140000dea88)
	/home/runner/work/initech/initech/internal/tui/pane_journal.go:30 +0x9c
github.com/nmelo/initech/internal/tui.(*Pane).Start.func4()
	/home/runner/work/initech/initech/internal/tui/pane.go:398 +0x4c
github.com/nmelo/initech/internal/tui.(*TUI).safeGo.func1()
	/home/runner/work/initech/initech/internal/tui/crash.go:34 +0x4c
created by github.com/nmelo/initech/internal/tui.(*TUI).safeGo in goroutine 1
	/home/runner/work/initech/initech/internal/tui/crash.go:18 +0x68

goroutine 84 [syscall, 95 minutes]:
syscall.syscall(0x14002d62dc8?, 0x102c51e24?, 0x800000?, 0x7ffff800000?)
	/opt/hostedtoolcache/go/1.25.0/x64/src/runtime/sys_darwin.go:27 +0x40
syscall.read(0x140002181e0?, {0x14000df2000?, 0x14002d62e08?, 0x103039d4c?})
	/opt/hostedtoolcache/go/1.25.0/x64/src/syscall/zsyscall_darwin_arm64.go:1245 +0x48
syscall.Read(...)
	/opt/hostedtoolcache/go/1.25.0/x64/src/syscall/syscall_unix.go:183
internal/poll.ignoringEINTRIO(...)
	/opt/hostedtoolcache/go/1.25.0/x64/src/internal/poll/fd_unix.go:738
internal/poll.(*FD).Read(0x140002181e0, {0x14000df2000, 0x8000, 0x8000})
	/opt/hostedtoolcache/go/1.25.0/x64/src/internal/poll/fd_unix.go:161 +0x204
os.(*File).read(...)
	/opt/hostedtoolcache/go/1.25.0/x64/src/os/file_posix.go:29
os.(*File).Read(0x1400011c570, {0x14000df2000?, 0x5d?, 0x8000?})
	/opt/hostedtoolcache/go/1.25.0/x64/src/os/file.go:144 +0x68
github.com/nmelo/initech/internal/tui.(*Pane).readLoop(0x140000df188)
	/home/runner/work/initech/initech/internal/tui/pane.go:405 +0x5c
github.com/nmelo/initech/internal/tui.(*Pane).Start.func2()
	/home/runner/work/initech/initech/internal/tui/pane.go:395 +0x4c
github.com/nmelo/initech/internal/tui.(*TUI).safeGo.func1()
	/home/runner/work/initech/initech/internal/tui/crash.go:34 +0x4c
created by github.com/nmelo/initech/internal/tui.(*TUI).safeGo in goroutine 1
	/home/runner/work/initech/initech/internal/tui/crash.go:18 +0x68

goroutine 85 [select, 95 minutes]:
io.(*pipe).read(0x14000218180, {0x140002bfe50, 0x100, 0x0?})
	/opt/hostedtoolcache/go/1.25.0/x64/src/io/pipe.go:57 +0x7c
io.(*PipeReader).Read(...)
	/opt/hostedtoolcache/go/1.25.0/x64/src/io/pipe.go:134
github.com/charmbracelet/x/vt.(*Emulator).Read(0x1400011c570?, {0x140002bfe50?, 0xb?, 0x0?})
	/home/runner/go/pkg/mod/github.com/nmelo/x/vt@v0.0.0-20260402173550-246f6ae86935/emulator.go:256 +0x54
github.com/charmbracelet/x/vt.(*SafeEmulator).Read(...)
	/home/runner/go/pkg/mod/github.com/nmelo/x/vt@v0.0.0-20260402173550-246f6ae86935/safe_emulator.go:34
github.com/nmelo/initech/internal/tui.(*Pane).responseLoop(0x140000df188)
	/home/runner/work/initech/initech/internal/tui/pane.go:468 +0x5c
github.com/nmelo/initech/internal/tui.(*Pane).Start.func3()
	/home/runner/work/initech/initech/internal/tui/pane.go:396 +0x4c
github.com/nmelo/initech/internal/tui.(*TUI).safeGo.func1()
	/home/runner/work/initech/initech/internal/tui/crash.go:34 +0x4c
created by github.com/nmelo/initech/internal/tui.(*TUI).safeGo in goroutine 1
	/home/runner/work/initech/initech/internal/tui/crash.go:18 +0x68

goroutine 86 [chan receive]:
github.com/nmelo/initech/internal/tui.(*Pane).watchJSONL(0x140000df188)
	/home/runner/work/initech/initech/internal/tui/pane_journal.go:30 +0x9c
github.com/nmelo/initech/internal/tui.(*Pane).Start.func4()
	/home/runner/work/initech/initech/internal/tui/pane.go:398 +0x4c
github.com/nmelo/initech/internal/tui.(*TUI).safeGo.func1()
	/home/runner/work/initech/initech/internal/tui/crash.go:34 +0x4c
created by github.com/nmelo/initech/internal/tui.(*TUI).safeGo in goroutine 1
	/home/runner/work/initech/initech/internal/tui/crash.go:18 +0x68

goroutine 70 [syscall, 1 minutes]:
syscall.syscall(0x14002d5fdc8?, 0x102c51e24?, 0x800000?, 0x7ffff800000?)
	/opt/hostedtoolcache/go/1.25.0/x64/src/runtime/sys_darwin.go:27 +0x40
syscall.read(0x1400007c3c0?, {0x14000990000?, 0x14002d5fe08?, 0x103039d4c?})
	/opt/hostedtoolcache/go/1.25.0/x64/src/syscall/zsyscall_darwin_arm64.go:1245 +0x48
syscall.Read(...)
	/opt/hostedtoolcache/go/1.25.0/x64/src/syscall/syscall_unix.go:183
internal/poll.ignoringEINTRIO(...)
	/opt/hostedtoolcache/go/1.25.0/x64/src/internal/poll/fd_unix.go:738
internal/poll.(*FD).Read(0x1400007c3c0, {0x14000990000, 0x8000, 0x8000})
	/opt/hostedtoolcache/go/1.25.0/x64/src/internal/poll/fd_unix.go:161 +0x204
os.(*File).read(...)
	/opt/hostedtoolcache/go/1.25.0/x64/src/os/file_posix.go:29
os.(*File).Read(0x1400011c118, {0x14000990000?, 0xcb?, 0x8000?})
	/opt/hostedtoolcache/go/1.25.0/x64/src/os/file.go:144 +0x68
github.com/nmelo/initech/internal/tui.(*Pane).readLoop(0x140000df888)
	/home/runner/work/initech/initech/internal/tui/pane.go:405 +0x5c
github.com/nmelo/initech/internal/tui.(*Pane).Start.func2()
	/home/runner/work/initech/initech/internal/tui/pane.go:395 +0x4c
github.com/nmelo/initech/internal/tui.(*TUI).safeGo.func1()
	/home/runner/work/initech/initech/internal/tui/crash.go:34 +0x4c
created by github.com/nmelo/initech/internal/tui.(*TUI).safeGo in goroutine 1
	/home/runner/work/initech/initech/internal/tui/crash.go:18 +0x68

goroutine 71 [select, 694 minutes]:
io.(*pipe).read(0x140002182a0, {0x14000275e50, 0x100, 0x0?})
	/opt/hostedtoolcache/go/1.25.0/x64/src/io/pipe.go:57 +0x7c
io.(*PipeReader).Read(...)
	/opt/hostedtoolcache/go/1.25.0/x64/src/io/pipe.go:134
github.com/charmbracelet/x/vt.(*Emulator).Read(0x1400011c118?, {0x14000275e50?, 0xd?, 0x0?})
	/home/runner/go/pkg/mod/github.com/nmelo/x/vt@v0.0.0-20260402173550-246f6ae86935/emulator.go:256 +0x54
github.com/charmbracelet/x/vt.(*SafeEmulator).Read(...)
	/home/runner/go/pkg/mod/github.com/nmelo/x/vt@v0.0.0-20260402173550-246f6ae86935/safe_emulator.go:34
github.com/nmelo/initech/internal/tui.(*Pane).responseLoop(0x140000df888)
	/home/runner/work/initech/initech/internal/tui/pane.go:468 +0x5c
github.com/nmelo/initech/internal/tui.(*Pane).Start.func3()
	/home/runner/work/initech/initech/internal/tui/pane.go:396 +0x4c
github.com/nmelo/initech/internal/tui.(*TUI).safeGo.func1()
	/home/runner/work/initech/initech/internal/tui/crash.go:34 +0x4c
created by github.com/nmelo/initech/internal/tui.(*TUI).safeGo in goroutine 1
	/home/runner/work/initech/initech/internal/tui/crash.go:18 +0x68

goroutine 72 [chan receive]:
github.com/nmelo/initech/internal/tui.(*Pane).watchJSONL(0x140000df888)
	/home/runner/work/initech/initech/internal/tui/pane_journal.go:30 +0x9c
github.com/nmelo/initech/internal/tui.(*Pane).Start.func4()
	/home/runner/work/initech/initech/internal/tui/pane.go:398 +0x4c
github.com/nmelo/initech/internal/tui.(*TUI).safeGo.func1()
	/home/runner/work/initech/initech/internal/tui/crash.go:34 +0x4c
created by github.com/nmelo/initech/internal/tui.(*TUI).safeGo in goroutine 1
	/home/runner/work/initech/initech/internal/tui/crash.go:18 +0x68

goroutine 73 [syscall, 694 minutes]:
syscall.syscall(0x140002c4dc8?, 0x102c51e24?, 0x800000?, 0x7ffff800000?)
	/opt/hostedtoolcache/go/1.25.0/x64/src/runtime/sys_darwin.go:27 +0x40
syscall.read(0x1400007c4e0?, {0x14001732000?, 0x12?, 0x0?})
	/opt/hostedtoolcache/go/1.25.0/x64/src/syscall/zsyscall_darwin_arm64.go:1245 +0x48
syscall.Read(...)
	/opt/hostedtoolcache/go/1.25.0/x64/src/syscall/syscall_unix.go:183
internal/poll.ignoringEINTRIO(...)
	/opt/hostedtoolcache/go/1.25.0/x64/src/internal/poll/fd_unix.go:738
internal/poll.(*FD).Read(0x1400007c4e0, {0x14001732000, 0x8000, 0x8000})
	/opt/hostedtoolcache/go/1.25.0/x64/src/internal/poll/fd_unix.go:161 +0x204
os.(*File).read(...)
	/opt/hostedtoolcache/go/1.25.0/x64/src/os/file_posix.go:29
os.(*File).Read(0x1400011cb98, {0x14001732000?, 0xad?, 0x8000?})
	/opt/hostedtoolcache/go/1.25.0/x64/src/os/file.go:144 +0x68
github.com/nmelo/initech/internal/tui.(*Pane).readLoop(0x14000248708)
	/home/runner/work/initech/initech/internal/tui/pane.go:405 +0x5c
github.com/nmelo/initech/internal/tui.(*Pane).Start.func2()
	/home/runner/work/initech/initech/internal/tui/pane.go:395 +0x4c
github.com/nmelo/initech/internal/tui.(*TUI).safeGo.func1()
	/home/runner/work/initech/initech/internal/tui/crash.go:34 +0x4c
created by github.com/nmelo/initech/internal/tui.(*TUI).safeGo in goroutine 1
	/home/runner/work/initech/initech/internal/tui/crash.go:18 +0x68

goroutine 74 [select, 694 minutes]:
io.(*pipe).read(0x1400007c480, {0x140002c2e50, 0x100, 0x0?})
	/opt/hostedtoolcache/go/1.25.0/x64/src/io/pipe.go:57 +0x7c
io.(*PipeReader).Read(...)
	/opt/hostedtoolcache/go/1.25.0/x64/src/io/pipe.go:134
github.com/charmbracelet/x/vt.(*Emulator).Read(0x1400011cb98?, {0x140002c2e50?, 0x18?, 0x0?})
	/home/runner/go/pkg/mod/github.com/nmelo/x/vt@v0.0.0-20260402173550-246f6ae86935/emulator.go:256 +0x54
github.com/charmbracelet/x/vt.(*SafeEmulator).Read(...)
	/home/runner/go/pkg/mod/github.com/nmelo/x/vt@v0.0.0-20260402173550-246f6ae86935/safe_emulator.go:34
github.com/nmelo/initech/internal/tui.(*Pane).responseLoop(0x14000248708)
	/home/runner/work/initech/initech/internal/tui/pane.go:468 +0x5c
github.com/nmelo/initech/internal/tui.(*Pane).Start.func3()
	/home/runner/work/initech/initech/internal/tui/pane.go:396 +0x4c
github.com/nmelo/initech/internal/tui.(*TUI).safeGo.func1()
	/home/runner/work/initech/initech/internal/tui/crash.go:34 +0x4c
created by github.com/nmelo/initech/internal/tui.(*TUI).safeGo in goroutine 1
	/home/runner/work/initech/initech/internal/tui/crash.go:18 +0x68

goroutine 75 [chan receive]:
github.com/nmelo/initech/internal/tui.(*Pane).watchJSONL(0x14000248708)
	/home/runner/work/initech/initech/internal/tui/pane_journal.go:30 +0x9c
github.com/nmelo/initech/internal/tui.(*Pane).Start.func4()
	/home/runner/work/initech/initech/internal/tui/pane.go:398 +0x4c
github.com/nmelo/initech/internal/tui.(*TUI).safeGo.func1()
	/home/runner/work/initech/initech/internal/tui/crash.go:34 +0x4c
created by github.com/nmelo/initech/internal/tui.(*TUI).safeGo in goroutine 1
	/home/runner/work/initech/initech/internal/tui/crash.go:18 +0x68

goroutine 76 [syscall, 694 minutes]:
syscall.syscall(0x14000277dc8?, 0x102c51e24?, 0x800000?, 0x7ffff800000?)
	/opt/hostedtoolcache/go/1.25.0/x64/src/runtime/sys_darwin.go:27 +0x40
syscall.read(0x1400007c600?, {0x14001bf8000?, 0x14000277e08?, 0x103039d4c?})
	/opt/hostedtoolcache/go/1.25.0/x64/src/syscall/zsyscall_darwin_arm64.go:1245 +0x48
syscall.Read(...)
	/opt/hostedtoolcache/go/1.25.0/x64/src/syscall/syscall_unix.go:183
internal/poll.ignoringEINTRIO(...)
	/opt/hostedtoolcache/go/1.25.0/x64/src/internal/poll/fd_unix.go:738
internal/poll.(*FD).Read(0x1400007c600, {0x14001bf8000, 0x8000, 0x8000})
	/opt/hostedtoolcache/go/1.25.0/x64/src/internal/poll/fd_unix.go:161 +0x204
os.(*File).read(...)
	/opt/hostedtoolcache/go/1.25.0/x64/src/os/file_posix.go:29
os.(*File).Read(0x1400011ceb0, {0x14001bf8000?, 0x27?, 0x8000?})
	/opt/hostedtoolcache/go/1.25.0/x64/src/os/file.go:144 +0x68
github.com/nmelo/initech/internal/tui.(*Pane).readLoop(0x14000248e08)
	/home/runner/work/initech/initech/internal/tui/pane.go:405 +0x5c
github.com/nmelo/initech/internal/tui.(*Pane).Start.func2()
	/home/runner/work/initech/initech/internal/tui/pane.go:395 +0x4c
github.com/nmelo/initech/internal/tui.(*TUI).safeGo.func1()
	/home/runner/work/initech/initech/internal/tui/crash.go:34 +0x4c
created by github.com/nmelo/initech/internal/tui.(*TUI).safeGo in goroutine 1
	/home/runner/work/initech/initech/internal/tui/crash.go:18 +0x68

goroutine 77 [select, 694 minutes]:
io.(*pipe).read(0x1400007c5a0, {0x14000272e50, 0x100, 0x0?})
	/opt/hostedtoolcache/go/1.25.0/x64/src/io/pipe.go:57 +0x7c
io.(*PipeReader).Read(...)
	/opt/hostedtoolcache/go/1.25.0/x64/src/io/pipe.go:134
github.com/charmbracelet/x/vt.(*Emulator).Read(0x1400011ceb0?, {0x14000272e50?, 0xd?, 0x0?})
	/home/runner/go/pkg/mod/github.com/nmelo/x/vt@v0.0.0-20260402173550-246f6ae86935/emulator.go:256 +0x54
github.com/charmbracelet/x/vt.(*SafeEmulator).Read(...)
	/home/runner/go/pkg/mod/github.com/nmelo/x/vt@v0.0.0-20260402173550-246f6ae86935/safe_emulator.go:34
github.com/nmelo/initech/internal/tui.(*Pane).responseLoop(0x14000248e08)
	/home/runner/work/initech/initech/internal/tui/pane.go:468 +0x5c
github.com/nmelo/initech/internal/tui.(*Pane).Start.func3()
	/home/runner/work/initech/initech/internal/tui/pane.go:396 +0x4c
github.com/nmelo/initech/internal/tui.(*TUI).safeGo.func1()
	/home/runner/work/initech/initech/internal/tui/crash.go:34 +0x4c
created by github.com/nmelo/initech/internal/tui.(*TUI).safeGo in goroutine 1
	/home/runner/work/initech/initech/internal/tui/crash.go:18 +0x68

goroutine 78 [chan receive]:
github.com/nmelo/initech/internal/tui.(*Pane).watchJSONL(0x14000248e08)
	/home/runner/work/initech/initech/internal/tui/pane_journal.go:30 +0x9c
github.com/nmelo/initech/internal/tui.(*Pane).Start.func4()
	/home/runner/work/initech/initech/internal/tui/pane.go:398 +0x4c
github.com/nmelo/initech/internal/tui.(*TUI).safeGo.func1()
	/home/runner/work/initech/initech/internal/tui/crash.go:34 +0x4c
created by github.com/nmelo/initech/internal/tui.(*TUI).safeGo in goroutine 1
	/home/runner/work/initech/initech/internal/tui/crash.go:18 +0x68

goroutine 97 [select]:
github.com/nmelo/initech/internal/tui.(*TUI).startBatteryPoller.func1()
	/home/runner/work/initech/initech/internal/tui/poll.go:93 +0xac
github.com/nmelo/initech/internal/tui.(*TUI).safeGo.func1()
	/home/runner/work/initech/initech/internal/tui/crash.go:34 +0x4c
created by github.com/nmelo/initech/internal/tui.(*TUI).safeGo in goroutine 1
	/home/runner/work/initech/initech/internal/tui/crash.go:18 +0x68

goroutine 98 [select, 75 minutes]:
github.com/gdamore/tcell/v2.(*baseScreen).PollEvent(0x140000a6f70)
	/home/runner/go/pkg/mod/github.com/gdamore/tcell/v2@v2.13.8/screen.go:511 +0x74
github.com/nmelo/initech/internal/tui.Run.func15()
	/home/runner/work/initech/initech/internal/tui/tui.go:927 +0x50
github.com/nmelo/initech/internal/tui.(*TUI).safeGo.func1()
	/home/runner/work/initech/initech/internal/tui/crash.go:34 +0x4c
created by github.com/nmelo/initech/internal/tui.(*TUI).safeGo in goroutine 1
	/home/runner/work/initech/initech/internal/tui/crash.go:18 +0x68

=== RENDER WATCHDOG ===
Time:      2026-05-01T17:22:09+08:00
Version:   1.17.17
Go:        go1.25.0
Stale for: 15m36s
Diagnosis: No render completed in 15m36s. Main loop is likely blocked.

--- All Goroutine Stacks ---
goroutine 100 [running]:
github.com/nmelo/initech/internal/tui.dumpWatchdogStacks({0x140000e6258, 0x18}, {0x10343c230, 0x7}, 0xd9fa8c3d70)
	/home/runner/work/initech/initech/internal/tui/watchdog.go:51 +0x5c
github.com/nmelo/initech/internal/tui.renderWatchdog(0x140000d3468, 0x2540be400, {0x140000e6258, 0x18}, {0x10343c230, 0x7}, 0x140002a4310)
	/home/runner/work/initech/initech/internal/tui/watchdog.go:35 +0x158
created by github.com/nmelo/initech/internal/tui.Run in goroutine 1
	/home/runner/work/initech/initech/internal/tui/tui.go:946 +0x2408

goroutine 1 [syscall]:
syscall.syscall(0x1400004c638?, 0x102c5371c?, 0x80000000000?, 0x7ffff80000000000?)
	/opt/hostedtoolcache/go/1.25.0/x64/src/runtime/sys_darwin.go:27 +0x40
syscall.write(0x140000ac480?, {0x14001e98000?, 0x1?, 0x6?})
	/opt/hostedtoolcache/go/1.25.0/x64/src/syscall/zsyscall_darwin_arm64.go:1709 +0x48
syscall.Write(...)
	/opt/hostedtoolcache/go/1.25.0/x64/src/syscall/syscall_unix.go:211
internal/poll.ignoringEINTRIO(...)
	/opt/hostedtoolcache/go/1.25.0/x64/src/internal/poll/fd_unix.go:738
internal/poll.(*FD).Write(0x140000ac480, {0x14001e98000, 0x4577, 0x8000})
	/opt/hostedtoolcache/go/1.25.0/x64/src/internal/poll/fd_unix.go:374 +0x2b4
os.(*File).write(...)
	/opt/hostedtoolcache/go/1.25.0/x64/src/os/file_posix.go:46
os.(*File).Write(0x140000b4020, {0x14001e98000?, 0x4577, 0x102ce7740?})
	/opt/hostedtoolcache/go/1.25.0/x64/src/os/file.go:215 +0x54
github.com/gdamore/tcell/v2.(*devTty).Write(0x103441e90?, {0x14001e98000?, 0x1034421d0?, 0x1032e1c2e?})
	/home/runner/go/pkg/mod/github.com/gdamore/tcell/v2@v2.13.8/tty_unix.go:53 +0x24
bytes.(*Buffer).WriteTo(0x1400028c468, {0x1040b4400?, 0x140000ac600?})
	/opt/hostedtoolcache/go/1.25.0/x64/src/bytes/buffer.go:267 +0x70
github.com/gdamore/tcell/v2.(*tScreen).draw(0x1400028c408)
	/home/runner/go/pkg/mod/github.com/gdamore/tcell/v2@v2.13.8/tscreen.go:787 +0x160
github.com/gdamore/tcell/v2.(*tScreen).Show(0x1400028c408)
	/home/runner/go/pkg/mod/github.com/gdamore/tcell/v2@v2.13.8/tscreen.go:714 +0x9c
github.com/nmelo/initech/internal/tui.(*TUI).render(0x140000d3088)
	/home/runner/work/initech/initech/internal/tui/render.go:119 +0x884
github.com/nmelo/initech/internal/tui.Run({{0x14000290288, 0x5, 0x5}, {0x140000cc970, 0xa}, {0x140000e6258, 0x18}, 0x0, 0x0, {0x10343c230, ...}, ...})
	/home/runner/work/initech/initech/internal/tui/tui.go:998 +0x27c8
github.com/nmelo/initech/cmd.runTUI(0x103dbe520, {0x1032dcf61?, 0x4?, 0x1032dd029?})
	/home/runner/work/initech/initech/cmd/root.go:286 +0x820
github.com/spf13/cobra.(*Command).execute(0x103dbe520, {0x14000126040, 0x0, 0x0})
	/home/runner/go/pkg/mod/github.com/spf13/cobra@v1.10.2/command.go:1015 +0x7d4
github.com/spf13/cobra.(*Command).ExecuteC(0x103dbe520)
	/home/runner/go/pkg/mod/github.com/spf13/cobra@v1.10.2/command.go:1148 +0x350
github.com/spf13/cobra.(*Command).Execute(...)
	/home/runner/go/pkg/mod/github.com/spf13/cobra@v1.10.2/command.go:1071
github.com/nmelo/initech/cmd.init.func4()
	/home/runner/work/initech/initech/cmd/root.go:41 +0x24
github.com/nmelo/initech/cmd.Execute()
	/home/runner/work/initech/initech/cmd/root.go:134 +0x28
main.main()
	/home/runner/work/initech/initech/main.go:7 +0x1c

goroutine 13 [select, 695 minutes]:
github.com/gdamore/tcell/v2.(*devTty).Start.func1(0x140002a40e0)
	/home/runner/go/pkg/mod/github.com/gdamore/tcell/v2@v2.13.8/tty_unix.go:94 +0x8c
created by github.com/gdamore/tcell/v2.(*devTty).Start in goroutine 1
	/home/runner/go/pkg/mod/github.com/gdamore/tcell/v2@v2.13.8/tty_unix.go:91 +0x20c

goroutine 15 [syscall, 695 minutes]:
os/signal.signal_recv()
	/opt/hostedtoolcache/go/1.25.0/x64/src/runtime/sigqueue.go:149 +0x2c
os/signal.loop()
	/opt/hostedtoolcache/go/1.25.0/x64/src/os/signal/signal_unix.go:23 +0x1c
created by os/signal.Notify.func1.1 in goroutine 1
	/opt/hostedtoolcache/go/1.25.0/x64/src/os/signal/signal.go:152 +0x28

goroutine 16 [syscall, 76 minutes]:
syscall.syscall(0x14000106598?, 0x102c51e24?, 0x800000?, 0x7ffff800000?)
	/opt/hostedtoolcache/go/1.25.0/x64/src/runtime/sys_darwin.go:27 +0x40
syscall.read(0x140000ac480?, {0x140030bfa80?, 0x14000106608?, 0x102b6f838?})
	/opt/hostedtoolcache/go/1.25.0/x64/src/syscall/zsyscall_darwin_arm64.go:1245 +0x48
syscall.Read(...)
	/opt/hostedtoolcache/go/1.25.0/x64/src/syscall/syscall_unix.go:183
internal/poll.ignoringEINTRIO(...)
	/opt/hostedtoolcache/go/1.25.0/x64/src/internal/poll/fd_unix.go:738
internal/poll.(*FD).Read(0x140000ac480, {0x140030bfa80, 0x80, 0x80})
	/opt/hostedtoolcache/go/1.25.0/x64/src/internal/poll/fd_unix.go:161 +0x204
os.(*File).read(...)
	/opt/hostedtoolcache/go/1.25.0/x64/src/os/file_posix.go:29
os.(*File).Read(0x140000b4020, {0x140030bfa80?, 0x1?, 0x0?})
	/opt/hostedtoolcache/go/1.25.0/x64/src/os/file.go:144 +0x68
github.com/gdamore/tcell/v2.(*devTty).Read(0x0?, {0x140030bfa80?, 0x80?, 0x80?})
	/home/runner/go/pkg/mod/github.com/gdamore/tcell/v2@v2.13.8/tty_unix.go:49 +0x24
github.com/gdamore/tcell/v2.(*tScreen).inputLoop(0x1400028c408, 0x140002a42a0)
	/home/runner/go/pkg/mod/github.com/gdamore/tcell/v2@v2.13.8/tscreen.go:1051 +0xa4
created by github.com/gdamore/tcell/v2.(*tScreen).engage in goroutine 1
	/home/runner/go/pkg/mod/github.com/gdamore/tcell/v2@v2.13.8/tscreen.go:1211 +0x374

goroutine 49 [select, 76 minutes]:
github.com/gdamore/tcell/v2.(*tScreen).mainLoop(0x1400028c408, 0x140002a42a0)
	/home/runner/go/pkg/mod/github.com/gdamore/tcell/v2@v2.13.8/tscreen.go:1020 +0xbc
created by github.com/gdamore/tcell/v2.(*tScreen).engage in goroutine 1
	/home/runner/go/pkg/mod/github.com/gdamore/tcell/v2@v2.13.8/tscreen.go:1212 +0x3bc

goroutine 50 [chan receive, 695 minutes]:
github.com/nmelo/initech/internal/tui.installSignalHandlers.func1()
	/home/runner/work/initech/initech/internal/tui/signals.go:55 +0x4c
created by github.com/nmelo/initech/internal/tui.installSignalHandlers in goroutine 1
	/home/runner/work/initech/initech/internal/tui/signals.go:54 +0x11c

goroutine 51 [chan receive, 695 minutes]:
github.com/nmelo/initech/internal/telemetry.(*Client).sender(0x140000dc380)
	/home/runner/work/initech/initech/internal/telemetry/telemetry.go:126 +0xcc
created by github.com/nmelo/initech/internal/telemetry.Init in goroutine 1
	/home/runner/work/initech/initech/internal/telemetry/telemetry.go:62 +0x134

goroutine 52 [IO wait, 695 minutes]:
internal/poll.runtime_pollWait(0x14aa91000, 0x72)
	/opt/hostedtoolcache/go/1.25.0/x64/src/runtime/netpoll.go:351 +0xa0
internal/poll.(*pollDesc).wait(0x140001a4080?, 0x0?, 0x0)
	/opt/hostedtoolcache/go/1.25.0/x64/src/internal/poll/fd_poll_runtime.go:84 +0x28
internal/poll.(*pollDesc).waitRead(...)
	/opt/hostedtoolcache/go/1.25.0/x64/src/internal/poll/fd_poll_runtime.go:89
internal/poll.(*FD).Accept(0x140001a4080)
	/opt/hostedtoolcache/go/1.25.0/x64/src/internal/poll/fd_unix.go:613 +0x21c
net.(*netFD).accept(0x140001a4080)
	/opt/hostedtoolcache/go/1.25.0/x64/src/net/fd_unix.go:161 +0x28
net.(*UnixListener).accept(0x2baa1f35a874?)
	/opt/hostedtoolcache/go/1.25.0/x64/src/net/unixsock_posix.go:172 +0x20
net.(*UnixListener).Accept(0x140000b06f0)
	/opt/hostedtoolcache/go/1.25.0/x64/src/net/unixsock.go:260 +0x2c
github.com/nmelo/initech/internal/tui.(*TUI).startIPC.func1()
	/home/runner/work/initech/initech/internal/tui/ipc.go:85 +0x58
github.com/nmelo/initech/internal/tui.(*TUI).safeGo.func1()
	/home/runner/work/initech/initech/internal/tui/crash.go:34 +0x4c
created by github.com/nmelo/initech/internal/tui.(*TUI).safeGo in goroutine 1
	/home/runner/work/initech/initech/internal/tui/crash.go:18 +0x68

goroutine 81 [syscall, 76 minutes]:
syscall.syscall(0x14000274dc8?, 0x102c51e24?, 0x800000?, 0x7ffff800000?)
	/opt/hostedtoolcache/go/1.25.0/x64/src/runtime/sys_darwin.go:27 +0x40
syscall.read(0x140002180c0?, {0x14000110000?, 0x14000274e08?, 0x103039d4c?})
	/opt/hostedtoolcache/go/1.25.0/x64/src/syscall/zsyscall_darwin_arm64.go:1245 +0x48
syscall.Read(...)
	/opt/hostedtoolcache/go/1.25.0/x64/src/syscall/syscall_unix.go:183
internal/poll.ignoringEINTRIO(...)
	/opt/hostedtoolcache/go/1.25.0/x64/src/internal/poll/fd_unix.go:738
internal/poll.(*FD).Read(0x140002180c0, {0x14000110000, 0x8000, 0x8000})
	/opt/hostedtoolcache/go/1.25.0/x64/src/internal/poll/fd_unix.go:161 +0x204
os.(*File).read(...)
	/opt/hostedtoolcache/go/1.25.0/x64/src/os/file_posix.go:29
os.(*File).Read(0x1400011c0e8, {0x14000110000?, 0xa3?, 0x8000?})
	/opt/hostedtoolcache/go/1.25.0/x64/src/os/file.go:144 +0x68
github.com/nmelo/initech/internal/tui.(*Pane).readLoop(0x140000dea88)
	/home/runner/work/initech/initech/internal/tui/pane.go:405 +0x5c
github.com/nmelo/initech/internal/tui.(*Pane).Start.func2()
	/home/runner/work/initech/initech/internal/tui/pane.go:395 +0x4c
github.com/nmelo/initech/internal/tui.(*TUI).safeGo.func1()
	/home/runner/work/initech/initech/internal/tui/crash.go:34 +0x4c
created by github.com/nmelo/initech/internal/tui.(*TUI).safeGo in goroutine 1
	/home/runner/work/initech/initech/internal/tui/crash.go:18 +0x68

goroutine 82 [select, 76 minutes]:
io.(*pipe).read(0x140000ac720, {0x140002bee50, 0x100, 0x0?})
	/opt/hostedtoolcache/go/1.25.0/x64/src/io/pipe.go:57 +0x7c
io.(*PipeReader).Read(...)
	/opt/hostedtoolcache/go/1.25.0/x64/src/io/pipe.go:134
github.com/charmbracelet/x/vt.(*Emulator).Read(0x1400011c0e8?, {0x140002bee50?, 0xb?, 0x0?})
	/home/runner/go/pkg/mod/github.com/nmelo/x/vt@v0.0.0-20260402173550-246f6ae86935/emulator.go:256 +0x54
github.com/charmbracelet/x/vt.(*SafeEmulator).Read(...)
	/home/runner/go/pkg/mod/github.com/nmelo/x/vt@v0.0.0-20260402173550-246f6ae86935/safe_emulator.go:34
github.com/nmelo/initech/internal/tui.(*Pane).responseLoop(0x140000dea88)
	/home/runner/work/initech/initech/internal/tui/pane.go:468 +0x5c
github.com/nmelo/initech/internal/tui.(*Pane).Start.func3()
	/home/runner/work/initech/initech/internal/tui/pane.go:396 +0x4c
github.com/nmelo/initech/internal/tui.(*TUI).safeGo.func1()
	/home/runner/work/initech/initech/internal/tui/crash.go:34 +0x4c
created by github.com/nmelo/initech/internal/tui.(*TUI).safeGo in goroutine 1
	/home/runner/work/initech/initech/internal/tui/crash.go:18 +0x68

goroutine 83 [chan receive]:
github.com/nmelo/initech/internal/tui.(*Pane).watchJSONL(0x140000dea88)
	/home/runner/work/initech/initech/internal/tui/pane_journal.go:30 +0x9c
github.com/nmelo/initech/internal/tui.(*Pane).Start.func4()
	/home/runner/work/initech/initech/internal/tui/pane.go:398 +0x4c
github.com/nmelo/initech/internal/tui.(*TUI).safeGo.func1()
	/home/runner/work/initech/initech/internal/tui/crash.go:34 +0x4c
created by github.com/nmelo/initech/internal/tui.(*TUI).safeGo in goroutine 1
	/home/runner/work/initech/initech/internal/tui/crash.go:18 +0x68

goroutine 84 [syscall, 96 minutes]:
syscall.syscall(0x14002d62dc8?, 0x102c51e24?, 0x800000?, 0x7ffff800000?)
	/opt/hostedtoolcache/go/1.25.0/x64/src/runtime/sys_darwin.go:27 +0x40
syscall.read(0x140002181e0?, {0x14000df2000?, 0x14002d62e08?, 0x103039d4c?})
	/opt/hostedtoolcache/go/1.25.0/x64/src/syscall/zsyscall_darwin_arm64.go:1245 +0x48
syscall.Read(...)
	/opt/hostedtoolcache/go/1.25.0/x64/src/syscall/syscall_unix.go:183
internal/poll.ignoringEINTRIO(...)
	/opt/hostedtoolcache/go/1.25.0/x64/src/internal/poll/fd_unix.go:738
internal/poll.(*FD).Read(0x140002181e0, {0x14000df2000, 0x8000, 0x8000})
	/opt/hostedtoolcache/go/1.25.0/x64/src/internal/poll/fd_unix.go:161 +0x204
os.(*File).read(...)
	/opt/hostedtoolcache/go/1.25.0/x64/src/os/file_posix.go:29
os.(*File).Read(0x1400011c570, {0x14000df2000?, 0x5d?, 0x8000?})
	/opt/hostedtoolcache/go/1.25.0/x64/src/os/file.go:144 +0x68
github.com/nmelo/initech/internal/tui.(*Pane).readLoop(0x140000df188)
	/home/runner/work/initech/initech/internal/tui/pane.go:405 +0x5c
github.com/nmelo/initech/internal/tui.(*Pane).Start.func2()
	/home/runner/work/initech/initech/internal/tui/pane.go:395 +0x4c
github.com/nmelo/initech/internal/tui.(*TUI).safeGo.func1()
	/home/runner/work/initech/initech/internal/tui/crash.go:34 +0x4c
created by github.com/nmelo/initech/internal/tui.(*TUI).safeGo in goroutine 1
	/home/runner/work/initech/initech/internal/tui/crash.go:18 +0x68

goroutine 85 [select, 96 minutes]:
io.(*pipe).read(0x14000218180, {0x140002bfe50, 0x100, 0x0?})
	/opt/hostedtoolcache/go/1.25.0/x64/src/io/pipe.go:57 +0x7c
io.(*PipeReader).Read(...)
	/opt/hostedtoolcache/go/1.25.0/x64/src/io/pipe.go:134
github.com/charmbracelet/x/vt.(*Emulator).Read(0x1400011c570?, {0x140002bfe50?, 0xb?, 0x0?})
	/home/runner/go/pkg/mod/github.com/nmelo/x/vt@v0.0.0-20260402173550-246f6ae86935/emulator.go:256 +0x54
github.com/charmbracelet/x/vt.(*SafeEmulator).Read(...)
	/home/runner/go/pkg/mod/github.com/nmelo/x/vt@v0.0.0-20260402173550-246f6ae86935/safe_emulator.go:34
github.com/nmelo/initech/internal/tui.(*Pane).responseLoop(0x140000df188)
	/home/runner/work/initech/initech/internal/tui/pane.go:468 +0x5c
github.com/nmelo/initech/internal/tui.(*Pane).Start.func3()
	/home/runner/work/initech/initech/internal/tui/pane.go:396 +0x4c
github.com/nmelo/initech/internal/tui.(*TUI).safeGo.func1()
	/home/runner/work/initech/initech/internal/tui/crash.go:34 +0x4c
created by github.com/nmelo/initech/internal/tui.(*TUI).safeGo in goroutine 1
	/home/runner/work/initech/initech/internal/tui/crash.go:18 +0x68

goroutine 86 [chan receive]:
github.com/nmelo/initech/internal/tui.(*Pane).watchJSONL(0x140000df188)
	/home/runner/work/initech/initech/internal/tui/pane_journal.go:30 +0x9c
github.com/nmelo/initech/internal/tui.(*Pane).Start.func4()
	/home/runner/work/initech/initech/internal/tui/pane.go:398 +0x4c
github.com/nmelo/initech/internal/tui.(*TUI).safeGo.func1()
	/home/runner/work/initech/initech/internal/tui/crash.go:34 +0x4c
created by github.com/nmelo/initech/internal/tui.(*TUI).safeGo in goroutine 1
	/home/runner/work/initech/initech/internal/tui/crash.go:18 +0x68

goroutine 70 [syscall, 2 minutes]:
syscall.syscall(0x14002d5fdc8?, 0x102c51e24?, 0x800000?, 0x7ffff800000?)
	/opt/hostedtoolcache/go/1.25.0/x64/src/runtime/sys_darwin.go:27 +0x40
syscall.read(0x1400007c3c0?, {0x14000990000?, 0x14002d5fe08?, 0x103039d4c?})
	/opt/hostedtoolcache/go/1.25.0/x64/src/syscall/zsyscall_darwin_arm64.go:1245 +0x48
syscall.Read(...)
	/opt/hostedtoolcache/go/1.25.0/x64/src/syscall/syscall_unix.go:183
internal/poll.ignoringEINTRIO(...)
	/opt/hostedtoolcache/go/1.25.0/x64/src/internal/poll/fd_unix.go:738
internal/poll.(*FD).Read(0x1400007c3c0, {0x14000990000, 0x8000, 0x8000})
	/opt/hostedtoolcache/go/1.25.0/x64/src/internal/poll/fd_unix.go:161 +0x204
os.(*File).read(...)
	/opt/hostedtoolcache/go/1.25.0/x64/src/os/file_posix.go:29
os.(*File).Read(0x1400011c118, {0x14000990000?, 0xcb?, 0x8000?})
	/opt/hostedtoolcache/go/1.25.0/x64/src/os/file.go:144 +0x68
github.com/nmelo/initech/internal/tui.(*Pane).readLoop(0x140000df888)
	/home/runner/work/initech/initech/internal/tui/pane.go:405 +0x5c
github.com/nmelo/initech/internal/tui.(*Pane).Start.func2()
	/home/runner/work/initech/initech/internal/tui/pane.go:395 +0x4c
github.com/nmelo/initech/internal/tui.(*TUI).safeGo.func1()
	/home/runner/work/initech/initech/internal/tui/crash.go:34 +0x4c
created by github.com/nmelo/initech/internal/tui.(*TUI).safeGo in goroutine 1
	/home/runner/work/initech/initech/internal/tui/crash.go:18 +0x68

goroutine 71 [select, 695 minutes]:
io.(*pipe).read(0x140002182a0, {0x14000275e50, 0x100, 0x0?})
	/opt/hostedtoolcache/go/1.25.0/x64/src/io/pipe.go:57 +0x7c
io.(*PipeReader).Read(...)
	/opt/hostedtoolcache/go/1.25.0/x64/src/io/pipe.go:134
github.com/charmbracelet/x/vt.(*Emulator).Read(0x1400011c118?, {0x14000275e50?, 0xd?, 0x0?})
	/home/runner/go/pkg/mod/github.com/nmelo/x/vt@v0.0.0-20260402173550-246f6ae86935/emulator.go:256 +0x54
github.com/charmbracelet/x/vt.(*SafeEmulator).Read(...)
	/home/runner/go/pkg/mod/github.com/nmelo/x/vt@v0.0.0-20260402173550-246f6ae86935/safe_emulator.go:34
github.com/nmelo/initech/internal/tui.(*Pane).responseLoop(0x140000df888)
	/home/runner/work/initech/initech/internal/tui/pane.go:468 +0x5c
github.com/nmelo/initech/internal/tui.(*Pane).Start.func3()
	/home/runner/work/initech/initech/internal/tui/pane.go:396 +0x4c
github.com/nmelo/initech/internal/tui.(*TUI).safeGo.func1()
	/home/runner/work/initech/initech/internal/tui/crash.go:34 +0x4c
created by github.com/nmelo/initech/internal/tui.(*TUI).safeGo in goroutine 1
	/home/runner/work/initech/initech/internal/tui/crash.go:18 +0x68

goroutine 72 [chan receive]:
github.com/nmelo/initech/internal/tui.(*Pane).watchJSONL(0x140000df888)
	/home/runner/work/initech/initech/internal/tui/pane_journal.go:30 +0x9c
github.com/nmelo/initech/internal/tui.(*Pane).Start.func4()
	/home/runner/work/initech/initech/internal/tui/pane.go:398 +0x4c
github.com/nmelo/initech/internal/tui.(*TUI).safeGo.func1()
	/home/runner/work/initech/initech/internal/tui/crash.go:34 +0x4c
created by github.com/nmelo/initech/internal/tui.(*TUI).safeGo in goroutine 1
	/home/runner/work/initech/initech/internal/tui/crash.go:18 +0x68

goroutine 73 [syscall, 695 minutes]:
syscall.syscall(0x140002c4dc8?, 0x102c51e24?, 0x800000?, 0x7ffff800000?)
	/opt/hostedtoolcache/go/1.25.0/x64/src/runtime/sys_darwin.go:27 +0x40
syscall.read(0x1400007c4e0?, {0x14001732000?, 0x12?, 0x0?})
	/opt/hostedtoolcache/go/1.25.0/x64/src/syscall/zsyscall_darwin_arm64.go:1245 +0x48
syscall.Read(...)
	/opt/hostedtoolcache/go/1.25.0/x64/src/syscall/syscall_unix.go:183
internal/poll.ignoringEINTRIO(...)
	/opt/hostedtoolcache/go/1.25.0/x64/src/internal/poll/fd_unix.go:738
internal/poll.(*FD).Read(0x1400007c4e0, {0x14001732000, 0x8000, 0x8000})
	/opt/hostedtoolcache/go/1.25.0/x64/src/internal/poll/fd_unix.go:161 +0x204
os.(*File).read(...)
	/opt/hostedtoolcache/go/1.25.0/x64/src/os/file_posix.go:29
os.(*File).Read(0x1400011cb98, {0x14001732000?, 0xad?, 0x8000?})
	/opt/hostedtoolcache/go/1.25.0/x64/src/os/file.go:144 +0x68
github.com/nmelo/initech/internal/tui.(*Pane).readLoop(0x14000248708)
	/home/runner/work/initech/initech/internal/tui/pane.go:405 +0x5c
github.com/nmelo/initech/internal/tui.(*Pane).Start.func2()
	/home/runner/work/initech/initech/internal/tui/pane.go:395 +0x4c
github.com/nmelo/initech/internal/tui.(*TUI).safeGo.func1()
	/home/runner/work/initech/initech/internal/tui/crash.go:34 +0x4c
created by github.com/nmelo/initech/internal/tui.(*TUI).safeGo in goroutine 1
	/home/runner/work/initech/initech/internal/tui/crash.go:18 +0x68

goroutine 74 [select, 695 minutes]:
io.(*pipe).read(0x1400007c480, {0x140002c2e50, 0x100, 0x0?})
	/opt/hostedtoolcache/go/1.25.0/x64/src/io/pipe.go:57 +0x7c
io.(*PipeReader).Read(...)
	/opt/hostedtoolcache/go/1.25.0/x64/src/io/pipe.go:134
github.com/charmbracelet/x/vt.(*Emulator).Read(0x1400011cb98?, {0x140002c2e50?, 0x18?, 0x0?})
	/home/runner/go/pkg/mod/github.com/nmelo/x/vt@v0.0.0-20260402173550-246f6ae86935/emulator.go:256 +0x54
github.com/charmbracelet/x/vt.(*SafeEmulator).Read(...)
	/home/runner/go/pkg/mod/github.com/nmelo/x/vt@v0.0.0-20260402173550-246f6ae86935/safe_emulator.go:34
github.com/nmelo/initech/internal/tui.(*Pane).responseLoop(0x14000248708)
	/home/runner/work/initech/initech/internal/tui/pane.go:468 +0x5c
github.com/nmelo/initech/internal/tui.(*Pane).Start.func3()
	/home/runner/work/initech/initech/internal/tui/pane.go:396 +0x4c
github.com/nmelo/initech/internal/tui.(*TUI).safeGo.func1()
	/home/runner/work/initech/initech/internal/tui/crash.go:34 +0x4c
created by github.com/nmelo/initech/internal/tui.(*TUI).safeGo in goroutine 1
	/home/runner/work/initech/initech/internal/tui/crash.go:18 +0x68

goroutine 75 [chan receive]:
github.com/nmelo/initech/internal/tui.(*Pane).watchJSONL(0x14000248708)
	/home/runner/work/initech/initech/internal/tui/pane_journal.go:30 +0x9c
github.com/nmelo/initech/internal/tui.(*Pane).Start.func4()
	/home/runner/work/initech/initech/internal/tui/pane.go:398 +0x4c
github.com/nmelo/initech/internal/tui.(*TUI).safeGo.func1()
	/home/runner/work/initech/initech/internal/tui/crash.go:34 +0x4c
created by github.com/nmelo/initech/internal/tui.(*TUI).safeGo in goroutine 1
	/home/runner/work/initech/initech/internal/tui/crash.go:18 +0x68

goroutine 76 [syscall, 695 minutes]:
syscall.syscall(0x14000277dc8?, 0x102c51e24?, 0x800000?, 0x7ffff800000?)
	/opt/hostedtoolcache/go/1.25.0/x64/src/runtime/sys_darwin.go:27 +0x40
syscall.read(0x1400007c600?, {0x14001bf8000?, 0x14000277e08?, 0x103039d4c?})
	/opt/hostedtoolcache/go/1.25.0/x64/src/syscall/zsyscall_darwin_arm64.go:1245 +0x48
syscall.Read(...)
	/opt/hostedtoolcache/go/1.25.0/x64/src/syscall/syscall_unix.go:183
internal/poll.ignoringEINTRIO(...)
	/opt/hostedtoolcache/go/1.25.0/x64/src/internal/poll/fd_unix.go:738
internal/poll.(*FD).Read(0x1400007c600, {0x14001bf8000, 0x8000, 0x8000})
	/opt/hostedtoolcache/go/1.25.0/x64/src/internal/poll/fd_unix.go:161 +0x204
os.(*File).read(...)
	/opt/hostedtoolcache/go/1.25.0/x64/src/os/file_posix.go:29
os.(*File).Read(0x1400011ceb0, {0x14001bf8000?, 0x27?, 0x8000?})
	/opt/hostedtoolcache/go/1.25.0/x64/src/os/file.go:144 +0x68
github.com/nmelo/initech/internal/tui.(*Pane).readLoop(0x14000248e08)
	/home/runner/work/initech/initech/internal/tui/pane.go:405 +0x5c
github.com/nmelo/initech/internal/tui.(*Pane).Start.func2()
	/home/runner/work/initech/initech/internal/tui/pane.go:395 +0x4c
github.com/nmelo/initech/internal/tui.(*TUI).safeGo.func1()
	/home/runner/work/initech/initech/internal/tui/crash.go:34 +0x4c
created by github.com/nmelo/initech/internal/tui.(*TUI).safeGo in goroutine 1
	/home/runner/work/initech/initech/internal/tui/crash.go:18 +0x68

goroutine 77 [select, 695 minutes]:
io.(*pipe).read(0x1400007c5a0, {0x14000272e50, 0x100, 0x0?})
	/opt/hostedtoolcache/go/1.25.0/x64/src/io/pipe.go:57 +0x7c
io.(*PipeReader).Read(...)
	/opt/hostedtoolcache/go/1.25.0/x64/src/io/pipe.go:134
github.com/charmbracelet/x/vt.(*Emulator).Read(0x1400011ceb0?, {0x14000272e50?, 0xd?, 0x0?})
	/home/runner/go/pkg/mod/github.com/nmelo/x/vt@v0.0.0-20260402173550-246f6ae86935/emulator.go:256 +0x54
github.com/charmbracelet/x/vt.(*SafeEmulator).Read(...)
	/home/runner/go/pkg/mod/github.com/nmelo/x/vt@v0.0.0-20260402173550-246f6ae86935/safe_emulator.go:34
github.com/nmelo/initech/internal/tui.(*Pane).responseLoop(0x14000248e08)
	/home/runner/work/initech/initech/internal/tui/pane.go:468 +0x5c
github.com/nmelo/initech/internal/tui.(*Pane).Start.func3()
	/home/runner/work/initech/initech/internal/tui/pane.go:396 +0x4c
github.com/nmelo/initech/internal/tui.(*TUI).safeGo.func1()
	/home/runner/work/initech/initech/internal/tui/crash.go:34 +0x4c
created by github.com/nmelo/initech/internal/tui.(*TUI).safeGo in goroutine 1
	/home/runner/work/initech/initech/internal/tui/crash.go:18 +0x68

goroutine 78 [chan receive]:
github.com/nmelo/initech/internal/tui.(*Pane).watchJSONL(0x14000248e08)
	/home/runner/work/initech/initech/internal/tui/pane_journal.go:30 +0x9c
github.com/nmelo/initech/internal/tui.(*Pane).Start.func4()
	/home/runner/work/initech/initech/internal/tui/pane.go:398 +0x4c
github.com/nmelo/initech/internal/tui.(*TUI).safeGo.func1()
	/home/runner/work/initech/initech/internal/tui/crash.go:34 +0x4c
created by github.com/nmelo/initech/internal/tui.(*TUI).safeGo in goroutine 1
	/home/runner/work/initech/initech/internal/tui/crash.go:18 +0x68

goroutine 97 [select]:
github.com/nmelo/initech/internal/tui.(*TUI).startBatteryPoller.func1()
	/home/runner/work/initech/initech/internal/tui/poll.go:93 +0xac
github.com/nmelo/initech/internal/tui.(*TUI).safeGo.func1()
	/home/runner/work/initech/initech/internal/tui/crash.go:34 +0x4c
created by github.com/nmelo/initech/internal/tui.(*TUI).safeGo in goroutine 1
	/home/runner/work/initech/initech/internal/tui/crash.go:18 +0x68

goroutine 98 [select, 76 minutes]:
github.com/gdamore/tcell/v2.(*baseScreen).PollEvent(0x140000a6f70)
	/home/runner/go/pkg/mod/github.com/gdamore/tcell/v2@v2.13.8/screen.go:511 +0x74
github.com/nmelo/initech/internal/tui.Run.func15()
	/home/runner/work/initech/initech/internal/tui/tui.go:927 +0x50
github.com/nmelo/initech/internal/tui.(*TUI).safeGo.func1()
	/home/runner/work/initech/initech/internal/tui/crash.go:34 +0x4c
created by github.com/nmelo/initech/internal/tui.(*TUI).safeGo in goroutine 1
	/home/runner/work/initech/initech/internal/tui/crash.go:18 +0x68

=== RENDER WATCHDOG ===
Time:      2026-05-01T17:39:04+08:00
Version:   1.17.17
Go:        go1.25.0
Stale for: 15m7s
Diagnosis: No render completed in 15m7s. Main loop is likely blocked.

--- All Goroutine Stacks ---
goroutine 100 [running]:
github.com/nmelo/initech/internal/tui.dumpWatchdogStacks({0x140000e6258, 0x18}, {0x10343c230, 0x7}, 0xd327246cb0)
	/home/runner/work/initech/initech/internal/tui/watchdog.go:51 +0x5c
github.com/nmelo/initech/internal/tui.renderWatchdog(0x140000d3468, 0x2540be400, {0x140000e6258, 0x18}, {0x10343c230, 0x7}, 0x140002a4310)
	/home/runner/work/initech/initech/internal/tui/watchdog.go:35 +0x158
created by github.com/nmelo/initech/internal/tui.Run in goroutine 1
	/home/runner/work/initech/initech/internal/tui/tui.go:946 +0x2408

goroutine 1 [syscall]:
syscall.syscall(0x1400004c638?, 0x102c5371c?, 0x80000000000?, 0x7ffff80000000000?)
	/opt/hostedtoolcache/go/1.25.0/x64/src/runtime/sys_darwin.go:27 +0x40
syscall.write(0x140000ac480?, {0x14001e98000?, 0x1?, 0x6?})
	/opt/hostedtoolcache/go/1.25.0/x64/src/syscall/zsyscall_darwin_arm64.go:1709 +0x48
syscall.Write(...)
	/opt/hostedtoolcache/go/1.25.0/x64/src/syscall/syscall_unix.go:211
internal/poll.ignoringEINTRIO(...)
	/opt/hostedtoolcache/go/1.25.0/x64/src/internal/poll/fd_unix.go:738
internal/poll.(*FD).Write(0x140000ac480, {0x14001e98000, 0x455a, 0x8000})
	/opt/hostedtoolcache/go/1.25.0/x64/src/internal/poll/fd_unix.go:374 +0x2b4
os.(*File).write(...)
	/opt/hostedtoolcache/go/1.25.0/x64/src/os/file_posix.go:46
os.(*File).Write(0x140000b4020, {0x14001e98000?, 0x455a, 0x102ce7740?})
	/opt/hostedtoolcache/go/1.25.0/x64/src/os/file.go:215 +0x54
github.com/gdamore/tcell/v2.(*devTty).Write(0x103441e90?, {0x14001e98000?, 0x1034421d0?, 0x1032e1c2e?})
	/home/runner/go/pkg/mod/github.com/gdamore/tcell/v2@v2.13.8/tty_unix.go:53 +0x24
bytes.(*Buffer).WriteTo(0x1400028c468, {0x1040b4400?, 0x140000ac600?})
	/opt/hostedtoolcache/go/1.25.0/x64/src/bytes/buffer.go:267 +0x70
github.com/gdamore/tcell/v2.(*tScreen).draw(0x1400028c408)
	/home/runner/go/pkg/mod/github.com/gdamore/tcell/v2@v2.13.8/tscreen.go:787 +0x160
github.com/gdamore/tcell/v2.(*tScreen).Show(0x1400028c408)
	/home/runner/go/pkg/mod/github.com/gdamore/tcell/v2@v2.13.8/tscreen.go:714 +0x9c
github.com/nmelo/initech/internal/tui.(*TUI).render(0x140000d3088)
	/home/runner/work/initech/initech/internal/tui/render.go:119 +0x884
github.com/nmelo/initech/internal/tui.Run({{0x14000290288, 0x5, 0x5}, {0x140000cc970, 0xa}, {0x140000e6258, 0x18}, 0x0, 0x0, {0x10343c230, ...}, ...})
	/home/runner/work/initech/initech/internal/tui/tui.go:998 +0x27c8
github.com/nmelo/initech/cmd.runTUI(0x103dbe520, {0x1032dcf61?, 0x4?, 0x1032dd029?})
	/home/runner/work/initech/initech/cmd/root.go:286 +0x820
github.com/spf13/cobra.(*Command).execute(0x103dbe520, {0x14000126040, 0x0, 0x0})
	/home/runner/go/pkg/mod/github.com/spf13/cobra@v1.10.2/command.go:1015 +0x7d4
github.com/spf13/cobra.(*Command).ExecuteC(0x103dbe520)
	/home/runner/go/pkg/mod/github.com/spf13/cobra@v1.10.2/command.go:1148 +0x350
github.com/spf13/cobra.(*Command).Execute(...)
	/home/runner/go/pkg/mod/github.com/spf13/cobra@v1.10.2/command.go:1071
github.com/nmelo/initech/cmd.init.func4()
	/home/runner/work/initech/initech/cmd/root.go:41 +0x24
github.com/nmelo/initech/cmd.Execute()
	/home/runner/work/initech/initech/cmd/root.go:134 +0x28
main.main()
	/home/runner/work/initech/initech/main.go:7 +0x1c

goroutine 13 [select, 697 minutes]:
github.com/gdamore/tcell/v2.(*devTty).Start.func1(0x140002a40e0)
	/home/runner/go/pkg/mod/github.com/gdamore/tcell/v2@v2.13.8/tty_unix.go:94 +0x8c
created by github.com/gdamore/tcell/v2.(*devTty).Start in goroutine 1
	/home/runner/go/pkg/mod/github.com/gdamore/tcell/v2@v2.13.8/tty_unix.go:91 +0x20c

goroutine 15 [syscall, 697 minutes]:
os/signal.signal_recv()
	/opt/hostedtoolcache/go/1.25.0/x64/src/runtime/sigqueue.go:149 +0x2c
os/signal.loop()
	/opt/hostedtoolcache/go/1.25.0/x64/src/os/signal/signal_unix.go:23 +0x1c
created by os/signal.Notify.func1.1 in goroutine 1
	/opt/hostedtoolcache/go/1.25.0/x64/src/os/signal/signal.go:152 +0x28

goroutine 16 [syscall, 78 minutes]:
syscall.syscall(0x14000106598?, 0x102c51e24?, 0x800000?, 0x7ffff800000?)
	/opt/hostedtoolcache/go/1.25.0/x64/src/runtime/sys_darwin.go:27 +0x40
syscall.read(0x140000ac480?, {0x140030bfa80?, 0x14000106608?, 0x102b6f838?})
	/opt/hostedtoolcache/go/1.25.0/x64/src/syscall/zsyscall_darwin_arm64.go:1245 +0x48
syscall.Read(...)
	/opt/hostedtoolcache/go/1.25.0/x64/src/syscall/syscall_unix.go:183
internal/poll.ignoringEINTRIO(...)
	/opt/hostedtoolcache/go/1.25.0/x64/src/internal/poll/fd_unix.go:738
internal/poll.(*FD).Read(0x140000ac480, {0x140030bfa80, 0x80, 0x80})
	/opt/hostedtoolcache/go/1.25.0/x64/src/internal/poll/fd_unix.go:161 +0x204
os.(*File).read(...)
	/opt/hostedtoolcache/go/1.25.0/x64/src/os/file_posix.go:29
os.(*File).Read(0x140000b4020, {0x140030bfa80?, 0x1?, 0x0?})
	/opt/hostedtoolcache/go/1.25.0/x64/src/os/file.go:144 +0x68
github.com/gdamore/tcell/v2.(*devTty).Read(0x0?, {0x140030bfa80?, 0x80?, 0x80?})
	/home/runner/go/pkg/mod/github.com/gdamore/tcell/v2@v2.13.8/tty_unix.go:49 +0x24
github.com/gdamore/tcell/v2.(*tScreen).inputLoop(0x1400028c408, 0x140002a42a0)
	/home/runner/go/pkg/mod/github.com/gdamore/tcell/v2@v2.13.8/tscreen.go:1051 +0xa4
created by github.com/gdamore/tcell/v2.(*tScreen).engage in goroutine 1
	/home/runner/go/pkg/mod/github.com/gdamore/tcell/v2@v2.13.8/tscreen.go:1211 +0x374

goroutine 49 [select, 78 minutes]:
github.com/gdamore/tcell/v2.(*tScreen).mainLoop(0x1400028c408, 0x140002a42a0)
	/home/runner/go/pkg/mod/github.com/gdamore/tcell/v2@v2.13.8/tscreen.go:1020 +0xbc
created by github.com/gdamore/tcell/v2.(*tScreen).engage in goroutine 1
	/home/runner/go/pkg/mod/github.com/gdamore/tcell/v2@v2.13.8/tscreen.go:1212 +0x3bc

goroutine 50 [chan receive, 697 minutes]:
github.com/nmelo/initech/internal/tui.installSignalHandlers.func1()
	/home/runner/work/initech/initech/internal/tui/signals.go:55 +0x4c
created by github.com/nmelo/initech/internal/tui.installSignalHandlers in goroutine 1
	/home/runner/work/initech/initech/internal/tui/signals.go:54 +0x11c

goroutine 51 [chan receive, 697 minutes]:
github.com/nmelo/initech/internal/telemetry.(*Client).sender(0x140000dc380)
	/home/runner/work/initech/initech/internal/telemetry/telemetry.go:126 +0xcc
created by github.com/nmelo/initech/internal/telemetry.Init in goroutine 1
	/home/runner/work/initech/initech/internal/telemetry/telemetry.go:62 +0x134

goroutine 52 [IO wait, 697 minutes]:
internal/poll.runtime_pollWait(0x14aa91000, 0x72)
	/opt/hostedtoolcache/go/1.25.0/x64/src/runtime/netpoll.go:351 +0xa0
internal/poll.(*pollDesc).wait(0x140001a4080?, 0x0?, 0x0)
	/opt/hostedtoolcache/go/1.25.0/x64/src/internal/poll/fd_poll_runtime.go:84 +0x28
internal/poll.(*pollDesc).waitRead(...)
	/opt/hostedtoolcache/go/1.25.0/x64/src/internal/poll/fd_poll_runtime.go:89
internal/poll.(*FD).Accept(0x140001a4080)
	/opt/hostedtoolcache/go/1.25.0/x64/src/internal/poll/fd_unix.go:613 +0x21c
net.(*netFD).accept(0x140001a4080)
	/opt/hostedtoolcache/go/1.25.0/x64/src/net/fd_unix.go:161 +0x28
net.(*UnixListener).accept(0x2baa1f35a874?)
	/opt/hostedtoolcache/go/1.25.0/x64/src/net/unixsock_posix.go:172 +0x20
net.(*UnixListener).Accept(0x140000b06f0)
	/opt/hostedtoolcache/go/1.25.0/x64/src/net/unixsock.go:260 +0x2c
github.com/nmelo/initech/internal/tui.(*TUI).startIPC.func1()
	/home/runner/work/initech/initech/internal/tui/ipc.go:85 +0x58
github.com/nmelo/initech/internal/tui.(*TUI).safeGo.func1()
	/home/runner/work/initech/initech/internal/tui/crash.go:34 +0x4c
created by github.com/nmelo/initech/internal/tui.(*TUI).safeGo in goroutine 1
	/home/runner/work/initech/initech/internal/tui/crash.go:18 +0x68

goroutine 81 [syscall, 78 minutes]:
syscall.syscall(0x14000274dc8?, 0x102c51e24?, 0x800000?, 0x7ffff800000?)
	/opt/hostedtoolcache/go/1.25.0/x64/src/runtime/sys_darwin.go:27 +0x40
syscall.read(0x140002180c0?, {0x14000110000?, 0x14000274e08?, 0x103039d4c?})
	/opt/hostedtoolcache/go/1.25.0/x64/src/syscall/zsyscall_darwin_arm64.go:1245 +0x48
syscall.Read(...)
	/opt/hostedtoolcache/go/1.25.0/x64/src/syscall/syscall_unix.go:183
internal/poll.ignoringEINTRIO(...)
	/opt/hostedtoolcache/go/1.25.0/x64/src/internal/poll/fd_unix.go:738
internal/poll.(*FD).Read(0x140002180c0, {0x14000110000, 0x8000, 0x8000})
	/opt/hostedtoolcache/go/1.25.0/x64/src/internal/poll/fd_unix.go:161 +0x204
os.(*File).read(...)
	/opt/hostedtoolcache/go/1.25.0/x64/src/os/file_posix.go:29
os.(*File).Read(0x1400011c0e8, {0x14000110000?, 0xa3?, 0x8000?})
	/opt/hostedtoolcache/go/1.25.0/x64/src/os/file.go:144 +0x68
github.com/nmelo/initech/internal/tui.(*Pane).readLoop(0x140000dea88)
	/home/runner/work/initech/initech/internal/tui/pane.go:405 +0x5c
github.com/nmelo/initech/internal/tui.(*Pane).Start.func2()
	/home/runner/work/initech/initech/internal/tui/pane.go:395 +0x4c
github.com/nmelo/initech/internal/tui.(*TUI).safeGo.func1()
	/home/runner/work/initech/initech/internal/tui/crash.go:34 +0x4c
created by github.com/nmelo/initech/internal/tui.(*TUI).safeGo in goroutine 1
	/home/runner/work/initech/initech/internal/tui/crash.go:18 +0x68

goroutine 82 [select, 78 minutes]:
io.(*pipe).read(0x140000ac720, {0x140002bee50, 0x100, 0x0?})
	/opt/hostedtoolcache/go/1.25.0/x64/src/io/pipe.go:57 +0x7c
io.(*PipeReader).Read(...)
	/opt/hostedtoolcache/go/1.25.0/x64/src/io/pipe.go:134
github.com/charmbracelet/x/vt.(*Emulator).Read(0x1400011c0e8?, {0x140002bee50?, 0xb?, 0x0?})
	/home/runner/go/pkg/mod/github.com/nmelo/x/vt@v0.0.0-20260402173550-246f6ae86935/emulator.go:256 +0x54
github.com/charmbracelet/x/vt.(*SafeEmulator).Read(...)
	/home/runner/go/pkg/mod/github.com/nmelo/x/vt@v0.0.0-20260402173550-246f6ae86935/safe_emulator.go:34
github.com/nmelo/initech/internal/tui.(*Pane).responseLoop(0x140000dea88)
	/home/runner/work/initech/initech/internal/tui/pane.go:468 +0x5c
github.com/nmelo/initech/internal/tui.(*Pane).Start.func3()
	/home/runner/work/initech/initech/internal/tui/pane.go:396 +0x4c
github.com/nmelo/initech/internal/tui.(*TUI).safeGo.func1()
	/home/runner/work/initech/initech/internal/tui/crash.go:34 +0x4c
created by github.com/nmelo/initech/internal/tui.(*TUI).safeGo in goroutine 1
	/home/runner/work/initech/initech/internal/tui/crash.go:18 +0x68

goroutine 83 [chan receive]:
github.com/nmelo/initech/internal/tui.(*Pane).watchJSONL(0x140000dea88)
	/home/runner/work/initech/initech/internal/tui/pane_journal.go:30 +0x9c
github.com/nmelo/initech/internal/tui.(*Pane).Start.func4()
	/home/runner/work/initech/initech/internal/tui/pane.go:398 +0x4c
github.com/nmelo/initech/internal/tui.(*TUI).safeGo.func1()
	/home/runner/work/initech/initech/internal/tui/crash.go:34 +0x4c
created by github.com/nmelo/initech/internal/tui.(*TUI).safeGo in goroutine 1
	/home/runner/work/initech/initech/internal/tui/crash.go:18 +0x68

goroutine 84 [syscall, 98 minutes]:
syscall.syscall(0x14002d62dc8?, 0x102c51e24?, 0x800000?, 0x7ffff800000?)
	/opt/hostedtoolcache/go/1.25.0/x64/src/runtime/sys_darwin.go:27 +0x40
syscall.read(0x140002181e0?, {0x14000df2000?, 0x14002d62e08?, 0x103039d4c?})
	/opt/hostedtoolcache/go/1.25.0/x64/src/syscall/zsyscall_darwin_arm64.go:1245 +0x48
syscall.Read(...)
	/opt/hostedtoolcache/go/1.25.0/x64/src/syscall/syscall_unix.go:183
internal/poll.ignoringEINTRIO(...)
	/opt/hostedtoolcache/go/1.25.0/x64/src/internal/poll/fd_unix.go:738
internal/poll.(*FD).Read(0x140002181e0, {0x14000df2000, 0x8000, 0x8000})
	/opt/hostedtoolcache/go/1.25.0/x64/src/internal/poll/fd_unix.go:161 +0x204
os.(*File).read(...)
	/opt/hostedtoolcache/go/1.25.0/x64/src/os/file_posix.go:29
os.(*File).Read(0x1400011c570, {0x14000df2000?, 0x5d?, 0x8000?})
	/opt/hostedtoolcache/go/1.25.0/x64/src/os/file.go:144 +0x68
github.com/nmelo/initech/internal/tui.(*Pane).readLoop(0x140000df188)
	/home/runner/work/initech/initech/internal/tui/pane.go:405 +0x5c
github.com/nmelo/initech/internal/tui.(*Pane).Start.func2()
	/home/runner/work/initech/initech/internal/tui/pane.go:395 +0x4c
github.com/nmelo/initech/internal/tui.(*TUI).safeGo.func1()
	/home/runner/work/initech/initech/internal/tui/crash.go:34 +0x4c
created by github.com/nmelo/initech/internal/tui.(*TUI).safeGo in goroutine 1
	/home/runner/work/initech/initech/internal/tui/crash.go:18 +0x68

goroutine 85 [select, 98 minutes]:
io.(*pipe).read(0x14000218180, {0x140002bfe50, 0x100, 0x0?})
	/opt/hostedtoolcache/go/1.25.0/x64/src/io/pipe.go:57 +0x7c
io.(*PipeReader).Read(...)
	/opt/hostedtoolcache/go/1.25.0/x64/src/io/pipe.go:134
github.com/charmbracelet/x/vt.(*Emulator).Read(0x1400011c570?, {0x140002bfe50?, 0xb?, 0x0?})
	/home/runner/go/pkg/mod/github.com/nmelo/x/vt@v0.0.0-20260402173550-246f6ae86935/emulator.go:256 +0x54
github.com/charmbracelet/x/vt.(*SafeEmulator).Read(...)
	/home/runner/go/pkg/mod/github.com/nmelo/x/vt@v0.0.0-20260402173550-246f6ae86935/safe_emulator.go:34
github.com/nmelo/initech/internal/tui.(*Pane).responseLoop(0x140000df188)
	/home/runner/work/initech/initech/internal/tui/pane.go:468 +0x5c
github.com/nmelo/initech/internal/tui.(*Pane).Start.func3()
	/home/runner/work/initech/initech/internal/tui/pane.go:396 +0x4c
github.com/nmelo/initech/internal/tui.(*TUI).safeGo.func1()
	/home/runner/work/initech/initech/internal/tui/crash.go:34 +0x4c
created by github.com/nmelo/initech/internal/tui.(*TUI).safeGo in goroutine 1
	/home/runner/work/initech/initech/internal/tui/crash.go:18 +0x68

goroutine 86 [chan receive]:
github.com/nmelo/initech/internal/tui.(*Pane).watchJSONL(0x140000df188)
	/home/runner/work/initech/initech/internal/tui/pane_journal.go:30 +0x9c
github.com/nmelo/initech/internal/tui.(*Pane).Start.func4()
	/home/runner/work/initech/initech/internal/tui/pane.go:398 +0x4c
github.com/nmelo/initech/internal/tui.(*TUI).safeGo.func1()
	/home/runner/work/initech/initech/internal/tui/crash.go:34 +0x4c
created by github.com/nmelo/initech/internal/tui.(*TUI).safeGo in goroutine 1
	/home/runner/work/initech/initech/internal/tui/crash.go:18 +0x68

goroutine 70 [syscall, 4 minutes]:
syscall.syscall(0x14002d5fdc8?, 0x102c51e24?, 0x800000?, 0x7ffff800000?)
	/opt/hostedtoolcache/go/1.25.0/x64/src/runtime/sys_darwin.go:27 +0x40
syscall.read(0x1400007c3c0?, {0x14000990000?, 0x14002d5fe08?, 0x103039d4c?})
	/opt/hostedtoolcache/go/1.25.0/x64/src/syscall/zsyscall_darwin_arm64.go:1245 +0x48
syscall.Read(...)
	/opt/hostedtoolcache/go/1.25.0/x64/src/syscall/syscall_unix.go:183
internal/poll.ignoringEINTRIO(...)
	/opt/hostedtoolcache/go/1.25.0/x64/src/internal/poll/fd_unix.go:738
internal/poll.(*FD).Read(0x1400007c3c0, {0x14000990000, 0x8000, 0x8000})
	/opt/hostedtoolcache/go/1.25.0/x64/src/internal/poll/fd_unix.go:161 +0x204
os.(*File).read(...)
	/opt/hostedtoolcache/go/1.25.0/x64/src/os/file_posix.go:29
os.(*File).Read(0x1400011c118, {0x14000990000?, 0xcb?, 0x8000?})
	/opt/hostedtoolcache/go/1.25.0/x64/src/os/file.go:144 +0x68
github.com/nmelo/initech/internal/tui.(*Pane).readLoop(0x140000df888)
	/home/runner/work/initech/initech/internal/tui/pane.go:405 +0x5c
github.com/nmelo/initech/internal/tui.(*Pane).Start.func2()
	/home/runner/work/initech/initech/internal/tui/pane.go:395 +0x4c
github.com/nmelo/initech/internal/tui.(*TUI).safeGo.func1()
	/home/runner/work/initech/initech/internal/tui/crash.go:34 +0x4c
created by github.com/nmelo/initech/internal/tui.(*TUI).safeGo in goroutine 1
	/home/runner/work/initech/initech/internal/tui/crash.go:18 +0x68

goroutine 71 [select, 697 minutes]:
io.(*pipe).read(0x140002182a0, {0x14000275e50, 0x100, 0x0?})
	/opt/hostedtoolcache/go/1.25.0/x64/src/io/pipe.go:57 +0x7c
io.(*PipeReader).Read(...)
	/opt/hostedtoolcache/go/1.25.0/x64/src/io/pipe.go:134
github.com/charmbracelet/x/vt.(*Emulator).Read(0x1400011c118?, {0x14000275e50?, 0xd?, 0x0?})
	/home/runner/go/pkg/mod/github.com/nmelo/x/vt@v0.0.0-20260402173550-246f6ae86935/emulator.go:256 +0x54
github.com/charmbracelet/x/vt.(*SafeEmulator).Read(...)
	/home/runner/go/pkg/mod/github.com/nmelo/x/vt@v0.0.0-20260402173550-246f6ae86935/safe_emulator.go:34
github.com/nmelo/initech/internal/tui.(*Pane).responseLoop(0x140000df888)
	/home/runner/work/initech/initech/internal/tui/pane.go:468 +0x5c
github.com/nmelo/initech/internal/tui.(*Pane).Start.func3()
	/home/runner/work/initech/initech/internal/tui/pane.go:396 +0x4c
github.com/nmelo/initech/internal/tui.(*TUI).safeGo.func1()
	/home/runner/work/initech/initech/internal/tui/crash.go:34 +0x4c
created by github.com/nmelo/initech/internal/tui.(*TUI).safeGo in goroutine 1
	/home/runner/work/initech/initech/internal/tui/crash.go:18 +0x68

goroutine 72 [chan receive]:
github.com/nmelo/initech/internal/tui.(*Pane).watchJSONL(0x140000df888)
	/home/runner/work/initech/initech/internal/tui/pane_journal.go:30 +0x9c
github.com/nmelo/initech/internal/tui.(*Pane).Start.func4()
	/home/runner/work/initech/initech/internal/tui/pane.go:398 +0x4c
github.com/nmelo/initech/internal/tui.(*TUI).safeGo.func1()
	/home/runner/work/initech/initech/internal/tui/crash.go:34 +0x4c
created by github.com/nmelo/initech/internal/tui.(*TUI).safeGo in goroutine 1
	/home/runner/work/initech/initech/internal/tui/crash.go:18 +0x68

goroutine 73 [syscall, 696 minutes]:
syscall.syscall(0x140002c4dc8?, 0x102c51e24?, 0x800000?, 0x7ffff800000?)
	/opt/hostedtoolcache/go/1.25.0/x64/src/runtime/sys_darwin.go:27 +0x40
syscall.read(0x1400007c4e0?, {0x14001732000?, 0x12?, 0x0?})
	/opt/hostedtoolcache/go/1.25.0/x64/src/syscall/zsyscall_darwin_arm64.go:1245 +0x48
syscall.Read(...)
	/opt/hostedtoolcache/go/1.25.0/x64/src/syscall/syscall_unix.go:183
internal/poll.ignoringEINTRIO(...)
	/opt/hostedtoolcache/go/1.25.0/x64/src/internal/poll/fd_unix.go:738
internal/poll.(*FD).Read(0x1400007c4e0, {0x14001732000, 0x8000, 0x8000})
	/opt/hostedtoolcache/go/1.25.0/x64/src/internal/poll/fd_unix.go:161 +0x204
os.(*File).read(...)
	/opt/hostedtoolcache/go/1.25.0/x64/src/os/file_posix.go:29
os.(*File).Read(0x1400011cb98, {0x14001732000?, 0xad?, 0x8000?})
	/opt/hostedtoolcache/go/1.25.0/x64/src/os/file.go:144 +0x68
github.com/nmelo/initech/internal/tui.(*Pane).readLoop(0x14000248708)
	/home/runner/work/initech/initech/internal/tui/pane.go:405 +0x5c
github.com/nmelo/initech/internal/tui.(*Pane).Start.func2()
	/home/runner/work/initech/initech/internal/tui/pane.go:395 +0x4c
github.com/nmelo/initech/internal/tui.(*TUI).safeGo.func1()
	/home/runner/work/initech/initech/internal/tui/crash.go:34 +0x4c
created by github.com/nmelo/initech/internal/tui.(*TUI).safeGo in goroutine 1
	/home/runner/work/initech/initech/internal/tui/crash.go:18 +0x68

goroutine 74 [select, 697 minutes]:
io.(*pipe).read(0x1400007c480, {0x140002c2e50, 0x100, 0x0?})
	/opt/hostedtoolcache/go/1.25.0/x64/src/io/pipe.go:57 +0x7c
io.(*PipeReader).Read(...)
	/opt/hostedtoolcache/go/1.25.0/x64/src/io/pipe.go:134
github.com/charmbracelet/x/vt.(*Emulator).Read(0x1400011cb98?, {0x140002c2e50?, 0x18?, 0x0?})
	/home/runner/go/pkg/mod/github.com/nmelo/x/vt@v0.0.0-20260402173550-246f6ae86935/emulator.go:256 +0x54
github.com/charmbracelet/x/vt.(*SafeEmulator).Read(...)
	/home/runner/go/pkg/mod/github.com/nmelo/x/vt@v0.0.0-20260402173550-246f6ae86935/safe_emulator.go:34
github.com/nmelo/initech/internal/tui.(*Pane).responseLoop(0x14000248708)
	/home/runner/work/initech/initech/internal/tui/pane.go:468 +0x5c
github.com/nmelo/initech/internal/tui.(*Pane).Start.func3()
	/home/runner/work/initech/initech/internal/tui/pane.go:396 +0x4c
github.com/nmelo/initech/internal/tui.(*TUI).safeGo.func1()
	/home/runner/work/initech/initech/internal/tui/crash.go:34 +0x4c
created by github.com/nmelo/initech/internal/tui.(*TUI).safeGo in goroutine 1
	/home/runner/work/initech/initech/internal/tui/crash.go:18 +0x68

goroutine 75 [chan receive]:
github.com/nmelo/initech/internal/tui.(*Pane).watchJSONL(0x14000248708)
	/home/runner/work/initech/initech/internal/tui/pane_journal.go:30 +0x9c
github.com/nmelo/initech/internal/tui.(*Pane).Start.func4()
	/home/runner/work/initech/initech/internal/tui/pane.go:398 +0x4c
github.com/nmelo/initech/internal/tui.(*TUI).safeGo.func1()
	/home/runner/work/initech/initech/internal/tui/crash.go:34 +0x4c
created by github.com/nmelo/initech/internal/tui.(*TUI).safeGo in goroutine 1
	/home/runner/work/initech/initech/internal/tui/crash.go:18 +0x68

goroutine 76 [syscall, 697 minutes]:
syscall.syscall(0x14000277dc8?, 0x102c51e24?, 0x800000?, 0x7ffff800000?)
	/opt/hostedtoolcache/go/1.25.0/x64/src/runtime/sys_darwin.go:27 +0x40
syscall.read(0x1400007c600?, {0x14001bf8000?, 0x14000277e08?, 0x103039d4c?})
	/opt/hostedtoolcache/go/1.25.0/x64/src/syscall/zsyscall_darwin_arm64.go:1245 +0x48
syscall.Read(...)
	/opt/hostedtoolcache/go/1.25.0/x64/src/syscall/syscall_unix.go:183
internal/poll.ignoringEINTRIO(...)
	/opt/hostedtoolcache/go/1.25.0/x64/src/internal/poll/fd_unix.go:738
internal/poll.(*FD).Read(0x1400007c600, {0x14001bf8000, 0x8000, 0x8000})
	/opt/hostedtoolcache/go/1.25.0/x64/src/internal/poll/fd_unix.go:161 +0x204
os.(*File).read(...)
	/opt/hostedtoolcache/go/1.25.0/x64/src/os/file_posix.go:29
os.(*File).Read(0x1400011ceb0, {0x14001bf8000?, 0x27?, 0x8000?})
	/opt/hostedtoolcache/go/1.25.0/x64/src/os/file.go:144 +0x68
github.com/nmelo/initech/internal/tui.(*Pane).readLoop(0x14000248e08)
	/home/runner/work/initech/initech/internal/tui/pane.go:405 +0x5c
github.com/nmelo/initech/internal/tui.(*Pane).Start.func2()
	/home/runner/work/initech/initech/internal/tui/pane.go:395 +0x4c
github.com/nmelo/initech/internal/tui.(*TUI).safeGo.func1()
	/home/runner/work/initech/initech/internal/tui/crash.go:34 +0x4c
created by github.com/nmelo/initech/internal/tui.(*TUI).safeGo in goroutine 1
	/home/runner/work/initech/initech/internal/tui/crash.go:18 +0x68

goroutine 77 [select, 697 minutes]:
io.(*pipe).read(0x1400007c5a0, {0x14000272e50, 0x100, 0x0?})
	/opt/hostedtoolcache/go/1.25.0/x64/src/io/pipe.go:57 +0x7c
io.(*PipeReader).Read(...)
	/opt/hostedtoolcache/go/1.25.0/x64/src/io/pipe.go:134
github.com/charmbracelet/x/vt.(*Emulator).Read(0x1400011ceb0?, {0x14000272e50?, 0xd?, 0x0?})
	/home/runner/go/pkg/mod/github.com/nmelo/x/vt@v0.0.0-20260402173550-246f6ae86935/emulator.go:256 +0x54
github.com/charmbracelet/x/vt.(*SafeEmulator).Read(...)
	/home/runner/go/pkg/mod/github.com/nmelo/x/vt@v0.0.0-20260402173550-246f6ae86935/safe_emulator.go:34
github.com/nmelo/initech/internal/tui.(*Pane).responseLoop(0x14000248e08)
	/home/runner/work/initech/initech/internal/tui/pane.go:468 +0x5c
github.com/nmelo/initech/internal/tui.(*Pane).Start.func3()
	/home/runner/work/initech/initech/internal/tui/pane.go:396 +0x4c
github.com/nmelo/initech/internal/tui.(*TUI).safeGo.func1()
	/home/runner/work/initech/initech/internal/tui/crash.go:34 +0x4c
created by github.com/nmelo/initech/internal/tui.(*TUI).safeGo in goroutine 1
	/home/runner/work/initech/initech/internal/tui/crash.go:18 +0x68

goroutine 78 [chan receive]:
github.com/nmelo/initech/internal/tui.(*Pane).watchJSONL(0x14000248e08)
	/home/runner/work/initech/initech/internal/tui/pane_journal.go:30 +0x9c
github.com/nmelo/initech/internal/tui.(*Pane).Start.func4()
	/home/runner/work/initech/initech/internal/tui/pane.go:398 +0x4c
github.com/nmelo/initech/internal/tui.(*TUI).safeGo.func1()
	/home/runner/work/initech/initech/internal/tui/crash.go:34 +0x4c
created by github.com/nmelo/initech/internal/tui.(*TUI).safeGo in goroutine 1
	/home/runner/work/initech/initech/internal/tui/crash.go:18 +0x68

goroutine 97 [select]:
github.com/nmelo/initech/internal/tui.(*TUI).startBatteryPoller.func1()
	/home/runner/work/initech/initech/internal/tui/poll.go:93 +0xac
github.com/nmelo/initech/internal/tui.(*TUI).safeGo.func1()
	/home/runner/work/initech/initech/internal/tui/crash.go:34 +0x4c
created by github.com/nmelo/initech/internal/tui.(*TUI).safeGo in goroutine 1
	/home/runner/work/initech/initech/internal/tui/crash.go:18 +0x68

goroutine 98 [select, 78 minutes]:
github.com/gdamore/tcell/v2.(*baseScreen).PollEvent(0x140000a6f70)
	/home/runner/go/pkg/mod/github.com/gdamore/tcell/v2@v2.13.8/screen.go:511 +0x74
github.com/nmelo/initech/internal/tui.Run.func15()
	/home/runner/work/initech/initech/internal/tui/tui.go:927 +0x50
github.com/nmelo/initech/internal/tui.(*TUI).safeGo.func1()
	/home/runner/work/initech/initech/internal/tui/crash.go:34 +0x4c
created by github.com/nmelo/initech/internal/tui.(*TUI).safeGo in goroutine 1
	/home/runner/work/initech/initech/internal/tui/crash.go:18 +0x68

=== RENDER WATCHDOG ===
Time:      2026-05-01T19:07:47+08:00
Version:   1.17.17
Go:        go1.25.0
Stale for: 9m33s
Diagnosis: No render completed in 9m33s. Main loop is likely blocked.

--- All Goroutine Stacks ---
goroutine 100 [running]:
github.com/nmelo/initech/internal/tui.dumpWatchdogStacks({0x140000e6258, 0x18}, {0x10343c230, 0x7}, 0x858276fb30)
	/home/runner/work/initech/initech/internal/tui/watchdog.go:51 +0x5c
github.com/nmelo/initech/internal/tui.renderWatchdog(0x140000d3468, 0x2540be400, {0x140000e6258, 0x18}, {0x10343c230, 0x7}, 0x140002a4310)
	/home/runner/work/initech/initech/internal/tui/watchdog.go:35 +0x158
created by github.com/nmelo/initech/internal/tui.Run in goroutine 1
	/home/runner/work/initech/initech/internal/tui/tui.go:946 +0x2408

goroutine 1 [syscall]:
syscall.syscall(0x1400004c638?, 0x102c5371c?, 0x80000000000?, 0x7ffff80000000000?)
	/opt/hostedtoolcache/go/1.25.0/x64/src/runtime/sys_darwin.go:27 +0x40
syscall.write(0x140000ac480?, {0x14001e98000?, 0x1?, 0x6?})
	/opt/hostedtoolcache/go/1.25.0/x64/src/syscall/zsyscall_darwin_arm64.go:1709 +0x48
syscall.Write(...)
	/opt/hostedtoolcache/go/1.25.0/x64/src/syscall/syscall_unix.go:211
internal/poll.ignoringEINTRIO(...)
	/opt/hostedtoolcache/go/1.25.0/x64/src/internal/poll/fd_unix.go:738
internal/poll.(*FD).Write(0x140000ac480, {0x14001e98000, 0x45bf, 0x8000})
	/opt/hostedtoolcache/go/1.25.0/x64/src/internal/poll/fd_unix.go:374 +0x2b4
os.(*File).write(...)
	/opt/hostedtoolcache/go/1.25.0/x64/src/os/file_posix.go:46
os.(*File).Write(0x140000b4020, {0x14001e98000?, 0x45bf, 0x102ce7740?})
	/opt/hostedtoolcache/go/1.25.0/x64/src/os/file.go:215 +0x54
github.com/gdamore/tcell/v2.(*devTty).Write(0x103441e90?, {0x14001e98000?, 0x1034421d0?, 0x1032e1c2e?})
	/home/runner/go/pkg/mod/github.com/gdamore/tcell/v2@v2.13.8/tty_unix.go:53 +0x24
bytes.(*Buffer).WriteTo(0x1400028c468, {0x1040b4400?, 0x140000ac600?})
	/opt/hostedtoolcache/go/1.25.0/x64/src/bytes/buffer.go:267 +0x70
github.com/gdamore/tcell/v2.(*tScreen).draw(0x1400028c408)
	/home/runner/go/pkg/mod/github.com/gdamore/tcell/v2@v2.13.8/tscreen.go:787 +0x160
github.com/gdamore/tcell/v2.(*tScreen).Show(0x1400028c408)
	/home/runner/go/pkg/mod/github.com/gdamore/tcell/v2@v2.13.8/tscreen.go:714 +0x9c
github.com/nmelo/initech/internal/tui.(*TUI).render(0x140000d3088)
	/home/runner/work/initech/initech/internal/tui/render.go:119 +0x884
github.com/nmelo/initech/internal/tui.Run({{0x14000290288, 0x5, 0x5}, {0x140000cc970, 0xa}, {0x140000e6258, 0x18}, 0x0, 0x0, {0x10343c230, ...}, ...})
	/home/runner/work/initech/initech/internal/tui/tui.go:998 +0x27c8
github.com/nmelo/initech/cmd.runTUI(0x103dbe520, {0x1032dcf61?, 0x4?, 0x1032dd029?})
	/home/runner/work/initech/initech/cmd/root.go:286 +0x820
github.com/spf13/cobra.(*Command).execute(0x103dbe520, {0x14000126040, 0x0, 0x0})
	/home/runner/go/pkg/mod/github.com/spf13/cobra@v1.10.2/command.go:1015 +0x7d4
github.com/spf13/cobra.(*Command).ExecuteC(0x103dbe520)
	/home/runner/go/pkg/mod/github.com/spf13/cobra@v1.10.2/command.go:1148 +0x350
github.com/spf13/cobra.(*Command).Execute(...)
	/home/runner/go/pkg/mod/github.com/spf13/cobra@v1.10.2/command.go:1071
github.com/nmelo/initech/cmd.init.func4()
	/home/runner/work/initech/initech/cmd/root.go:41 +0x24
github.com/nmelo/initech/cmd.Execute()
	/home/runner/work/initech/initech/cmd/root.go:134 +0x28
main.main()
	/home/runner/work/initech/initech/main.go:7 +0x1c

goroutine 13 [select, 699 minutes]:
github.com/gdamore/tcell/v2.(*devTty).Start.func1(0x140002a40e0)
	/home/runner/go/pkg/mod/github.com/gdamore/tcell/v2@v2.13.8/tty_unix.go:94 +0x8c
created by github.com/gdamore/tcell/v2.(*devTty).Start in goroutine 1
	/home/runner/go/pkg/mod/github.com/gdamore/tcell/v2@v2.13.8/tty_unix.go:91 +0x20c

goroutine 15 [syscall, 699 minutes]:
os/signal.signal_recv()
	/opt/hostedtoolcache/go/1.25.0/x64/src/runtime/sigqueue.go:149 +0x2c
os/signal.loop()
	/opt/hostedtoolcache/go/1.25.0/x64/src/os/signal/signal_unix.go:23 +0x1c
created by os/signal.Notify.func1.1 in goroutine 1
	/opt/hostedtoolcache/go/1.25.0/x64/src/os/signal/signal.go:152 +0x28

goroutine 16 [syscall, 80 minutes]:
syscall.syscall(0x14000106598?, 0x102c51e24?, 0x800000?, 0x7ffff800000?)
	/opt/hostedtoolcache/go/1.25.0/x64/src/runtime/sys_darwin.go:27 +0x40
syscall.read(0x140000ac480?, {0x140030bfa80?, 0x14000106608?, 0x102b6f838?})
	/opt/hostedtoolcache/go/1.25.0/x64/src/syscall/zsyscall_darwin_arm64.go:1245 +0x48
syscall.Read(...)
	/opt/hostedtoolcache/go/1.25.0/x64/src/syscall/syscall_unix.go:183
internal/poll.ignoringEINTRIO(...)
	/opt/hostedtoolcache/go/1.25.0/x64/src/internal/poll/fd_unix.go:738
internal/poll.(*FD).Read(0x140000ac480, {0x140030bfa80, 0x80, 0x80})
	/opt/hostedtoolcache/go/1.25.0/x64/src/internal/poll/fd_unix.go:161 +0x204
os.(*File).read(...)
	/opt/hostedtoolcache/go/1.25.0/x64/src/os/file_posix.go:29
os.(*File).Read(0x140000b4020, {0x140030bfa80?, 0x1?, 0x0?})
	/opt/hostedtoolcache/go/1.25.0/x64/src/os/file.go:144 +0x68
github.com/gdamore/tcell/v2.(*devTty).Read(0x0?, {0x140030bfa80?, 0x80?, 0x80?})
	/home/runner/go/pkg/mod/github.com/gdamore/tcell/v2@v2.13.8/tty_unix.go:49 +0x24
github.com/gdamore/tcell/v2.(*tScreen).inputLoop(0x1400028c408, 0x140002a42a0)
	/home/runner/go/pkg/mod/github.com/gdamore/tcell/v2@v2.13.8/tscreen.go:1051 +0xa4
created by github.com/gdamore/tcell/v2.(*tScreen).engage in goroutine 1
	/home/runner/go/pkg/mod/github.com/gdamore/tcell/v2@v2.13.8/tscreen.go:1211 +0x374

goroutine 49 [select, 80 minutes]:
github.com/gdamore/tcell/v2.(*tScreen).mainLoop(0x1400028c408, 0x140002a42a0)
	/home/runner/go/pkg/mod/github.com/gdamore/tcell/v2@v2.13.8/tscreen.go:1020 +0xbc
created by github.com/gdamore/tcell/v2.(*tScreen).engage in goroutine 1
	/home/runner/go/pkg/mod/github.com/gdamore/tcell/v2@v2.13.8/tscreen.go:1212 +0x3bc

goroutine 50 [chan receive, 699 minutes]:
github.com/nmelo/initech/internal/tui.installSignalHandlers.func1()
	/home/runner/work/initech/initech/internal/tui/signals.go:55 +0x4c
created by github.com/nmelo/initech/internal/tui.installSignalHandlers in goroutine 1
	/home/runner/work/initech/initech/internal/tui/signals.go:54 +0x11c

goroutine 51 [chan receive, 699 minutes]:
github.com/nmelo/initech/internal/telemetry.(*Client).sender(0x140000dc380)
	/home/runner/work/initech/initech/internal/telemetry/telemetry.go:126 +0xcc
created by github.com/nmelo/initech/internal/telemetry.Init in goroutine 1
	/home/runner/work/initech/initech/internal/telemetry/telemetry.go:62 +0x134

goroutine 52 [IO wait, 699 minutes]:
internal/poll.runtime_pollWait(0x14aa91000, 0x72)
	/opt/hostedtoolcache/go/1.25.0/x64/src/runtime/netpoll.go:351 +0xa0
internal/poll.(*pollDesc).wait(0x140001a4080?, 0x0?, 0x0)
	/opt/hostedtoolcache/go/1.25.0/x64/src/internal/poll/fd_poll_runtime.go:84 +0x28
internal/poll.(*pollDesc).waitRead(...)
	/opt/hostedtoolcache/go/1.25.0/x64/src/internal/poll/fd_poll_runtime.go:89
internal/poll.(*FD).Accept(0x140001a4080)
	/opt/hostedtoolcache/go/1.25.0/x64/src/internal/poll/fd_unix.go:613 +0x21c
net.(*netFD).accept(0x140001a4080)
	/opt/hostedtoolcache/go/1.25.0/x64/src/net/fd_unix.go:161 +0x28
net.(*UnixListener).accept(0x2baa1f35a874?)
	/opt/hostedtoolcache/go/1.25.0/x64/src/net/unixsock_posix.go:172 +0x20
net.(*UnixListener).Accept(0x140000b06f0)
	/opt/hostedtoolcache/go/1.25.0/x64/src/net/unixsock.go:260 +0x2c
github.com/nmelo/initech/internal/tui.(*TUI).startIPC.func1()
	/home/runner/work/initech/initech/internal/tui/ipc.go:85 +0x58
github.com/nmelo/initech/internal/tui.(*TUI).safeGo.func1()
	/home/runner/work/initech/initech/internal/tui/crash.go:34 +0x4c
created by github.com/nmelo/initech/internal/tui.(*TUI).safeGo in goroutine 1
	/home/runner/work/initech/initech/internal/tui/crash.go:18 +0x68

goroutine 81 [syscall, 80 minutes]:
syscall.syscall(0x14000274dc8?, 0x102c51e24?, 0x800000?, 0x7ffff800000?)
	/opt/hostedtoolcache/go/1.25.0/x64/src/runtime/sys_darwin.go:27 +0x40
syscall.read(0x140002180c0?, {0x14000110000?, 0x14000274e08?, 0x103039d4c?})
	/opt/hostedtoolcache/go/1.25.0/x64/src/syscall/zsyscall_darwin_arm64.go:1245 +0x48
syscall.Read(...)
	/opt/hostedtoolcache/go/1.25.0/x64/src/syscall/syscall_unix.go:183
internal/poll.ignoringEINTRIO(...)
	/opt/hostedtoolcache/go/1.25.0/x64/src/internal/poll/fd_unix.go:738
internal/poll.(*FD).Read(0x140002180c0, {0x14000110000, 0x8000, 0x8000})
	/opt/hostedtoolcache/go/1.25.0/x64/src/internal/poll/fd_unix.go:161 +0x204
os.(*File).read(...)
	/opt/hostedtoolcache/go/1.25.0/x64/src/os/file_posix.go:29
os.(*File).Read(0x1400011c0e8, {0x14000110000?, 0xa3?, 0x8000?})
	/opt/hostedtoolcache/go/1.25.0/x64/src/os/file.go:144 +0x68
github.com/nmelo/initech/internal/tui.(*Pane).readLoop(0x140000dea88)
	/home/runner/work/initech/initech/internal/tui/pane.go:405 +0x5c
github.com/nmelo/initech/internal/tui.(*Pane).Start.func2()
	/home/runner/work/initech/initech/internal/tui/pane.go:395 +0x4c
github.com/nmelo/initech/internal/tui.(*TUI).safeGo.func1()
	/home/runner/work/initech/initech/internal/tui/crash.go:34 +0x4c
created by github.com/nmelo/initech/internal/tui.(*TUI).safeGo in goroutine 1
	/home/runner/work/initech/initech/internal/tui/crash.go:18 +0x68

goroutine 82 [select, 80 minutes]:
io.(*pipe).read(0x140000ac720, {0x140002bee50, 0x100, 0x0?})
	/opt/hostedtoolcache/go/1.25.0/x64/src/io/pipe.go:57 +0x7c
io.(*PipeReader).Read(...)
	/opt/hostedtoolcache/go/1.25.0/x64/src/io/pipe.go:134
github.com/charmbracelet/x/vt.(*Emulator).Read(0x1400011c0e8?, {0x140002bee50?, 0xb?, 0x0?})
	/home/runner/go/pkg/mod/github.com/nmelo/x/vt@v0.0.0-20260402173550-246f6ae86935/emulator.go:256 +0x54
github.com/charmbracelet/x/vt.(*SafeEmulator).Read(...)
	/home/runner/go/pkg/mod/github.com/nmelo/x/vt@v0.0.0-20260402173550-246f6ae86935/safe_emulator.go:34
github.com/nmelo/initech/internal/tui.(*Pane).responseLoop(0x140000dea88)
	/home/runner/work/initech/initech/internal/tui/pane.go:468 +0x5c
github.com/nmelo/initech/internal/tui.(*Pane).Start.func3()
	/home/runner/work/initech/initech/internal/tui/pane.go:396 +0x4c
github.com/nmelo/initech/internal/tui.(*TUI).safeGo.func1()
	/home/runner/work/initech/initech/internal/tui/crash.go:34 +0x4c
created by github.com/nmelo/initech/internal/tui.(*TUI).safeGo in goroutine 1
	/home/runner/work/initech/initech/internal/tui/crash.go:18 +0x68

goroutine 83 [chan receive]:
github.com/nmelo/initech/internal/tui.(*Pane).watchJSONL(0x140000dea88)
	/home/runner/work/initech/initech/internal/tui/pane_journal.go:30 +0x9c
github.com/nmelo/initech/internal/tui.(*Pane).Start.func4()
	/home/runner/work/initech/initech/internal/tui/pane.go:398 +0x4c
github.com/nmelo/initech/internal/tui.(*TUI).safeGo.func1()
	/home/runner/work/initech/initech/internal/tui/crash.go:34 +0x4c
created by github.com/nmelo/initech/internal/tui.(*TUI).safeGo in goroutine 1
	/home/runner/work/initech/initech/internal/tui/crash.go:18 +0x68

goroutine 84 [syscall, 100 minutes]:
syscall.syscall(0x14002d62dc8?, 0x102c51e24?, 0x800000?, 0x7ffff800000?)
	/opt/hostedtoolcache/go/1.25.0/x64/src/runtime/sys_darwin.go:27 +0x40
syscall.read(0x140002181e0?, {0x14000df2000?, 0x14002d62e08?, 0x103039d4c?})
	/opt/hostedtoolcache/go/1.25.0/x64/src/syscall/zsyscall_darwin_arm64.go:1245 +0x48
syscall.Read(...)
	/opt/hostedtoolcache/go/1.25.0/x64/src/syscall/syscall_unix.go:183
internal/poll.ignoringEINTRIO(...)
	/opt/hostedtoolcache/go/1.25.0/x64/src/internal/poll/fd_unix.go:738
internal/poll.(*FD).Read(0x140002181e0, {0x14000df2000, 0x8000, 0x8000})
	/opt/hostedtoolcache/go/1.25.0/x64/src/internal/poll/fd_unix.go:161 +0x204
os.(*File).read(...)
	/opt/hostedtoolcache/go/1.25.0/x64/src/os/file_posix.go:29
os.(*File).Read(0x1400011c570, {0x14000df2000?, 0x5d?, 0x8000?})
	/opt/hostedtoolcache/go/1.25.0/x64/src/os/file.go:144 +0x68
github.com/nmelo/initech/internal/tui.(*Pane).readLoop(0x140000df188)
	/home/runner/work/initech/initech/internal/tui/pane.go:405 +0x5c
github.com/nmelo/initech/internal/tui.(*Pane).Start.func2()
	/home/runner/work/initech/initech/internal/tui/pane.go:395 +0x4c
github.com/nmelo/initech/internal/tui.(*TUI).safeGo.func1()
	/home/runner/work/initech/initech/internal/tui/crash.go:34 +0x4c
created by github.com/nmelo/initech/internal/tui.(*TUI).safeGo in goroutine 1
	/home/runner/work/initech/initech/internal/tui/crash.go:18 +0x68

goroutine 85 [select, 100 minutes]:
io.(*pipe).read(0x14000218180, {0x140002bfe50, 0x100, 0x0?})
	/opt/hostedtoolcache/go/1.25.0/x64/src/io/pipe.go:57 +0x7c
io.(*PipeReader).Read(...)
	/opt/hostedtoolcache/go/1.25.0/x64/src/io/pipe.go:134
github.com/charmbracelet/x/vt.(*Emulator).Read(0x1400011c570?, {0x140002bfe50?, 0xb?, 0x0?})
	/home/runner/go/pkg/mod/github.com/nmelo/x/vt@v0.0.0-20260402173550-246f6ae86935/emulator.go:256 +0x54
github.com/charmbracelet/x/vt.(*SafeEmulator).Read(...)
	/home/runner/go/pkg/mod/github.com/nmelo/x/vt@v0.0.0-20260402173550-246f6ae86935/safe_emulator.go:34
github.com/nmelo/initech/internal/tui.(*Pane).responseLoop(0x140000df188)
	/home/runner/work/initech/initech/internal/tui/pane.go:468 +0x5c
github.com/nmelo/initech/internal/tui.(*Pane).Start.func3()
	/home/runner/work/initech/initech/internal/tui/pane.go:396 +0x4c
github.com/nmelo/initech/internal/tui.(*TUI).safeGo.func1()
	/home/runner/work/initech/initech/internal/tui/crash.go:34 +0x4c
created by github.com/nmelo/initech/internal/tui.(*TUI).safeGo in goroutine 1
	/home/runner/work/initech/initech/internal/tui/crash.go:18 +0x68

goroutine 86 [chan receive]:
github.com/nmelo/initech/internal/tui.(*Pane).watchJSONL(0x140000df188)
	/home/runner/work/initech/initech/internal/tui/pane_journal.go:30 +0x9c
github.com/nmelo/initech/internal/tui.(*Pane).Start.func4()
	/home/runner/work/initech/initech/internal/tui/pane.go:398 +0x4c
github.com/nmelo/initech/internal/tui.(*TUI).safeGo.func1()
	/home/runner/work/initech/initech/internal/tui/crash.go:34 +0x4c
created by github.com/nmelo/initech/internal/tui.(*TUI).safeGo in goroutine 1
	/home/runner/work/initech/initech/internal/tui/crash.go:18 +0x68

goroutine 70 [syscall, 6 minutes]:
syscall.syscall(0x14002d5fdc8?, 0x102c51e24?, 0x800000?, 0x7ffff800000?)
	/opt/hostedtoolcache/go/1.25.0/x64/src/runtime/sys_darwin.go:27 +0x40
syscall.read(0x1400007c3c0?, {0x14000990000?, 0x14002d5fe08?, 0x103039d4c?})
	/opt/hostedtoolcache/go/1.25.0/x64/src/syscall/zsyscall_darwin_arm64.go:1245 +0x48
syscall.Read(...)
	/opt/hostedtoolcache/go/1.25.0/x64/src/syscall/syscall_unix.go:183
internal/poll.ignoringEINTRIO(...)
	/opt/hostedtoolcache/go/1.25.0/x64/src/internal/poll/fd_unix.go:738
internal/poll.(*FD).Read(0x1400007c3c0, {0x14000990000, 0x8000, 0x8000})
	/opt/hostedtoolcache/go/1.25.0/x64/src/internal/poll/fd_unix.go:161 +0x204
os.(*File).read(...)
	/opt/hostedtoolcache/go/1.25.0/x64/src/os/file_posix.go:29
os.(*File).Read(0x1400011c118, {0x14000990000?, 0xcb?, 0x8000?})
	/opt/hostedtoolcache/go/1.25.0/x64/src/os/file.go:144 +0x68
github.com/nmelo/initech/internal/tui.(*Pane).readLoop(0x140000df888)
	/home/runner/work/initech/initech/internal/tui/pane.go:405 +0x5c
github.com/nmelo/initech/internal/tui.(*Pane).Start.func2()
	/home/runner/work/initech/initech/internal/tui/pane.go:395 +0x4c
github.com/nmelo/initech/internal/tui.(*TUI).safeGo.func1()
	/home/runner/work/initech/initech/internal/tui/crash.go:34 +0x4c
created by github.com/nmelo/initech/internal/tui.(*TUI).safeGo in goroutine 1
	/home/runner/work/initech/initech/internal/tui/crash.go:18 +0x68

goroutine 71 [select, 699 minutes]:
io.(*pipe).read(0x140002182a0, {0x14000275e50, 0x100, 0x0?})
	/opt/hostedtoolcache/go/1.25.0/x64/src/io/pipe.go:57 +0x7c
io.(*PipeReader).Read(...)
	/opt/hostedtoolcache/go/1.25.0/x64/src/io/pipe.go:134
github.com/charmbracelet/x/vt.(*Emulator).Read(0x1400011c118?, {0x14000275e50?, 0xd?, 0x0?})
	/home/runner/go/pkg/mod/github.com/nmelo/x/vt@v0.0.0-20260402173550-246f6ae86935/emulator.go:256 +0x54
github.com/charmbracelet/x/vt.(*SafeEmulator).Read(...)
	/home/runner/go/pkg/mod/github.com/nmelo/x/vt@v0.0.0-20260402173550-246f6ae86935/safe_emulator.go:34
github.com/nmelo/initech/internal/tui.(*Pane).responseLoop(0x140000df888)
	/home/runner/work/initech/initech/internal/tui/pane.go:468 +0x5c
github.com/nmelo/initech/internal/tui.(*Pane).Start.func3()
	/home/runner/work/initech/initech/internal/tui/pane.go:396 +0x4c
github.com/nmelo/initech/internal/tui.(*TUI).safeGo.func1()
	/home/runner/work/initech/initech/internal/tui/crash.go:34 +0x4c
created by github.com/nmelo/initech/internal/tui.(*TUI).safeGo in goroutine 1
	/home/runner/work/initech/initech/internal/tui/crash.go:18 +0x68

goroutine 72 [chan receive]:
github.com/nmelo/initech/internal/tui.(*Pane).watchJSONL(0x140000df888)
	/home/runner/work/initech/initech/internal/tui/pane_journal.go:30 +0x9c
github.com/nmelo/initech/internal/tui.(*Pane).Start.func4()
	/home/runner/work/initech/initech/internal/tui/pane.go:398 +0x4c
github.com/nmelo/initech/internal/tui.(*TUI).safeGo.func1()
	/home/runner/work/initech/initech/internal/tui/crash.go:34 +0x4c
created by github.com/nmelo/initech/internal/tui.(*TUI).safeGo in goroutine 1
	/home/runner/work/initech/initech/internal/tui/crash.go:18 +0x68

goroutine 73 [syscall]:
syscall.syscall(0x140002c4dc8?, 0x102c51e24?, 0x800000?, 0x7ffff800000?)
	/opt/hostedtoolcache/go/1.25.0/x64/src/runtime/sys_darwin.go:27 +0x40
syscall.read(0x1400007c4e0?, {0x14001732000?, 0x12?, 0x0?})
	/opt/hostedtoolcache/go/1.25.0/x64/src/syscall/zsyscall_darwin_arm64.go:1245 +0x48
syscall.Read(...)
	/opt/hostedtoolcache/go/1.25.0/x64/src/syscall/syscall_unix.go:183
internal/poll.ignoringEINTRIO(...)
	/opt/hostedtoolcache/go/1.25.0/x64/src/internal/poll/fd_unix.go:738
internal/poll.(*FD).Read(0x1400007c4e0, {0x14001732000, 0x8000, 0x8000})
	/opt/hostedtoolcache/go/1.25.0/x64/src/internal/poll/fd_unix.go:161 +0x204
os.(*File).read(...)
	/opt/hostedtoolcache/go/1.25.0/x64/src/os/file_posix.go:29
os.(*File).Read(0x1400011cb98, {0x14001732000?, 0xad?, 0x8000?})
	/opt/hostedtoolcache/go/1.25.0/x64/src/os/file.go:144 +0x68
github.com/nmelo/initech/internal/tui.(*Pane).readLoop(0x14000248708)
	/home/runner/work/initech/initech/internal/tui/pane.go:405 +0x5c
github.com/nmelo/initech/internal/tui.(*Pane).Start.func2()
	/home/runner/work/initech/initech/internal/tui/pane.go:395 +0x4c
github.com/nmelo/initech/internal/tui.(*TUI).safeGo.func1()
	/home/runner/work/initech/initech/internal/tui/crash.go:34 +0x4c
created by github.com/nmelo/initech/internal/tui.(*TUI).safeGo in goroutine 1
	/home/runner/work/initech/initech/internal/tui/crash.go:18 +0x68

goroutine 74 [select, 699 minutes]:
io.(*pipe).read(0x1400007c480, {0x140002c2e50, 0x100, 0x0?})
	/opt/hostedtoolcache/go/1.25.0/x64/src/io/pipe.go:57 +0x7c
io.(*PipeReader).Read(...)
	/opt/hostedtoolcache/go/1.25.0/x64/src/io/pipe.go:134
github.com/charmbracelet/x/vt.(*Emulator).Read(0x1400011cb98?, {0x140002c2e50?, 0x18?, 0x0?})
	/home/runner/go/pkg/mod/github.com/nmelo/x/vt@v0.0.0-20260402173550-246f6ae86935/emulator.go:256 +0x54
github.com/charmbracelet/x/vt.(*SafeEmulator).Read(...)
	/home/runner/go/pkg/mod/github.com/nmelo/x/vt@v0.0.0-20260402173550-246f6ae86935/safe_emulator.go:34
github.com/nmelo/initech/internal/tui.(*Pane).responseLoop(0x14000248708)
	/home/runner/work/initech/initech/internal/tui/pane.go:468 +0x5c
github.com/nmelo/initech/internal/tui.(*Pane).Start.func3()
	/home/runner/work/initech/initech/internal/tui/pane.go:396 +0x4c
github.com/nmelo/initech/internal/tui.(*TUI).safeGo.func1()
	/home/runner/work/initech/initech/internal/tui/crash.go:34 +0x4c
created by github.com/nmelo/initech/internal/tui.(*TUI).safeGo in goroutine 1
	/home/runner/work/initech/initech/internal/tui/crash.go:18 +0x68

goroutine 75 [chan receive]:
github.com/nmelo/initech/internal/tui.(*Pane).watchJSONL(0x14000248708)
	/home/runner/work/initech/initech/internal/tui/pane_journal.go:30 +0x9c
github.com/nmelo/initech/internal/tui.(*Pane).Start.func4()
	/home/runner/work/initech/initech/internal/tui/pane.go:398 +0x4c
github.com/nmelo/initech/internal/tui.(*TUI).safeGo.func1()
	/home/runner/work/initech/initech/internal/tui/crash.go:34 +0x4c
created by github.com/nmelo/initech/internal/tui.(*TUI).safeGo in goroutine 1
	/home/runner/work/initech/initech/internal/tui/crash.go:18 +0x68

goroutine 76 [syscall, 699 minutes]:
syscall.syscall(0x14000277dc8?, 0x102c51e24?, 0x800000?, 0x7ffff800000?)
	/opt/hostedtoolcache/go/1.25.0/x64/src/runtime/sys_darwin.go:27 +0x40
syscall.read(0x1400007c600?, {0x14001bf8000?, 0x14000277e08?, 0x103039d4c?})
	/opt/hostedtoolcache/go/1.25.0/x64/src/syscall/zsyscall_darwin_arm64.go:1245 +0x48
syscall.Read(...)
	/opt/hostedtoolcache/go/1.25.0/x64/src/syscall/syscall_unix.go:183
internal/poll.ignoringEINTRIO(...)
	/opt/hostedtoolcache/go/1.25.0/x64/src/internal/poll/fd_unix.go:738
internal/poll.(*FD).Read(0x1400007c600, {0x14001bf8000, 0x8000, 0x8000})
	/opt/hostedtoolcache/go/1.25.0/x64/src/internal/poll/fd_unix.go:161 +0x204
os.(*File).read(...)
	/opt/hostedtoolcache/go/1.25.0/x64/src/os/file_posix.go:29
os.(*File).Read(0x1400011ceb0, {0x14001bf8000?, 0x27?, 0x8000?})
	/opt/hostedtoolcache/go/1.25.0/x64/src/os/file.go:144 +0x68
github.com/nmelo/initech/internal/tui.(*Pane).readLoop(0x14000248e08)
	/home/runner/work/initech/initech/internal/tui/pane.go:405 +0x5c
github.com/nmelo/initech/internal/tui.(*Pane).Start.func2()
	/home/runner/work/initech/initech/internal/tui/pane.go:395 +0x4c
github.com/nmelo/initech/internal/tui.(*TUI).safeGo.func1()
	/home/runner/work/initech/initech/internal/tui/crash.go:34 +0x4c
created by github.com/nmelo/initech/internal/tui.(*TUI).safeGo in goroutine 1
	/home/runner/work/initech/initech/internal/tui/crash.go:18 +0x68

goroutine 77 [select, 699 minutes]:
io.(*pipe).read(0x1400007c5a0, {0x14000272e50, 0x100, 0x0?})
	/opt/hostedtoolcache/go/1.25.0/x64/src/io/pipe.go:57 +0x7c
io.(*PipeReader).Read(...)
	/opt/hostedtoolcache/go/1.25.0/x64/src/io/pipe.go:134
github.com/charmbracelet/x/vt.(*Emulator).Read(0x1400011ceb0?, {0x14000272e50?, 0xd?, 0x0?})
	/home/runner/go/pkg/mod/github.com/nmelo/x/vt@v0.0.0-20260402173550-246f6ae86935/emulator.go:256 +0x54
github.com/charmbracelet/x/vt.(*SafeEmulator).Read(...)
	/home/runner/go/pkg/mod/github.com/nmelo/x/vt@v0.0.0-20260402173550-246f6ae86935/safe_emulator.go:34
github.com/nmelo/initech/internal/tui.(*Pane).responseLoop(0x14000248e08)
	/home/runner/work/initech/initech/internal/tui/pane.go:468 +0x5c
github.com/nmelo/initech/internal/tui.(*Pane).Start.func3()
	/home/runner/work/initech/initech/internal/tui/pane.go:396 +0x4c
github.com/nmelo/initech/internal/tui.(*TUI).safeGo.func1()
	/home/runner/work/initech/initech/internal/tui/crash.go:34 +0x4c
created by github.com/nmelo/initech/internal/tui.(*TUI).safeGo in goroutine 1
	/home/runner/work/initech/initech/internal/tui/crash.go:18 +0x68

goroutine 78 [chan receive]:
github.com/nmelo/initech/internal/tui.(*Pane).watchJSONL(0x14000248e08)
	/home/runner/work/initech/initech/internal/tui/pane_journal.go:30 +0x9c
github.com/nmelo/initech/internal/tui.(*Pane).Start.func4()
	/home/runner/work/initech/initech/internal/tui/pane.go:398 +0x4c
github.com/nmelo/initech/internal/tui.(*TUI).safeGo.func1()
	/home/runner/work/initech/initech/internal/tui/crash.go:34 +0x4c
created by github.com/nmelo/initech/internal/tui.(*TUI).safeGo in goroutine 1
	/home/runner/work/initech/initech/internal/tui/crash.go:18 +0x68

goroutine 97 [select]:
github.com/nmelo/initech/internal/tui.(*TUI).startBatteryPoller.func1()
	/home/runner/work/initech/initech/internal/tui/poll.go:93 +0xac
github.com/nmelo/initech/internal/tui.(*TUI).safeGo.func1()
	/home/runner/work/initech/initech/internal/tui/crash.go:34 +0x4c
created by github.com/nmelo/initech/internal/tui.(*TUI).safeGo in goroutine 1
	/home/runner/work/initech/initech/internal/tui/crash.go:18 +0x68

goroutine 98 [select, 80 minutes]:
github.com/gdamore/tcell/v2.(*baseScreen).PollEvent(0x140000a6f70)
	/home/runner/go/pkg/mod/github.com/gdamore/tcell/v2@v2.13.8/screen.go:511 +0x74
github.com/nmelo/initech/internal/tui.Run.func15()
	/home/runner/work/initech/initech/internal/tui/tui.go:927 +0x50
github.com/nmelo/initech/internal/tui.(*TUI).safeGo.func1()
	/home/runner/work/initech/initech/internal/tui/crash.go:34 +0x4c
created by github.com/nmelo/initech/internal/tui.(*TUI).safeGo in goroutine 1
	/home/runner/work/initech/initech/internal/tui/crash.go:18 +0x68

=== RENDER WATCHDOG ===
Time:      2026-05-01T20:09:22+08:00
Version:   1.17.17
Go:        go1.25.0
Stale for: 13s
Diagnosis: No render completed in 13s. Main loop is likely blocked.

--- All Goroutine Stacks ---
goroutine 100 [running]:
github.com/nmelo/initech/internal/tui.dumpWatchdogStacks({0x140000e6258, 0x18}, {0x10343c230, 0x7}, 0x30afb9228)
	/home/runner/work/initech/initech/internal/tui/watchdog.go:51 +0x5c
github.com/nmelo/initech/internal/tui.renderWatchdog(0x140000d3468, 0x2540be400, {0x140000e6258, 0x18}, {0x10343c230, 0x7}, 0x140002a4310)
	/home/runner/work/initech/initech/internal/tui/watchdog.go:35 +0x158
created by github.com/nmelo/initech/internal/tui.Run in goroutine 1
	/home/runner/work/initech/initech/internal/tui/tui.go:946 +0x2408

goroutine 1 [syscall]:
syscall.syscall(0x1400004c638?, 0x102c5371c?, 0x80000000000?, 0x7ffff80000000000?)
	/opt/hostedtoolcache/go/1.25.0/x64/src/runtime/sys_darwin.go:27 +0x40
syscall.write(0x140000ac480?, {0x14001e98000?, 0x1?, 0x6?})
	/opt/hostedtoolcache/go/1.25.0/x64/src/syscall/zsyscall_darwin_arm64.go:1709 +0x48
syscall.Write(...)
	/opt/hostedtoolcache/go/1.25.0/x64/src/syscall/syscall_unix.go:211
internal/poll.ignoringEINTRIO(...)
	/opt/hostedtoolcache/go/1.25.0/x64/src/internal/poll/fd_unix.go:738
internal/poll.(*FD).Write(0x140000ac480, {0x14001e98000, 0x455a, 0x8000})
	/opt/hostedtoolcache/go/1.25.0/x64/src/internal/poll/fd_unix.go:374 +0x2b4
os.(*File).write(...)
	/opt/hostedtoolcache/go/1.25.0/x64/src/os/file_posix.go:46
os.(*File).Write(0x140000b4020, {0x14001e98000?, 0x455a, 0x102ce7740?})
	/opt/hostedtoolcache/go/1.25.0/x64/src/os/file.go:215 +0x54
github.com/gdamore/tcell/v2.(*devTty).Write(0x103441e90?, {0x14001e98000?, 0x1034421d0?, 0x1032e1c2e?})
	/home/runner/go/pkg/mod/github.com/gdamore/tcell/v2@v2.13.8/tty_unix.go:53 +0x24
bytes.(*Buffer).WriteTo(0x1400028c468, {0x1040b4400?, 0x140000ac600?})
	/opt/hostedtoolcache/go/1.25.0/x64/src/bytes/buffer.go:267 +0x70
github.com/gdamore/tcell/v2.(*tScreen).draw(0x1400028c408)
	/home/runner/go/pkg/mod/github.com/gdamore/tcell/v2@v2.13.8/tscreen.go:787 +0x160
github.com/gdamore/tcell/v2.(*tScreen).Show(0x1400028c408)
	/home/runner/go/pkg/mod/github.com/gdamore/tcell/v2@v2.13.8/tscreen.go:714 +0x9c
github.com/nmelo/initech/internal/tui.(*TUI).render(0x140000d3088)
	/home/runner/work/initech/initech/internal/tui/render.go:119 +0x884
github.com/nmelo/initech/internal/tui.Run({{0x14000290288, 0x5, 0x5}, {0x140000cc970, 0xa}, {0x140000e6258, 0x18}, 0x0, 0x0, {0x10343c230, ...}, ...})
	/home/runner/work/initech/initech/internal/tui/tui.go:998 +0x27c8
github.com/nmelo/initech/cmd.runTUI(0x103dbe520, {0x1032dcf61?, 0x4?, 0x1032dd029?})
	/home/runner/work/initech/initech/cmd/root.go:286 +0x820
github.com/spf13/cobra.(*Command).execute(0x103dbe520, {0x14000126040, 0x0, 0x0})
	/home/runner/go/pkg/mod/github.com/spf13/cobra@v1.10.2/command.go:1015 +0x7d4
github.com/spf13/cobra.(*Command).ExecuteC(0x103dbe520)
	/home/runner/go/pkg/mod/github.com/spf13/cobra@v1.10.2/command.go:1148 +0x350
github.com/spf13/cobra.(*Command).Execute(...)
	/home/runner/go/pkg/mod/github.com/spf13/cobra@v1.10.2/command.go:1071
github.com/nmelo/initech/cmd.init.func4()
	/home/runner/work/initech/initech/cmd/root.go:41 +0x24
github.com/nmelo/initech/cmd.Execute()
	/home/runner/work/initech/initech/cmd/root.go:134 +0x28
main.main()
	/home/runner/work/initech/initech/main.go:7 +0x1c

goroutine 13 [select, 701 minutes]:
github.com/gdamore/tcell/v2.(*devTty).Start.func1(0x140002a40e0)
	/home/runner/go/pkg/mod/github.com/gdamore/tcell/v2@v2.13.8/tty_unix.go:94 +0x8c
created by github.com/gdamore/tcell/v2.(*devTty).Start in goroutine 1
	/home/runner/go/pkg/mod/github.com/gdamore/tcell/v2@v2.13.8/tty_unix.go:91 +0x20c

goroutine 15 [syscall, 701 minutes]:
os/signal.signal_recv()
	/opt/hostedtoolcache/go/1.25.0/x64/src/runtime/sigqueue.go:149 +0x2c
os/signal.loop()
	/opt/hostedtoolcache/go/1.25.0/x64/src/os/signal/signal_unix.go:23 +0x1c
created by os/signal.Notify.func1.1 in goroutine 1
	/opt/hostedtoolcache/go/1.25.0/x64/src/os/signal/signal.go:152 +0x28

goroutine 16 [syscall, 82 minutes]:
syscall.syscall(0x14000106598?, 0x102c51e24?, 0x800000?, 0x7ffff800000?)
	/opt/hostedtoolcache/go/1.25.0/x64/src/runtime/sys_darwin.go:27 +0x40
syscall.read(0x140000ac480?, {0x140030bfa80?, 0x14000106608?, 0x102b6f838?})
	/opt/hostedtoolcache/go/1.25.0/x64/src/syscall/zsyscall_darwin_arm64.go:1245 +0x48
syscall.Read(...)
	/opt/hostedtoolcache/go/1.25.0/x64/src/syscall/syscall_unix.go:183
internal/poll.ignoringEINTRIO(...)
	/opt/hostedtoolcache/go/1.25.0/x64/src/internal/poll/fd_unix.go:738
internal/poll.(*FD).Read(0x140000ac480, {0x140030bfa80, 0x80, 0x80})
	/opt/hostedtoolcache/go/1.25.0/x64/src/internal/poll/fd_unix.go:161 +0x204
os.(*File).read(...)
	/opt/hostedtoolcache/go/1.25.0/x64/src/os/file_posix.go:29
os.(*File).Read(0x140000b4020, {0x140030bfa80?, 0x1?, 0x0?})
	/opt/hostedtoolcache/go/1.25.0/x64/src/os/file.go:144 +0x68
github.com/gdamore/tcell/v2.(*devTty).Read(0x0?, {0x140030bfa80?, 0x80?, 0x80?})
	/home/runner/go/pkg/mod/github.com/gdamore/tcell/v2@v2.13.8/tty_unix.go:49 +0x24
github.com/gdamore/tcell/v2.(*tScreen).inputLoop(0x1400028c408, 0x140002a42a0)
	/home/runner/go/pkg/mod/github.com/gdamore/tcell/v2@v2.13.8/tscreen.go:1051 +0xa4
created by github.com/gdamore/tcell/v2.(*tScreen).engage in goroutine 1
	/home/runner/go/pkg/mod/github.com/gdamore/tcell/v2@v2.13.8/tscreen.go:1211 +0x374

goroutine 49 [select, 82 minutes]:
github.com/gdamore/tcell/v2.(*tScreen).mainLoop(0x1400028c408, 0x140002a42a0)
	/home/runner/go/pkg/mod/github.com/gdamore/tcell/v2@v2.13.8/tscreen.go:1020 +0xbc
created by github.com/gdamore/tcell/v2.(*tScreen).engage in goroutine 1
	/home/runner/go/pkg/mod/github.com/gdamore/tcell/v2@v2.13.8/tscreen.go:1212 +0x3bc

goroutine 50 [chan receive, 701 minutes]:
github.com/nmelo/initech/internal/tui.installSignalHandlers.func1()
	/home/runner/work/initech/initech/internal/tui/signals.go:55 +0x4c
created by github.com/nmelo/initech/internal/tui.installSignalHandlers in goroutine 1
	/home/runner/work/initech/initech/internal/tui/signals.go:54 +0x11c

goroutine 51 [chan receive, 701 minutes]:
github.com/nmelo/initech/internal/telemetry.(*Client).sender(0x140000dc380)
	/home/runner/work/initech/initech/internal/telemetry/telemetry.go:126 +0xcc
created by github.com/nmelo/initech/internal/telemetry.Init in goroutine 1
	/home/runner/work/initech/initech/internal/telemetry/telemetry.go:62 +0x134

goroutine 52 [IO wait, 701 minutes]:
internal/poll.runtime_pollWait(0x14aa91000, 0x72)
	/opt/hostedtoolcache/go/1.25.0/x64/src/runtime/netpoll.go:351 +0xa0
internal/poll.(*pollDesc).wait(0x140001a4080?, 0x0?, 0x0)
	/opt/hostedtoolcache/go/1.25.0/x64/src/internal/poll/fd_poll_runtime.go:84 +0x28
internal/poll.(*pollDesc).waitRead(...)
	/opt/hostedtoolcache/go/1.25.0/x64/src/internal/poll/fd_poll_runtime.go:89
internal/poll.(*FD).Accept(0x140001a4080)
	/opt/hostedtoolcache/go/1.25.0/x64/src/internal/poll/fd_unix.go:613 +0x21c
net.(*netFD).accept(0x140001a4080)
	/opt/hostedtoolcache/go/1.25.0/x64/src/net/fd_unix.go:161 +0x28
net.(*UnixListener).accept(0x2baa1f35a874?)
	/opt/hostedtoolcache/go/1.25.0/x64/src/net/unixsock_posix.go:172 +0x20
net.(*UnixListener).Accept(0x140000b06f0)
	/opt/hostedtoolcache/go/1.25.0/x64/src/net/unixsock.go:260 +0x2c
github.com/nmelo/initech/internal/tui.(*TUI).startIPC.func1()
	/home/runner/work/initech/initech/internal/tui/ipc.go:85 +0x58
github.com/nmelo/initech/internal/tui.(*TUI).safeGo.func1()
	/home/runner/work/initech/initech/internal/tui/crash.go:34 +0x4c
created by github.com/nmelo/initech/internal/tui.(*TUI).safeGo in goroutine 1
	/home/runner/work/initech/initech/internal/tui/crash.go:18 +0x68

goroutine 81 [syscall, 82 minutes]:
syscall.syscall(0x14000274dc8?, 0x102c51e24?, 0x800000?, 0x7ffff800000?)
	/opt/hostedtoolcache/go/1.25.0/x64/src/runtime/sys_darwin.go:27 +0x40
syscall.read(0x140002180c0?, {0x14000110000?, 0x14000274e08?, 0x103039d4c?})
	/opt/hostedtoolcache/go/1.25.0/x64/src/syscall/zsyscall_darwin_arm64.go:1245 +0x48
syscall.Read(...)
	/opt/hostedtoolcache/go/1.25.0/x64/src/syscall/syscall_unix.go:183
internal/poll.ignoringEINTRIO(...)
	/opt/hostedtoolcache/go/1.25.0/x64/src/internal/poll/fd_unix.go:738
internal/poll.(*FD).Read(0x140002180c0, {0x14000110000, 0x8000, 0x8000})
	/opt/hostedtoolcache/go/1.25.0/x64/src/internal/poll/fd_unix.go:161 +0x204
os.(*File).read(...)
	/opt/hostedtoolcache/go/1.25.0/x64/src/os/file_posix.go:29
os.(*File).Read(0x1400011c0e8, {0x14000110000?, 0xa3?, 0x8000?})
	/opt/hostedtoolcache/go/1.25.0/x64/src/os/file.go:144 +0x68
github.com/nmelo/initech/internal/tui.(*Pane).readLoop(0x140000dea88)
	/home/runner/work/initech/initech/internal/tui/pane.go:405 +0x5c
github.com/nmelo/initech/internal/tui.(*Pane).Start.func2()
	/home/runner/work/initech/initech/internal/tui/pane.go:395 +0x4c
github.com/nmelo/initech/internal/tui.(*TUI).safeGo.func1()
	/home/runner/work/initech/initech/internal/tui/crash.go:34 +0x4c
created by github.com/nmelo/initech/internal/tui.(*TUI).safeGo in goroutine 1
	/home/runner/work/initech/initech/internal/tui/crash.go:18 +0x68

goroutine 82 [select, 82 minutes]:
io.(*pipe).read(0x140000ac720, {0x140002bee50, 0x100, 0x0?})
	/opt/hostedtoolcache/go/1.25.0/x64/src/io/pipe.go:57 +0x7c
io.(*PipeReader).Read(...)
	/opt/hostedtoolcache/go/1.25.0/x64/src/io/pipe.go:134
github.com/charmbracelet/x/vt.(*Emulator).Read(0x1400011c0e8?, {0x140002bee50?, 0xb?, 0x0?})
	/home/runner/go/pkg/mod/github.com/nmelo/x/vt@v0.0.0-20260402173550-246f6ae86935/emulator.go:256 +0x54
github.com/charmbracelet/x/vt.(*SafeEmulator).Read(...)
	/home/runner/go/pkg/mod/github.com/nmelo/x/vt@v0.0.0-20260402173550-246f6ae86935/safe_emulator.go:34
github.com/nmelo/initech/internal/tui.(*Pane).responseLoop(0x140000dea88)
	/home/runner/work/initech/initech/internal/tui/pane.go:468 +0x5c
github.com/nmelo/initech/internal/tui.(*Pane).Start.func3()
	/home/runner/work/initech/initech/internal/tui/pane.go:396 +0x4c
github.com/nmelo/initech/internal/tui.(*TUI).safeGo.func1()
	/home/runner/work/initech/initech/internal/tui/crash.go:34 +0x4c
created by github.com/nmelo/initech/internal/tui.(*TUI).safeGo in goroutine 1
	/home/runner/work/initech/initech/internal/tui/crash.go:18 +0x68

goroutine 83 [runnable]:
syscall.syscall(0x14003877b08?, 0x102c58f54?, 0x8?, 0x1034d4be0?)
	/opt/hostedtoolcache/go/1.25.0/x64/src/runtime/sys_darwin.go:27 +0x40
syscall.readdir_r(0x10?, 0x103555d60?, 0x103555d60?)
	/opt/hostedtoolcache/go/1.25.0/x64/src/syscall/zsyscall_darwin_arm64.go:1260 +0x40
os.(*File).readdir(0x140000b4580, 0xffffffffffffffff, 0x1)
	/opt/hostedtoolcache/go/1.25.0/x64/src/os/dir_darwin.go:56 +0x284
os.(*File).ReadDir(0x1400012e000?, 0x3d?)
	/opt/hostedtoolcache/go/1.25.0/x64/src/os/dir.go:101 +0x24
os.ReadDir({0x1400012e000?, 0x14000058608?})
	/opt/hostedtoolcache/go/1.25.0/x64/src/os/dir.go:121 +0x94
github.com/nmelo/initech/internal/tui.newestJSONL({0x1400012e000, 0x3d})
	/home/runner/work/initech/initech/internal/tui/pane_journal.go:324 +0x28
github.com/nmelo/initech/internal/tui.(*Pane).watchJSONL(0x140000dea88)
	/home/runner/work/initech/initech/internal/tui/pane_journal.go:40 +0x17c
github.com/nmelo/initech/internal/tui.(*Pane).Start.func4()
	/home/runner/work/initech/initech/internal/tui/pane.go:398 +0x4c
github.com/nmelo/initech/internal/tui.(*TUI).safeGo.func1()
	/home/runner/work/initech/initech/internal/tui/crash.go:34 +0x4c
created by github.com/nmelo/initech/internal/tui.(*TUI).safeGo in goroutine 1
	/home/runner/work/initech/initech/internal/tui/crash.go:18 +0x68

goroutine 84 [syscall, 102 minutes]:
syscall.syscall(0x14002d62dc8?, 0x102c51e24?, 0x800000?, 0x7ffff800000?)
	/opt/hostedtoolcache/go/1.25.0/x64/src/runtime/sys_darwin.go:27 +0x40
syscall.read(0x140002181e0?, {0x14000df2000?, 0x14002d62e08?, 0x103039d4c?})
	/opt/hostedtoolcache/go/1.25.0/x64/src/syscall/zsyscall_darwin_arm64.go:1245 +0x48
syscall.Read(...)
	/opt/hostedtoolcache/go/1.25.0/x64/src/syscall/syscall_unix.go:183
internal/poll.ignoringEINTRIO(...)
	/opt/hostedtoolcache/go/1.25.0/x64/src/internal/poll/fd_unix.go:738
internal/poll.(*FD).Read(0x140002181e0, {0x14000df2000, 0x8000, 0x8000})
	/opt/hostedtoolcache/go/1.25.0/x64/src/internal/poll/fd_unix.go:161 +0x204
os.(*File).read(...)
	/opt/hostedtoolcache/go/1.25.0/x64/src/os/file_posix.go:29
os.(*File).Read(0x1400011c570, {0x14000df2000?, 0x5d?, 0x8000?})
	/opt/hostedtoolcache/go/1.25.0/x64/src/os/file.go:144 +0x68
github.com/nmelo/initech/internal/tui.(*Pane).readLoop(0x140000df188)
	/home/runner/work/initech/initech/internal/tui/pane.go:405 +0x5c
github.com/nmelo/initech/internal/tui.(*Pane).Start.func2()
	/home/runner/work/initech/initech/internal/tui/pane.go:395 +0x4c
github.com/nmelo/initech/internal/tui.(*TUI).safeGo.func1()
	/home/runner/work/initech/initech/internal/tui/crash.go:34 +0x4c
created by github.com/nmelo/initech/internal/tui.(*TUI).safeGo in goroutine 1
	/home/runner/work/initech/initech/internal/tui/crash.go:18 +0x68

goroutine 85 [select, 102 minutes]:
io.(*pipe).read(0x14000218180, {0x140002bfe50, 0x100, 0x0?})
	/opt/hostedtoolcache/go/1.25.0/x64/src/io/pipe.go:57 +0x7c
io.(*PipeReader).Read(...)
	/opt/hostedtoolcache/go/1.25.0/x64/src/io/pipe.go:134
github.com/charmbracelet/x/vt.(*Emulator).Read(0x1400011c570?, {0x140002bfe50?, 0xb?, 0x0?})
	/home/runner/go/pkg/mod/github.com/nmelo/x/vt@v0.0.0-20260402173550-246f6ae86935/emulator.go:256 +0x54
github.com/charmbracelet/x/vt.(*SafeEmulator).Read(...)
	/home/runner/go/pkg/mod/github.com/nmelo/x/vt@v0.0.0-20260402173550-246f6ae86935/safe_emulator.go:34
github.com/nmelo/initech/internal/tui.(*Pane).responseLoop(0x140000df188)
	/home/runner/work/initech/initech/internal/tui/pane.go:468 +0x5c
github.com/nmelo/initech/internal/tui.(*Pane).Start.func3()
	/home/runner/work/initech/initech/internal/tui/pane.go:396 +0x4c
github.com/nmelo/initech/internal/tui.(*TUI).safeGo.func1()
	/home/runner/work/initech/initech/internal/tui/crash.go:34 +0x4c
created by github.com/nmelo/initech/internal/tui.(*TUI).safeGo in goroutine 1
	/home/runner/work/initech/initech/internal/tui/crash.go:18 +0x68

goroutine 86 [runnable]:
syscall.syscall(0x1400012e1c0?, 0x3a?, 0x14001d45c68?, 0x10308c420?)
	/opt/hostedtoolcache/go/1.25.0/x64/src/runtime/sys_darwin.go:27 +0x40
syscall.Open({0x1400012e1c0?, 0x10308c204?}, 0x1100000, 0x0)
	/opt/hostedtoolcache/go/1.25.0/x64/src/syscall/zsyscall_darwin_arm64.go:1162 +0x74
os.open(...)
	/opt/hostedtoolcache/go/1.25.0/x64/src/os/file_open_unix.go:15
os.openDirNolog.func1(...)
	/opt/hostedtoolcache/go/1.25.0/x64/src/os/file_unix.go:290
os.ignoringEINTR(...)
	/opt/hostedtoolcache/go/1.25.0/x64/src/os/file_posix.go:256
os.openDirNolog({0x1400012e1c0, 0x3a})
	/opt/hostedtoolcache/go/1.25.0/x64/src/os/file_unix.go:289 +0x44
os.openDir({0x1400012e1c0, 0x3a})
	/opt/hostedtoolcache/go/1.25.0/x64/src/os/file.go:428 +0x30
os.ReadDir({0x1400012e1c0?, 0x14000056008?})
	/opt/hostedtoolcache/go/1.25.0/x64/src/os/dir.go:115 +0x38
github.com/nmelo/initech/internal/tui.newestJSONL({0x1400012e1c0, 0x3a})
	/home/runner/work/initech/initech/internal/tui/pane_journal.go:324 +0x28
github.com/nmelo/initech/internal/tui.(*Pane).watchJSONL(0x140000df188)
	/home/runner/work/initech/initech/internal/tui/pane_journal.go:40 +0x17c
github.com/nmelo/initech/internal/tui.(*Pane).Start.func4()
	/home/runner/work/initech/initech/internal/tui/pane.go:398 +0x4c
github.com/nmelo/initech/internal/tui.(*TUI).safeGo.func1()
	/home/runner/work/initech/initech/internal/tui/crash.go:34 +0x4c
created by github.com/nmelo/initech/internal/tui.(*TUI).safeGo in goroutine 1
	/home/runner/work/initech/initech/internal/tui/crash.go:18 +0x68

goroutine 70 [syscall, 8 minutes]:
syscall.syscall(0x14002d5fdc8?, 0x102c51e24?, 0x800000?, 0x7ffff800000?)
	/opt/hostedtoolcache/go/1.25.0/x64/src/runtime/sys_darwin.go:27 +0x40
syscall.read(0x1400007c3c0?, {0x14000990000?, 0x14002d5fe08?, 0x103039d4c?})
	/opt/hostedtoolcache/go/1.25.0/x64/src/syscall/zsyscall_darwin_arm64.go:1245 +0x48
syscall.Read(...)
	/opt/hostedtoolcache/go/1.25.0/x64/src/syscall/syscall_unix.go:183
internal/poll.ignoringEINTRIO(...)
	/opt/hostedtoolcache/go/1.25.0/x64/src/internal/poll/fd_unix.go:738
internal/poll.(*FD).Read(0x1400007c3c0, {0x14000990000, 0x8000, 0x8000})
	/opt/hostedtoolcache/go/1.25.0/x64/src/internal/poll/fd_unix.go:161 +0x204
os.(*File).read(...)
	/opt/hostedtoolcache/go/1.25.0/x64/src/os/file_posix.go:29
os.(*File).Read(0x1400011c118, {0x14000990000?, 0xcb?, 0x8000?})
	/opt/hostedtoolcache/go/1.25.0/x64/src/os/file.go:144 +0x68
github.com/nmelo/initech/internal/tui.(*Pane).readLoop(0x140000df888)
	/home/runner/work/initech/initech/internal/tui/pane.go:405 +0x5c
github.com/nmelo/initech/internal/tui.(*Pane).Start.func2()
	/home/runner/work/initech/initech/internal/tui/pane.go:395 +0x4c
github.com/nmelo/initech/internal/tui.(*TUI).safeGo.func1()
	/home/runner/work/initech/initech/internal/tui/crash.go:34 +0x4c
created by github.com/nmelo/initech/internal/tui.(*TUI).safeGo in goroutine 1
	/home/runner/work/initech/initech/internal/tui/crash.go:18 +0x68

goroutine 71 [select, 701 minutes]:
io.(*pipe).read(0x140002182a0, {0x14000275e50, 0x100, 0x0?})
	/opt/hostedtoolcache/go/1.25.0/x64/src/io/pipe.go:57 +0x7c
io.(*PipeReader).Read(...)
	/opt/hostedtoolcache/go/1.25.0/x64/src/io/pipe.go:134
github.com/charmbracelet/x/vt.(*Emulator).Read(0x1400011c118?, {0x14000275e50?, 0xd?, 0x0?})
	/home/runner/go/pkg/mod/github.com/nmelo/x/vt@v0.0.0-20260402173550-246f6ae86935/emulator.go:256 +0x54
github.com/charmbracelet/x/vt.(*SafeEmulator).Read(...)
	/home/runner/go/pkg/mod/github.com/nmelo/x/vt@v0.0.0-20260402173550-246f6ae86935/safe_emulator.go:34
github.com/nmelo/initech/internal/tui.(*Pane).responseLoop(0x140000df888)
	/home/runner/work/initech/initech/internal/tui/pane.go:468 +0x5c
github.com/nmelo/initech/internal/tui.(*Pane).Start.func3()
	/home/runner/work/initech/initech/internal/tui/pane.go:396 +0x4c
github.com/nmelo/initech/internal/tui.(*TUI).safeGo.func1()
	/home/runner/work/initech/initech/internal/tui/crash.go:34 +0x4c
created by github.com/nmelo/initech/internal/tui.(*TUI).safeGo in goroutine 1
	/home/runner/work/initech/initech/internal/tui/crash.go:18 +0x68

goroutine 72 [chan receive]:
github.com/nmelo/initech/internal/tui.(*Pane).watchJSONL(0x140000df888)
	/home/runner/work/initech/initech/internal/tui/pane_journal.go:30 +0x9c
github.com/nmelo/initech/internal/tui.(*Pane).Start.func4()
	/home/runner/work/initech/initech/internal/tui/pane.go:398 +0x4c
github.com/nmelo/initech/internal/tui.(*TUI).safeGo.func1()
	/home/runner/work/initech/initech/internal/tui/crash.go:34 +0x4c
created by github.com/nmelo/initech/internal/tui.(*TUI).safeGo in goroutine 1
	/home/runner/work/initech/initech/internal/tui/crash.go:18 +0x68

goroutine 73 [syscall, 2 minutes]:
syscall.syscall(0x140002c4dc8?, 0x102c51e24?, 0x800000?, 0x7ffff800000?)
	/opt/hostedtoolcache/go/1.25.0/x64/src/runtime/sys_darwin.go:27 +0x40
syscall.read(0x1400007c4e0?, {0x14001732000?, 0x12?, 0x0?})
	/opt/hostedtoolcache/go/1.25.0/x64/src/syscall/zsyscall_darwin_arm64.go:1245 +0x48
syscall.Read(...)
	/opt/hostedtoolcache/go/1.25.0/x64/src/syscall/syscall_unix.go:183
internal/poll.ignoringEINTRIO(...)
	/opt/hostedtoolcache/go/1.25.0/x64/src/internal/poll/fd_unix.go:738
internal/poll.(*FD).Read(0x1400007c4e0, {0x14001732000, 0x8000, 0x8000})
	/opt/hostedtoolcache/go/1.25.0/x64/src/internal/poll/fd_unix.go:161 +0x204
os.(*File).read(...)
	/opt/hostedtoolcache/go/1.25.0/x64/src/os/file_posix.go:29
os.(*File).Read(0x1400011cb98, {0x14001732000?, 0xad?, 0x8000?})
	/opt/hostedtoolcache/go/1.25.0/x64/src/os/file.go:144 +0x68
github.com/nmelo/initech/internal/tui.(*Pane).readLoop(0x14000248708)
	/home/runner/work/initech/initech/internal/tui/pane.go:405 +0x5c
github.com/nmelo/initech/internal/tui.(*Pane).Start.func2()
	/home/runner/work/initech/initech/internal/tui/pane.go:395 +0x4c
github.com/nmelo/initech/internal/tui.(*TUI).safeGo.func1()
	/home/runner/work/initech/initech/internal/tui/crash.go:34 +0x4c
created by github.com/nmelo/initech/internal/tui.(*TUI).safeGo in goroutine 1
	/home/runner/work/initech/initech/internal/tui/crash.go:18 +0x68

goroutine 74 [select, 701 minutes]:
io.(*pipe).read(0x1400007c480, {0x140002c2e50, 0x100, 0x0?})
	/opt/hostedtoolcache/go/1.25.0/x64/src/io/pipe.go:57 +0x7c
io.(*PipeReader).Read(...)
	/opt/hostedtoolcache/go/1.25.0/x64/src/io/pipe.go:134
github.com/charmbracelet/x/vt.(*Emulator).Read(0x1400011cb98?, {0x140002c2e50?, 0x18?, 0x0?})
	/home/runner/go/pkg/mod/github.com/nmelo/x/vt@v0.0.0-20260402173550-246f6ae86935/emulator.go:256 +0x54
github.com/charmbracelet/x/vt.(*SafeEmulator).Read(...)
	/home/runner/go/pkg/mod/github.com/nmelo/x/vt@v0.0.0-20260402173550-246f6ae86935/safe_emulator.go:34
github.com/nmelo/initech/internal/tui.(*Pane).responseLoop(0x14000248708)
	/home/runner/work/initech/initech/internal/tui/pane.go:468 +0x5c
github.com/nmelo/initech/internal/tui.(*Pane).Start.func3()
	/home/runner/work/initech/initech/internal/tui/pane.go:396 +0x4c
github.com/nmelo/initech/internal/tui.(*TUI).safeGo.func1()
	/home/runner/work/initech/initech/internal/tui/crash.go:34 +0x4c
created by github.com/nmelo/initech/internal/tui.(*TUI).safeGo in goroutine 1
	/home/runner/work/initech/initech/internal/tui/crash.go:18 +0x68

goroutine 75 [chan receive]:
github.com/nmelo/initech/internal/tui.(*Pane).watchJSONL(0x14000248708)
	/home/runner/work/initech/initech/internal/tui/pane_journal.go:30 +0x9c
github.com/nmelo/initech/internal/tui.(*Pane).Start.func4()
	/home/runner/work/initech/initech/internal/tui/pane.go:398 +0x4c
github.com/nmelo/initech/internal/tui.(*TUI).safeGo.func1()
	/home/runner/work/initech/initech/internal/tui/crash.go:34 +0x4c
created by github.com/nmelo/initech/internal/tui.(*TUI).safeGo in goroutine 1
	/home/runner/work/initech/initech/internal/tui/crash.go:18 +0x68

goroutine 76 [syscall, 701 minutes]:
syscall.syscall(0x14000277dc8?, 0x102c51e24?, 0x800000?, 0x7ffff800000?)
	/opt/hostedtoolcache/go/1.25.0/x64/src/runtime/sys_darwin.go:27 +0x40
syscall.read(0x1400007c600?, {0x14001bf8000?, 0x14000277e08?, 0x103039d4c?})
	/opt/hostedtoolcache/go/1.25.0/x64/src/syscall/zsyscall_darwin_arm64.go:1245 +0x48
syscall.Read(...)
	/opt/hostedtoolcache/go/1.25.0/x64/src/syscall/syscall_unix.go:183
internal/poll.ignoringEINTRIO(...)
	/opt/hostedtoolcache/go/1.25.0/x64/src/internal/poll/fd_unix.go:738
internal/poll.(*FD).Read(0x1400007c600, {0x14001bf8000, 0x8000, 0x8000})
	/opt/hostedtoolcache/go/1.25.0/x64/src/internal/poll/fd_unix.go:161 +0x204
os.(*File).read(...)
	/opt/hostedtoolcache/go/1.25.0/x64/src/os/file_posix.go:29
os.(*File).Read(0x1400011ceb0, {0x14001bf8000?, 0x27?, 0x8000?})
	/opt/hostedtoolcache/go/1.25.0/x64/src/os/file.go:144 +0x68
github.com/nmelo/initech/internal/tui.(*Pane).readLoop(0x14000248e08)
	/home/runner/work/initech/initech/internal/tui/pane.go:405 +0x5c
github.com/nmelo/initech/internal/tui.(*Pane).Start.func2()
	/home/runner/work/initech/initech/internal/tui/pane.go:395 +0x4c
github.com/nmelo/initech/internal/tui.(*TUI).safeGo.func1()
	/home/runner/work/initech/initech/internal/tui/crash.go:34 +0x4c
created by github.com/nmelo/initech/internal/tui.(*TUI).safeGo in goroutine 1
	/home/runner/work/initech/initech/internal/tui/crash.go:18 +0x68

goroutine 77 [select, 701 minutes]:
io.(*pipe).read(0x1400007c5a0, {0x14000272e50, 0x100, 0x0?})
	/opt/hostedtoolcache/go/1.25.0/x64/src/io/pipe.go:57 +0x7c
io.(*PipeReader).Read(...)
	/opt/hostedtoolcache/go/1.25.0/x64/src/io/pipe.go:134
github.com/charmbracelet/x/vt.(*Emulator).Read(0x1400011ceb0?, {0x14000272e50?, 0xd?, 0x0?})
	/home/runner/go/pkg/mod/github.com/nmelo/x/vt@v0.0.0-20260402173550-246f6ae86935/emulator.go:256 +0x54
github.com/charmbracelet/x/vt.(*SafeEmulator).Read(...)
	/home/runner/go/pkg/mod/github.com/nmelo/x/vt@v0.0.0-20260402173550-246f6ae86935/safe_emulator.go:34
github.com/nmelo/initech/internal/tui.(*Pane).responseLoop(0x14000248e08)
	/home/runner/work/initech/initech/internal/tui/pane.go:468 +0x5c
github.com/nmelo/initech/internal/tui.(*Pane).Start.func3()
	/home/runner/work/initech/initech/internal/tui/pane.go:396 +0x4c
github.com/nmelo/initech/internal/tui.(*TUI).safeGo.func1()
	/home/runner/work/initech/initech/internal/tui/crash.go:34 +0x4c
created by github.com/nmelo/initech/internal/tui.(*TUI).safeGo in goroutine 1
	/home/runner/work/initech/initech/internal/tui/crash.go:18 +0x68

goroutine 78 [chan receive]:
github.com/nmelo/initech/internal/tui.(*Pane).watchJSONL(0x14000248e08)
	/home/runner/work/initech/initech/internal/tui/pane_journal.go:30 +0x9c
github.com/nmelo/initech/internal/tui.(*Pane).Start.func4()
	/home/runner/work/initech/initech/internal/tui/pane.go:398 +0x4c
github.com/nmelo/initech/internal/tui.(*TUI).safeGo.func1()
	/home/runner/work/initech/initech/internal/tui/crash.go:34 +0x4c
created by github.com/nmelo/initech/internal/tui.(*TUI).safeGo in goroutine 1
	/home/runner/work/initech/initech/internal/tui/crash.go:18 +0x68

goroutine 97 [select, 1 minutes]:
github.com/nmelo/initech/internal/tui.(*TUI).startBatteryPoller.func1()
	/home/runner/work/initech/initech/internal/tui/poll.go:93 +0xac
github.com/nmelo/initech/internal/tui.(*TUI).safeGo.func1()
	/home/runner/work/initech/initech/internal/tui/crash.go:34 +0x4c
created by github.com/nmelo/initech/internal/tui.(*TUI).safeGo in goroutine 1
	/home/runner/work/initech/initech/internal/tui/crash.go:18 +0x68

goroutine 98 [select, 82 minutes]:
github.com/gdamore/tcell/v2.(*baseScreen).PollEvent(0x140000a6f70)
	/home/runner/go/pkg/mod/github.com/gdamore/tcell/v2@v2.13.8/screen.go:511 +0x74
github.com/nmelo/initech/internal/tui.Run.func15()
	/home/runner/work/initech/initech/internal/tui/tui.go:927 +0x50
github.com/nmelo/initech/internal/tui.(*TUI).safeGo.func1()
	/home/runner/work/initech/initech/internal/tui/crash.go:34 +0x4c
created by github.com/nmelo/initech/internal/tui.(*TUI).safeGo in goroutine 1
	/home/runner/work/initech/initech/internal/tui/crash.go:18 +0x68

=== RENDER WATCHDOG ===
Time:      2026-05-01T21:22:51+08:00
Version:   1.17.17
Go:        go1.25.0
Stale for: 11s
Diagnosis: No render completed in 11s. Main loop is likely blocked.

--- All Goroutine Stacks ---
goroutine 100 [running]:
github.com/nmelo/initech/internal/tui.dumpWatchdogStacks({0x140000e6258, 0x18}, {0x10343c230, 0x7}, 0x2889fd230)
	/home/runner/work/initech/initech/internal/tui/watchdog.go:51 +0x5c
github.com/nmelo/initech/internal/tui.renderWatchdog(0x140000d3468, 0x2540be400, {0x140000e6258, 0x18}, {0x10343c230, 0x7}, 0x140002a4310)
	/home/runner/work/initech/initech/internal/tui/watchdog.go:35 +0x158
created by github.com/nmelo/initech/internal/tui.Run in goroutine 1
	/home/runner/work/initech/initech/internal/tui/tui.go:946 +0x2408

goroutine 1 [syscall]:
syscall.syscall(0x1400004c638?, 0x102c5371c?, 0x80000000000?, 0x7ffff80000000000?)
	/opt/hostedtoolcache/go/1.25.0/x64/src/runtime/sys_darwin.go:27 +0x40
syscall.write(0x140000ac480?, {0x14001e98000?, 0x1?, 0x6?})
	/opt/hostedtoolcache/go/1.25.0/x64/src/syscall/zsyscall_darwin_arm64.go:1709 +0x48
syscall.Write(...)
	/opt/hostedtoolcache/go/1.25.0/x64/src/syscall/syscall_unix.go:211
internal/poll.ignoringEINTRIO(...)
	/opt/hostedtoolcache/go/1.25.0/x64/src/internal/poll/fd_unix.go:738
internal/poll.(*FD).Write(0x140000ac480, {0x14001e98000, 0x455b, 0x8000})
	/opt/hostedtoolcache/go/1.25.0/x64/src/internal/poll/fd_unix.go:374 +0x2b4
os.(*File).write(...)
	/opt/hostedtoolcache/go/1.25.0/x64/src/os/file_posix.go:46
os.(*File).Write(0x140000b4020, {0x14001e98000?, 0x455b, 0x102ce7740?})
	/opt/hostedtoolcache/go/1.25.0/x64/src/os/file.go:215 +0x54
github.com/gdamore/tcell/v2.(*devTty).Write(0x103441e90?, {0x14001e98000?, 0x1034421d0?, 0x1032e1c2e?})
	/home/runner/go/pkg/mod/github.com/gdamore/tcell/v2@v2.13.8/tty_unix.go:53 +0x24
bytes.(*Buffer).WriteTo(0x1400028c468, {0x1040b4400?, 0x140000ac600?})
	/opt/hostedtoolcache/go/1.25.0/x64/src/bytes/buffer.go:267 +0x70
github.com/gdamore/tcell/v2.(*tScreen).draw(0x1400028c408)
	/home/runner/go/pkg/mod/github.com/gdamore/tcell/v2@v2.13.8/tscreen.go:787 +0x160
github.com/gdamore/tcell/v2.(*tScreen).Show(0x1400028c408)
	/home/runner/go/pkg/mod/github.com/gdamore/tcell/v2@v2.13.8/tscreen.go:714 +0x9c
github.com/nmelo/initech/internal/tui.(*TUI).render(0x140000d3088)
	/home/runner/work/initech/initech/internal/tui/render.go:119 +0x884
github.com/nmelo/initech/internal/tui.Run({{0x14000290288, 0x5, 0x5}, {0x140000cc970, 0xa}, {0x140000e6258, 0x18}, 0x0, 0x0, {0x10343c230, ...}, ...})
	/home/runner/work/initech/initech/internal/tui/tui.go:998 +0x27c8
github.com/nmelo/initech/cmd.runTUI(0x103dbe520, {0x1032dcf61?, 0x4?, 0x1032dd029?})
	/home/runner/work/initech/initech/cmd/root.go:286 +0x820
github.com/spf13/cobra.(*Command).execute(0x103dbe520, {0x14000126040, 0x0, 0x0})
	/home/runner/go/pkg/mod/github.com/spf13/cobra@v1.10.2/command.go:1015 +0x7d4
github.com/spf13/cobra.(*Command).ExecuteC(0x103dbe520)
	/home/runner/go/pkg/mod/github.com/spf13/cobra@v1.10.2/command.go:1148 +0x350
github.com/spf13/cobra.(*Command).Execute(...)
	/home/runner/go/pkg/mod/github.com/spf13/cobra@v1.10.2/command.go:1071
github.com/nmelo/initech/cmd.init.func4()
	/home/runner/work/initech/initech/cmd/root.go:41 +0x24
github.com/nmelo/initech/cmd.Execute()
	/home/runner/work/initech/initech/cmd/root.go:134 +0x28
main.main()
	/home/runner/work/initech/initech/main.go:7 +0x1c

goroutine 13 [select, 703 minutes]:
github.com/gdamore/tcell/v2.(*devTty).Start.func1(0x140002a40e0)
	/home/runner/go/pkg/mod/github.com/gdamore/tcell/v2@v2.13.8/tty_unix.go:94 +0x8c
created by github.com/gdamore/tcell/v2.(*devTty).Start in goroutine 1
	/home/runner/go/pkg/mod/github.com/gdamore/tcell/v2@v2.13.8/tty_unix.go:91 +0x20c

goroutine 15 [syscall, 703 minutes]:
os/signal.signal_recv()
	/opt/hostedtoolcache/go/1.25.0/x64/src/runtime/sigqueue.go:149 +0x2c
os/signal.loop()
	/opt/hostedtoolcache/go/1.25.0/x64/src/os/signal/signal_unix.go:23 +0x1c
created by os/signal.Notify.func1.1 in goroutine 1
	/opt/hostedtoolcache/go/1.25.0/x64/src/os/signal/signal.go:152 +0x28

goroutine 16 [syscall, 84 minutes]:
syscall.syscall(0x14000106598?, 0x102c51e24?, 0x800000?, 0x7ffff800000?)
	/opt/hostedtoolcache/go/1.25.0/x64/src/runtime/sys_darwin.go:27 +0x40
syscall.read(0x140000ac480?, {0x140030bfa80?, 0x14000106608?, 0x102b6f838?})
	/opt/hostedtoolcache/go/1.25.0/x64/src/syscall/zsyscall_darwin_arm64.go:1245 +0x48
syscall.Read(...)
	/opt/hostedtoolcache/go/1.25.0/x64/src/syscall/syscall_unix.go:183
internal/poll.ignoringEINTRIO(...)
	/opt/hostedtoolcache/go/1.25.0/x64/src/internal/poll/fd_unix.go:738
internal/poll.(*FD).Read(0x140000ac480, {0x140030bfa80, 0x80, 0x80})
	/opt/hostedtoolcache/go/1.25.0/x64/src/internal/poll/fd_unix.go:161 +0x204
os.(*File).read(...)
	/opt/hostedtoolcache/go/1.25.0/x64/src/os/file_posix.go:29
os.(*File).Read(0x140000b4020, {0x140030bfa80?, 0x1?, 0x0?})
	/opt/hostedtoolcache/go/1.25.0/x64/src/os/file.go:144 +0x68
github.com/gdamore/tcell/v2.(*devTty).Read(0x0?, {0x140030bfa80?, 0x80?, 0x80?})
	/home/runner/go/pkg/mod/github.com/gdamore/tcell/v2@v2.13.8/tty_unix.go:49 +0x24
github.com/gdamore/tcell/v2.(*tScreen).inputLoop(0x1400028c408, 0x140002a42a0)
	/home/runner/go/pkg/mod/github.com/gdamore/tcell/v2@v2.13.8/tscreen.go:1051 +0xa4
created by github.com/gdamore/tcell/v2.(*tScreen).engage in goroutine 1
	/home/runner/go/pkg/mod/github.com/gdamore/tcell/v2@v2.13.8/tscreen.go:1211 +0x374

goroutine 49 [select, 84 minutes]:
github.com/gdamore/tcell/v2.(*tScreen).mainLoop(0x1400028c408, 0x140002a42a0)
	/home/runner/go/pkg/mod/github.com/gdamore/tcell/v2@v2.13.8/tscreen.go:1020 +0xbc
created by github.com/gdamore/tcell/v2.(*tScreen).engage in goroutine 1
	/home/runner/go/pkg/mod/github.com/gdamore/tcell/v2@v2.13.8/tscreen.go:1212 +0x3bc

goroutine 50 [chan receive, 703 minutes]:
github.com/nmelo/initech/internal/tui.installSignalHandlers.func1()
	/home/runner/work/initech/initech/internal/tui/signals.go:55 +0x4c
created by github.com/nmelo/initech/internal/tui.installSignalHandlers in goroutine 1
	/home/runner/work/initech/initech/internal/tui/signals.go:54 +0x11c

goroutine 51 [chan receive, 703 minutes]:
github.com/nmelo/initech/internal/telemetry.(*Client).sender(0x140000dc380)
	/home/runner/work/initech/initech/internal/telemetry/telemetry.go:126 +0xcc
created by github.com/nmelo/initech/internal/telemetry.Init in goroutine 1
	/home/runner/work/initech/initech/internal/telemetry/telemetry.go:62 +0x134

goroutine 52 [IO wait, 703 minutes]:
internal/poll.runtime_pollWait(0x14aa91000, 0x72)
	/opt/hostedtoolcache/go/1.25.0/x64/src/runtime/netpoll.go:351 +0xa0
internal/poll.(*pollDesc).wait(0x140001a4080?, 0x0?, 0x0)
	/opt/hostedtoolcache/go/1.25.0/x64/src/internal/poll/fd_poll_runtime.go:84 +0x28
internal/poll.(*pollDesc).waitRead(...)
	/opt/hostedtoolcache/go/1.25.0/x64/src/internal/poll/fd_poll_runtime.go:89
internal/poll.(*FD).Accept(0x140001a4080)
	/opt/hostedtoolcache/go/1.25.0/x64/src/internal/poll/fd_unix.go:613 +0x21c
net.(*netFD).accept(0x140001a4080)
	/opt/hostedtoolcache/go/1.25.0/x64/src/net/fd_unix.go:161 +0x28
net.(*UnixListener).accept(0x2baa1f35a874?)
	/opt/hostedtoolcache/go/1.25.0/x64/src/net/unixsock_posix.go:172 +0x20
net.(*UnixListener).Accept(0x140000b06f0)
	/opt/hostedtoolcache/go/1.25.0/x64/src/net/unixsock.go:260 +0x2c
github.com/nmelo/initech/internal/tui.(*TUI).startIPC.func1()
	/home/runner/work/initech/initech/internal/tui/ipc.go:85 +0x58
github.com/nmelo/initech/internal/tui.(*TUI).safeGo.func1()
	/home/runner/work/initech/initech/internal/tui/crash.go:34 +0x4c
created by github.com/nmelo/initech/internal/tui.(*TUI).safeGo in goroutine 1
	/home/runner/work/initech/initech/internal/tui/crash.go:18 +0x68

goroutine 81 [syscall, 84 minutes]:
syscall.syscall(0x14000274dc8?, 0x102c51e24?, 0x800000?, 0x7ffff800000?)
	/opt/hostedtoolcache/go/1.25.0/x64/src/runtime/sys_darwin.go:27 +0x40
syscall.read(0x140002180c0?, {0x14000110000?, 0x14000274e08?, 0x103039d4c?})
	/opt/hostedtoolcache/go/1.25.0/x64/src/syscall/zsyscall_darwin_arm64.go:1245 +0x48
syscall.Read(...)
	/opt/hostedtoolcache/go/1.25.0/x64/src/syscall/syscall_unix.go:183
internal/poll.ignoringEINTRIO(...)
	/opt/hostedtoolcache/go/1.25.0/x64/src/internal/poll/fd_unix.go:738
internal/poll.(*FD).Read(0x140002180c0, {0x14000110000, 0x8000, 0x8000})
	/opt/hostedtoolcache/go/1.25.0/x64/src/internal/poll/fd_unix.go:161 +0x204
os.(*File).read(...)
	/opt/hostedtoolcache/go/1.25.0/x64/src/os/file_posix.go:29
os.(*File).Read(0x1400011c0e8, {0x14000110000?, 0xa3?, 0x8000?})
	/opt/hostedtoolcache/go/1.25.0/x64/src/os/file.go:144 +0x68
github.com/nmelo/initech/internal/tui.(*Pane).readLoop(0x140000dea88)
	/home/runner/work/initech/initech/internal/tui/pane.go:405 +0x5c
github.com/nmelo/initech/internal/tui.(*Pane).Start.func2()
	/home/runner/work/initech/initech/internal/tui/pane.go:395 +0x4c
github.com/nmelo/initech/internal/tui.(*TUI).safeGo.func1()
	/home/runner/work/initech/initech/internal/tui/crash.go:34 +0x4c
created by github.com/nmelo/initech/internal/tui.(*TUI).safeGo in goroutine 1
	/home/runner/work/initech/initech/internal/tui/crash.go:18 +0x68

goroutine 82 [select, 84 minutes]:
io.(*pipe).read(0x140000ac720, {0x140002bee50, 0x100, 0x0?})
	/opt/hostedtoolcache/go/1.25.0/x64/src/io/pipe.go:57 +0x7c
io.(*PipeReader).Read(...)
	/opt/hostedtoolcache/go/1.25.0/x64/src/io/pipe.go:134
github.com/charmbracelet/x/vt.(*Emulator).Read(0x1400011c0e8?, {0x140002bee50?, 0xb?, 0x0?})
	/home/runner/go/pkg/mod/github.com/nmelo/x/vt@v0.0.0-20260402173550-246f6ae86935/emulator.go:256 +0x54
github.com/charmbracelet/x/vt.(*SafeEmulator).Read(...)
	/home/runner/go/pkg/mod/github.com/nmelo/x/vt@v0.0.0-20260402173550-246f6ae86935/safe_emulator.go:34
github.com/nmelo/initech/internal/tui.(*Pane).responseLoop(0x140000dea88)
	/home/runner/work/initech/initech/internal/tui/pane.go:468 +0x5c
github.com/nmelo/initech/internal/tui.(*Pane).Start.func3()
	/home/runner/work/initech/initech/internal/tui/pane.go:396 +0x4c
github.com/nmelo/initech/internal/tui.(*TUI).safeGo.func1()
	/home/runner/work/initech/initech/internal/tui/crash.go:34 +0x4c
created by github.com/nmelo/initech/internal/tui.(*TUI).safeGo in goroutine 1
	/home/runner/work/initech/initech/internal/tui/crash.go:18 +0x68

goroutine 83 [chan receive]:
github.com/nmelo/initech/internal/tui.(*Pane).watchJSONL(0x140000dea88)
	/home/runner/work/initech/initech/internal/tui/pane_journal.go:30 +0x9c
github.com/nmelo/initech/internal/tui.(*Pane).Start.func4()
	/home/runner/work/initech/initech/internal/tui/pane.go:398 +0x4c
github.com/nmelo/initech/internal/tui.(*TUI).safeGo.func1()
	/home/runner/work/initech/initech/internal/tui/crash.go:34 +0x4c
created by github.com/nmelo/initech/internal/tui.(*TUI).safeGo in goroutine 1
	/home/runner/work/initech/initech/internal/tui/crash.go:18 +0x68

goroutine 84 [syscall, 104 minutes]:
syscall.syscall(0x14002d62dc8?, 0x102c51e24?, 0x800000?, 0x7ffff800000?)
	/opt/hostedtoolcache/go/1.25.0/x64/src/runtime/sys_darwin.go:27 +0x40
syscall.read(0x140002181e0?, {0x14000df2000?, 0x14002d62e08?, 0x103039d4c?})
	/opt/hostedtoolcache/go/1.25.0/x64/src/syscall/zsyscall_darwin_arm64.go:1245 +0x48
syscall.Read(...)
	/opt/hostedtoolcache/go/1.25.0/x64/src/syscall/syscall_unix.go:183
internal/poll.ignoringEINTRIO(...)
	/opt/hostedtoolcache/go/1.25.0/x64/src/internal/poll/fd_unix.go:738
internal/poll.(*FD).Read(0x140002181e0, {0x14000df2000, 0x8000, 0x8000})
	/opt/hostedtoolcache/go/1.25.0/x64/src/internal/poll/fd_unix.go:161 +0x204
os.(*File).read(...)
	/opt/hostedtoolcache/go/1.25.0/x64/src/os/file_posix.go:29
os.(*File).Read(0x1400011c570, {0x14000df2000?, 0x5d?, 0x8000?})
	/opt/hostedtoolcache/go/1.25.0/x64/src/os/file.go:144 +0x68
github.com/nmelo/initech/internal/tui.(*Pane).readLoop(0x140000df188)
	/home/runner/work/initech/initech/internal/tui/pane.go:405 +0x5c
github.com/nmelo/initech/internal/tui.(*Pane).Start.func2()
	/home/runner/work/initech/initech/internal/tui/pane.go:395 +0x4c
github.com/nmelo/initech/internal/tui.(*TUI).safeGo.func1()
	/home/runner/work/initech/initech/internal/tui/crash.go:34 +0x4c
created by github.com/nmelo/initech/internal/tui.(*TUI).safeGo in goroutine 1
	/home/runner/work/initech/initech/internal/tui/crash.go:18 +0x68

goroutine 85 [select, 104 minutes]:
io.(*pipe).read(0x14000218180, {0x140002bfe50, 0x100, 0x0?})
	/opt/hostedtoolcache/go/1.25.0/x64/src/io/pipe.go:57 +0x7c
io.(*PipeReader).Read(...)
	/opt/hostedtoolcache/go/1.25.0/x64/src/io/pipe.go:134
github.com/charmbracelet/x/vt.(*Emulator).Read(0x1400011c570?, {0x140002bfe50?, 0xb?, 0x0?})
	/home/runner/go/pkg/mod/github.com/nmelo/x/vt@v0.0.0-20260402173550-246f6ae86935/emulator.go:256 +0x54
github.com/charmbracelet/x/vt.(*SafeEmulator).Read(...)
	/home/runner/go/pkg/mod/github.com/nmelo/x/vt@v0.0.0-20260402173550-246f6ae86935/safe_emulator.go:34
github.com/nmelo/initech/internal/tui.(*Pane).responseLoop(0x140000df188)
	/home/runner/work/initech/initech/internal/tui/pane.go:468 +0x5c
github.com/nmelo/initech/internal/tui.(*Pane).Start.func3()
	/home/runner/work/initech/initech/internal/tui/pane.go:396 +0x4c
github.com/nmelo/initech/internal/tui.(*TUI).safeGo.func1()
	/home/runner/work/initech/initech/internal/tui/crash.go:34 +0x4c
created by github.com/nmelo/initech/internal/tui.(*TUI).safeGo in goroutine 1
	/home/runner/work/initech/initech/internal/tui/crash.go:18 +0x68

goroutine 86 [runnable]:
syscall.syscall(0x102c32b80?, 0x6000011ac000?, 0x0?, 0x0?)
	/opt/hostedtoolcache/go/1.25.0/x64/src/runtime/sys_darwin.go:27 +0x40
syscall.Close(0x0?)
	/opt/hostedtoolcache/go/1.25.0/x64/src/syscall/zsyscall_darwin_arm64.go:545 +0x34
internal/poll.(*SysFile).destroy(...)
	/opt/hostedtoolcache/go/1.25.0/x64/src/internal/poll/fd_unixjs.go:24
internal/poll.(*FD).destroy(0x1400007d500)
	/opt/hostedtoolcache/go/1.25.0/x64/src/internal/poll/fd_unix.go:82 +0x58
internal/poll.(*FD).decref(0x1400007d500?)
	/opt/hostedtoolcache/go/1.25.0/x64/src/internal/poll/fd_mutex.go:213 +0x80
internal/poll.(*FD).Close(0x1400007d500)
	/opt/hostedtoolcache/go/1.25.0/x64/src/internal/poll/fd_unix.go:105 +0x48
os.(*file).close(0x1400007d500)
	/opt/hostedtoolcache/go/1.25.0/x64/src/os/file_unix.go:314 +0x58
os.(*File).Close(...)
	/opt/hostedtoolcache/go/1.25.0/x64/src/os/file_posix.go:23
os.ReadDir({0x1400012e1c0?, 0x14000058608?})
	/opt/hostedtoolcache/go/1.25.0/x64/src/os/dir.go:125 +0x11c
github.com/nmelo/initech/internal/tui.newestJSONL({0x1400012e1c0, 0x3a})
	/home/runner/work/initech/initech/internal/tui/pane_journal.go:324 +0x28
github.com/nmelo/initech/internal/tui.(*Pane).watchJSONL(0x140000df188)
	/home/runner/work/initech/initech/internal/tui/pane_journal.go:40 +0x17c
github.com/nmelo/initech/internal/tui.(*Pane).Start.func4()
	/home/runner/work/initech/initech/internal/tui/pane.go:398 +0x4c
github.com/nmelo/initech/internal/tui.(*TUI).safeGo.func1()
	/home/runner/work/initech/initech/internal/tui/crash.go:34 +0x4c
created by github.com/nmelo/initech/internal/tui.(*TUI).safeGo in goroutine 1
	/home/runner/work/initech/initech/internal/tui/crash.go:18 +0x68

goroutine 70 [syscall, 10 minutes]:
syscall.syscall(0x14002d5fdc8?, 0x102c51e24?, 0x800000?, 0x7ffff800000?)
	/opt/hostedtoolcache/go/1.25.0/x64/src/runtime/sys_darwin.go:27 +0x40
syscall.read(0x1400007c3c0?, {0x14000990000?, 0x14002d5fe08?, 0x103039d4c?})
	/opt/hostedtoolcache/go/1.25.0/x64/src/syscall/zsyscall_darwin_arm64.go:1245 +0x48
syscall.Read(...)
	/opt/hostedtoolcache/go/1.25.0/x64/src/syscall/syscall_unix.go:183
internal/poll.ignoringEINTRIO(...)
	/opt/hostedtoolcache/go/1.25.0/x64/src/internal/poll/fd_unix.go:738
internal/poll.(*FD).Read(0x1400007c3c0, {0x14000990000, 0x8000, 0x8000})
	/opt/hostedtoolcache/go/1.25.0/x64/src/internal/poll/fd_unix.go:161 +0x204
os.(*File).read(...)
	/opt/hostedtoolcache/go/1.25.0/x64/src/os/file_posix.go:29
os.(*File).Read(0x1400011c118, {0x14000990000?, 0xcb?, 0x8000?})
	/opt/hostedtoolcache/go/1.25.0/x64/src/os/file.go:144 +0x68
github.com/nmelo/initech/internal/tui.(*Pane).readLoop(0x140000df888)
	/home/runner/work/initech/initech/internal/tui/pane.go:405 +0x5c
github.com/nmelo/initech/internal/tui.(*Pane).Start.func2()
	/home/runner/work/initech/initech/internal/tui/pane.go:395 +0x4c
github.com/nmelo/initech/internal/tui.(*TUI).safeGo.func1()
	/home/runner/work/initech/initech/internal/tui/crash.go:34 +0x4c
created by github.com/nmelo/initech/internal/tui.(*TUI).safeGo in goroutine 1
	/home/runner/work/initech/initech/internal/tui/crash.go:18 +0x68

goroutine 71 [select, 703 minutes]:
io.(*pipe).read(0x140002182a0, {0x14000275e50, 0x100, 0x0?})
	/opt/hostedtoolcache/go/1.25.0/x64/src/io/pipe.go:57 +0x7c
io.(*PipeReader).Read(...)
	/opt/hostedtoolcache/go/1.25.0/x64/src/io/pipe.go:134
github.com/charmbracelet/x/vt.(*Emulator).Read(0x1400011c118?, {0x14000275e50?, 0xd?, 0x0?})
	/home/runner/go/pkg/mod/github.com/nmelo/x/vt@v0.0.0-20260402173550-246f6ae86935/emulator.go:256 +0x54
github.com/charmbracelet/x/vt.(*SafeEmulator).Read(...)
	/home/runner/go/pkg/mod/github.com/nmelo/x/vt@v0.0.0-20260402173550-246f6ae86935/safe_emulator.go:34
github.com/nmelo/initech/internal/tui.(*Pane).responseLoop(0x140000df888)
	/home/runner/work/initech/initech/internal/tui/pane.go:468 +0x5c
github.com/nmelo/initech/internal/tui.(*Pane).Start.func3()
	/home/runner/work/initech/initech/internal/tui/pane.go:396 +0x4c
github.com/nmelo/initech/internal/tui.(*TUI).safeGo.func1()
	/home/runner/work/initech/initech/internal/tui/crash.go:34 +0x4c
created by github.com/nmelo/initech/internal/tui.(*TUI).safeGo in goroutine 1
	/home/runner/work/initech/initech/internal/tui/crash.go:18 +0x68

goroutine 72 [runnable]:
os.(*File).readdir(0x14003202000, 0xffffffffffffffff, 0x1)
	/opt/hostedtoolcache/go/1.25.0/x64/src/os/dir_darwin.go:39 +0x70
os.(*File).ReadDir(0x1400012e140?, 0x3c?)
	/opt/hostedtoolcache/go/1.25.0/x64/src/os/dir.go:101 +0x24
os.ReadDir({0x1400012e140?, 0x14000062008?})
	/opt/hostedtoolcache/go/1.25.0/x64/src/os/dir.go:121 +0x94
github.com/nmelo/initech/internal/tui.newestJSONL({0x1400012e140, 0x3c})
	/home/runner/work/initech/initech/internal/tui/pane_journal.go:324 +0x28
github.com/nmelo/initech/internal/tui.(*Pane).watchJSONL(0x140000df888)
	/home/runner/work/initech/initech/internal/tui/pane_journal.go:40 +0x17c
github.com/nmelo/initech/internal/tui.(*Pane).Start.func4()
	/home/runner/work/initech/initech/internal/tui/pane.go:398 +0x4c
github.com/nmelo/initech/internal/tui.(*TUI).safeGo.func1()
	/home/runner/work/initech/initech/internal/tui/crash.go:34 +0x4c
created by github.com/nmelo/initech/internal/tui.(*TUI).safeGo in goroutine 1
	/home/runner/work/initech/initech/internal/tui/crash.go:18 +0x68

goroutine 73 [syscall, 4 minutes]:
syscall.syscall(0x140002c4dc8?, 0x102c51e24?, 0x800000?, 0x7ffff800000?)
	/opt/hostedtoolcache/go/1.25.0/x64/src/runtime/sys_darwin.go:27 +0x40
syscall.read(0x1400007c4e0?, {0x14001732000?, 0x12?, 0x0?})
	/opt/hostedtoolcache/go/1.25.0/x64/src/syscall/zsyscall_darwin_arm64.go:1245 +0x48
syscall.Read(...)
	/opt/hostedtoolcache/go/1.25.0/x64/src/syscall/syscall_unix.go:183
internal/poll.ignoringEINTRIO(...)
	/opt/hostedtoolcache/go/1.25.0/x64/src/internal/poll/fd_unix.go:738
internal/poll.(*FD).Read(0x1400007c4e0, {0x14001732000, 0x8000, 0x8000})
	/opt/hostedtoolcache/go/1.25.0/x64/src/internal/poll/fd_unix.go:161 +0x204
os.(*File).read(...)
	/opt/hostedtoolcache/go/1.25.0/x64/src/os/file_posix.go:29
os.(*File).Read(0x1400011cb98, {0x14001732000?, 0xad?, 0x8000?})
	/opt/hostedtoolcache/go/1.25.0/x64/src/os/file.go:144 +0x68
github.com/nmelo/initech/internal/tui.(*Pane).readLoop(0x14000248708)
	/home/runner/work/initech/initech/internal/tui/pane.go:405 +0x5c
github.com/nmelo/initech/internal/tui.(*Pane).Start.func2()
	/home/runner/work/initech/initech/internal/tui/pane.go:395 +0x4c
github.com/nmelo/initech/internal/tui.(*TUI).safeGo.func1()
	/home/runner/work/initech/initech/internal/tui/crash.go:34 +0x4c
created by github.com/nmelo/initech/internal/tui.(*TUI).safeGo in goroutine 1
	/home/runner/work/initech/initech/internal/tui/crash.go:18 +0x68

goroutine 74 [select, 703 minutes]:
io.(*pipe).read(0x1400007c480, {0x140002c2e50, 0x100, 0x0?})
	/opt/hostedtoolcache/go/1.25.0/x64/src/io/pipe.go:57 +0x7c
io.(*PipeReader).Read(...)
	/opt/hostedtoolcache/go/1.25.0/x64/src/io/pipe.go:134
github.com/charmbracelet/x/vt.(*Emulator).Read(0x1400011cb98?, {0x140002c2e50?, 0x18?, 0x0?})
	/home/runner/go/pkg/mod/github.com/nmelo/x/vt@v0.0.0-20260402173550-246f6ae86935/emulator.go:256 +0x54
github.com/charmbracelet/x/vt.(*SafeEmulator).Read(...)
	/home/runner/go/pkg/mod/github.com/nmelo/x/vt@v0.0.0-20260402173550-246f6ae86935/safe_emulator.go:34
github.com/nmelo/initech/internal/tui.(*Pane).responseLoop(0x14000248708)
	/home/runner/work/initech/initech/internal/tui/pane.go:468 +0x5c
github.com/nmelo/initech/internal/tui.(*Pane).Start.func3()
	/home/runner/work/initech/initech/internal/tui/pane.go:396 +0x4c
github.com/nmelo/initech/internal/tui.(*TUI).safeGo.func1()
	/home/runner/work/initech/initech/internal/tui/crash.go:34 +0x4c
created by github.com/nmelo/initech/internal/tui.(*TUI).safeGo in goroutine 1
	/home/runner/work/initech/initech/internal/tui/crash.go:18 +0x68

goroutine 75 [chan receive]:
github.com/nmelo/initech/internal/tui.(*Pane).watchJSONL(0x14000248708)
	/home/runner/work/initech/initech/internal/tui/pane_journal.go:30 +0x9c
github.com/nmelo/initech/internal/tui.(*Pane).Start.func4()
	/home/runner/work/initech/initech/internal/tui/pane.go:398 +0x4c
github.com/nmelo/initech/internal/tui.(*TUI).safeGo.func1()
	/home/runner/work/initech/initech/internal/tui/crash.go:34 +0x4c
created by github.com/nmelo/initech/internal/tui.(*TUI).safeGo in goroutine 1
	/home/runner/work/initech/initech/internal/tui/crash.go:18 +0x68

goroutine 76 [syscall, 703 minutes]:
syscall.syscall(0x14000277dc8?, 0x102c51e24?, 0x800000?, 0x7ffff800000?)
	/opt/hostedtoolcache/go/1.25.0/x64/src/runtime/sys_darwin.go:27 +0x40
syscall.read(0x1400007c600?, {0x14001bf8000?, 0x14000277e08?, 0x103039d4c?})
	/opt/hostedtoolcache/go/1.25.0/x64/src/syscall/zsyscall_darwin_arm64.go:1245 +0x48
syscall.Read(...)
	/opt/hostedtoolcache/go/1.25.0/x64/src/syscall/syscall_unix.go:183
internal/poll.ignoringEINTRIO(...)
	/opt/hostedtoolcache/go/1.25.0/x64/src/internal/poll/fd_unix.go:738
internal/poll.(*FD).Read(0x1400007c600, {0x14001bf8000, 0x8000, 0x8000})
	/opt/hostedtoolcache/go/1.25.0/x64/src/internal/poll/fd_unix.go:161 +0x204
os.(*File).read(...)
	/opt/hostedtoolcache/go/1.25.0/x64/src/os/file_posix.go:29
os.(*File).Read(0x1400011ceb0, {0x14001bf8000?, 0x27?, 0x8000?})
	/opt/hostedtoolcache/go/1.25.0/x64/src/os/file.go:144 +0x68
github.com/nmelo/initech/internal/tui.(*Pane).readLoop(0x14000248e08)
	/home/runner/work/initech/initech/internal/tui/pane.go:405 +0x5c
github.com/nmelo/initech/internal/tui.(*Pane).Start.func2()
	/home/runner/work/initech/initech/internal/tui/pane.go:395 +0x4c
github.com/nmelo/initech/internal/tui.(*TUI).safeGo.func1()
	/home/runner/work/initech/initech/internal/tui/crash.go:34 +0x4c
created by github.com/nmelo/initech/internal/tui.(*TUI).safeGo in goroutine 1
	/home/runner/work/initech/initech/internal/tui/crash.go:18 +0x68

goroutine 77 [select, 703 minutes]:
io.(*pipe).read(0x1400007c5a0, {0x14000272e50, 0x100, 0x0?})
	/opt/hostedtoolcache/go/1.25.0/x64/src/io/pipe.go:57 +0x7c
io.(*PipeReader).Read(...)
	/opt/hostedtoolcache/go/1.25.0/x64/src/io/pipe.go:134
github.com/charmbracelet/x/vt.(*Emulator).Read(0x1400011ceb0?, {0x14000272e50?, 0xd?, 0x0?})
	/home/runner/go/pkg/mod/github.com/nmelo/x/vt@v0.0.0-20260402173550-246f6ae86935/emulator.go:256 +0x54
github.com/charmbracelet/x/vt.(*SafeEmulator).Read(...)
	/home/runner/go/pkg/mod/github.com/nmelo/x/vt@v0.0.0-20260402173550-246f6ae86935/safe_emulator.go:34
github.com/nmelo/initech/internal/tui.(*Pane).responseLoop(0x14000248e08)
	/home/runner/work/initech/initech/internal/tui/pane.go:468 +0x5c
github.com/nmelo/initech/internal/tui.(*Pane).Start.func3()
	/home/runner/work/initech/initech/internal/tui/pane.go:396 +0x4c
github.com/nmelo/initech/internal/tui.(*TUI).safeGo.func1()
	/home/runner/work/initech/initech/internal/tui/crash.go:34 +0x4c
created by github.com/nmelo/initech/internal/tui.(*TUI).safeGo in goroutine 1
	/home/runner/work/initech/initech/internal/tui/crash.go:18 +0x68

goroutine 78 [chan receive]:
github.com/nmelo/initech/internal/tui.(*Pane).watchJSONL(0x14000248e08)
	/home/runner/work/initech/initech/internal/tui/pane_journal.go:30 +0x9c
github.com/nmelo/initech/internal/tui.(*Pane).Start.func4()
	/home/runner/work/initech/initech/internal/tui/pane.go:398 +0x4c
github.com/nmelo/initech/internal/tui.(*TUI).safeGo.func1()
	/home/runner/work/initech/initech/internal/tui/crash.go:34 +0x4c
created by github.com/nmelo/initech/internal/tui.(*TUI).safeGo in goroutine 1
	/home/runner/work/initech/initech/internal/tui/crash.go:18 +0x68

goroutine 97 [select, 1 minutes]:
github.com/nmelo/initech/internal/tui.(*TUI).startBatteryPoller.func1()
	/home/runner/work/initech/initech/internal/tui/poll.go:93 +0xac
github.com/nmelo/initech/internal/tui.(*TUI).safeGo.func1()
	/home/runner/work/initech/initech/internal/tui/crash.go:34 +0x4c
created by github.com/nmelo/initech/internal/tui.(*TUI).safeGo in goroutine 1
	/home/runner/work/initech/initech/internal/tui/crash.go:18 +0x68

goroutine 98 [select, 84 minutes]:
github.com/gdamore/tcell/v2.(*baseScreen).PollEvent(0x140000a6f70)
	/home/runner/go/pkg/mod/github.com/gdamore/tcell/v2@v2.13.8/screen.go:511 +0x74
github.com/nmelo/initech/internal/tui.Run.func15()
	/home/runner/work/initech/initech/internal/tui/tui.go:927 +0x50
github.com/nmelo/initech/internal/tui.(*TUI).safeGo.func1()
	/home/runner/work/initech/initech/internal/tui/crash.go:34 +0x4c
created by github.com/nmelo/initech/internal/tui.(*TUI).safeGo in goroutine 1
	/home/runner/work/initech/initech/internal/tui/crash.go:18 +0x68

=== RENDER WATCHDOG ===
Time:      2026-05-02T00:12:48+08:00
Version:   1.17.17
Go:        go1.25.0
Stale for: 10m15s
Diagnosis: No render completed in 10m15s. Main loop is likely blocked.

--- All Goroutine Stacks ---
goroutine 100 [running]:
github.com/nmelo/initech/internal/tui.dumpWatchdogStacks({0x140000e6258, 0x18}, {0x10343c230, 0x7}, 0x8f4d5c7038)
	/home/runner/work/initech/initech/internal/tui/watchdog.go:51 +0x5c
github.com/nmelo/initech/internal/tui.renderWatchdog(0x140000d3468, 0x2540be400, {0x140000e6258, 0x18}, {0x10343c230, 0x7}, 0x140002a4310)
	/home/runner/work/initech/initech/internal/tui/watchdog.go:35 +0x158
created by github.com/nmelo/initech/internal/tui.Run in goroutine 1
	/home/runner/work/initech/initech/internal/tui/tui.go:946 +0x2408

goroutine 1 [syscall]:
syscall.syscall(0x1400004c638?, 0x102c5371c?, 0x80000000000?, 0x7ffff80000000000?)
	/opt/hostedtoolcache/go/1.25.0/x64/src/runtime/sys_darwin.go:27 +0x40
syscall.write(0x140000ac480?, {0x14001e98000?, 0x1?, 0x6?})
	/opt/hostedtoolcache/go/1.25.0/x64/src/syscall/zsyscall_darwin_arm64.go:1709 +0x48
syscall.Write(...)
	/opt/hostedtoolcache/go/1.25.0/x64/src/syscall/syscall_unix.go:211
internal/poll.ignoringEINTRIO(...)
	/opt/hostedtoolcache/go/1.25.0/x64/src/internal/poll/fd_unix.go:738
internal/poll.(*FD).Write(0x140000ac480, {0x14001e98000, 0x4568, 0x8000})
	/opt/hostedtoolcache/go/1.25.0/x64/src/internal/poll/fd_unix.go:374 +0x2b4
os.(*File).write(...)
	/opt/hostedtoolcache/go/1.25.0/x64/src/os/file_posix.go:46
os.(*File).Write(0x140000b4020, {0x14001e98000?, 0x4568, 0x102ce7740?})
	/opt/hostedtoolcache/go/1.25.0/x64/src/os/file.go:215 +0x54
github.com/gdamore/tcell/v2.(*devTty).Write(0x103441e90?, {0x14001e98000?, 0x1034421d0?, 0x1032e1c2e?})
	/home/runner/go/pkg/mod/github.com/gdamore/tcell/v2@v2.13.8/tty_unix.go:53 +0x24
bytes.(*Buffer).WriteTo(0x1400028c468, {0x1040b4400?, 0x140000ac600?})
	/opt/hostedtoolcache/go/1.25.0/x64/src/bytes/buffer.go:267 +0x70
github.com/gdamore/tcell/v2.(*tScreen).draw(0x1400028c408)
	/home/runner/go/pkg/mod/github.com/gdamore/tcell/v2@v2.13.8/tscreen.go:787 +0x160
github.com/gdamore/tcell/v2.(*tScreen).Show(0x1400028c408)
	/home/runner/go/pkg/mod/github.com/gdamore/tcell/v2@v2.13.8/tscreen.go:714 +0x9c
github.com/nmelo/initech/internal/tui.(*TUI).render(0x140000d3088)
	/home/runner/work/initech/initech/internal/tui/render.go:119 +0x884
github.com/nmelo/initech/internal/tui.Run({{0x14000290288, 0x5, 0x5}, {0x140000cc970, 0xa}, {0x140000e6258, 0x18}, 0x0, 0x0, {0x10343c230, ...}, ...})
	/home/runner/work/initech/initech/internal/tui/tui.go:998 +0x27c8
github.com/nmelo/initech/cmd.runTUI(0x103dbe520, {0x1032dcf61?, 0x4?, 0x1032dd029?})
	/home/runner/work/initech/initech/cmd/root.go:286 +0x820
github.com/spf13/cobra.(*Command).execute(0x103dbe520, {0x14000126040, 0x0, 0x0})
	/home/runner/go/pkg/mod/github.com/spf13/cobra@v1.10.2/command.go:1015 +0x7d4
github.com/spf13/cobra.(*Command).ExecuteC(0x103dbe520)
	/home/runner/go/pkg/mod/github.com/spf13/cobra@v1.10.2/command.go:1148 +0x350
github.com/spf13/cobra.(*Command).Execute(...)
	/home/runner/go/pkg/mod/github.com/spf13/cobra@v1.10.2/command.go:1071
github.com/nmelo/initech/cmd.init.func4()
	/home/runner/work/initech/initech/cmd/root.go:41 +0x24
github.com/nmelo/initech/cmd.Execute()
	/home/runner/work/initech/initech/cmd/root.go:134 +0x28
main.main()
	/home/runner/work/initech/initech/main.go:7 +0x1c

goroutine 13 [select, 710 minutes]:
github.com/gdamore/tcell/v2.(*devTty).Start.func1(0x140002a40e0)
	/home/runner/go/pkg/mod/github.com/gdamore/tcell/v2@v2.13.8/tty_unix.go:94 +0x8c
created by github.com/gdamore/tcell/v2.(*devTty).Start in goroutine 1
	/home/runner/go/pkg/mod/github.com/gdamore/tcell/v2@v2.13.8/tty_unix.go:91 +0x20c

goroutine 15 [syscall, 710 minutes]:
os/signal.signal_recv()
	/opt/hostedtoolcache/go/1.25.0/x64/src/runtime/sigqueue.go:149 +0x2c
os/signal.loop()
	/opt/hostedtoolcache/go/1.25.0/x64/src/os/signal/signal_unix.go:23 +0x1c
created by os/signal.Notify.func1.1 in goroutine 1
	/opt/hostedtoolcache/go/1.25.0/x64/src/os/signal/signal.go:152 +0x28

goroutine 16 [syscall, 91 minutes]:
syscall.syscall(0x14000106598?, 0x102c51e24?, 0x800000?, 0x7ffff800000?)
	/opt/hostedtoolcache/go/1.25.0/x64/src/runtime/sys_darwin.go:27 +0x40
syscall.read(0x140000ac480?, {0x140030bfa80?, 0x14000106608?, 0x102b6f838?})
	/opt/hostedtoolcache/go/1.25.0/x64/src/syscall/zsyscall_darwin_arm64.go:1245 +0x48
syscall.Read(...)
	/opt/hostedtoolcache/go/1.25.0/x64/src/syscall/syscall_unix.go:183
internal/poll.ignoringEINTRIO(...)
	/opt/hostedtoolcache/go/1.25.0/x64/src/internal/poll/fd_unix.go:738
internal/poll.(*FD).Read(0x140000ac480, {0x140030bfa80, 0x80, 0x80})
	/opt/hostedtoolcache/go/1.25.0/x64/src/internal/poll/fd_unix.go:161 +0x204
os.(*File).read(...)
	/opt/hostedtoolcache/go/1.25.0/x64/src/os/file_posix.go:29
os.(*File).Read(0x140000b4020, {0x140030bfa80?, 0x1?, 0x0?})
	/opt/hostedtoolcache/go/1.25.0/x64/src/os/file.go:144 +0x68
github.com/gdamore/tcell/v2.(*devTty).Read(0x0?, {0x140030bfa80?, 0x80?, 0x80?})
	/home/runner/go/pkg/mod/github.com/gdamore/tcell/v2@v2.13.8/tty_unix.go:49 +0x24
github.com/gdamore/tcell/v2.(*tScreen).inputLoop(0x1400028c408, 0x140002a42a0)
	/home/runner/go/pkg/mod/github.com/gdamore/tcell/v2@v2.13.8/tscreen.go:1051 +0xa4
created by github.com/gdamore/tcell/v2.(*tScreen).engage in goroutine 1
	/home/runner/go/pkg/mod/github.com/gdamore/tcell/v2@v2.13.8/tscreen.go:1211 +0x374

goroutine 49 [select, 91 minutes]:
github.com/gdamore/tcell/v2.(*tScreen).mainLoop(0x1400028c408, 0x140002a42a0)
	/home/runner/go/pkg/mod/github.com/gdamore/tcell/v2@v2.13.8/tscreen.go:1020 +0xbc
created by github.com/gdamore/tcell/v2.(*tScreen).engage in goroutine 1
	/home/runner/go/pkg/mod/github.com/gdamore/tcell/v2@v2.13.8/tscreen.go:1212 +0x3bc

goroutine 50 [chan receive, 710 minutes]:
github.com/nmelo/initech/internal/tui.installSignalHandlers.func1()
	/home/runner/work/initech/initech/internal/tui/signals.go:55 +0x4c
created by github.com/nmelo/initech/internal/tui.installSignalHandlers in goroutine 1
	/home/runner/work/initech/initech/internal/tui/signals.go:54 +0x11c

goroutine 51 [chan receive, 710 minutes]:
github.com/nmelo/initech/internal/telemetry.(*Client).sender(0x140000dc380)
	/home/runner/work/initech/initech/internal/telemetry/telemetry.go:126 +0xcc
created by github.com/nmelo/initech/internal/telemetry.Init in goroutine 1
	/home/runner/work/initech/initech/internal/telemetry/telemetry.go:62 +0x134

goroutine 52 [IO wait, 710 minutes]:
internal/poll.runtime_pollWait(0x14aa91000, 0x72)
	/opt/hostedtoolcache/go/1.25.0/x64/src/runtime/netpoll.go:351 +0xa0
internal/poll.(*pollDesc).wait(0x140001a4080?, 0x0?, 0x0)
	/opt/hostedtoolcache/go/1.25.0/x64/src/internal/poll/fd_poll_runtime.go:84 +0x28
internal/poll.(*pollDesc).waitRead(...)
	/opt/hostedtoolcache/go/1.25.0/x64/src/internal/poll/fd_poll_runtime.go:89
internal/poll.(*FD).Accept(0x140001a4080)
	/opt/hostedtoolcache/go/1.25.0/x64/src/internal/poll/fd_unix.go:613 +0x21c
net.(*netFD).accept(0x140001a4080)
	/opt/hostedtoolcache/go/1.25.0/x64/src/net/fd_unix.go:161 +0x28
net.(*UnixListener).accept(0x2baa1f35a874?)
	/opt/hostedtoolcache/go/1.25.0/x64/src/net/unixsock_posix.go:172 +0x20
net.(*UnixListener).Accept(0x140000b06f0)
	/opt/hostedtoolcache/go/1.25.0/x64/src/net/unixsock.go:260 +0x2c
github.com/nmelo/initech/internal/tui.(*TUI).startIPC.func1()
	/home/runner/work/initech/initech/internal/tui/ipc.go:85 +0x58
github.com/nmelo/initech/internal/tui.(*TUI).safeGo.func1()
	/home/runner/work/initech/initech/internal/tui/crash.go:34 +0x4c
created by github.com/nmelo/initech/internal/tui.(*TUI).safeGo in goroutine 1
	/home/runner/work/initech/initech/internal/tui/crash.go:18 +0x68

goroutine 81 [syscall, 91 minutes]:
syscall.syscall(0x14000274dc8?, 0x102c51e24?, 0x800000?, 0x7ffff800000?)
	/opt/hostedtoolcache/go/1.25.0/x64/src/runtime/sys_darwin.go:27 +0x40
syscall.read(0x140002180c0?, {0x14000110000?, 0x14000274e08?, 0x103039d4c?})
	/opt/hostedtoolcache/go/1.25.0/x64/src/syscall/zsyscall_darwin_arm64.go:1245 +0x48
syscall.Read(...)
	/opt/hostedtoolcache/go/1.25.0/x64/src/syscall/syscall_unix.go:183
internal/poll.ignoringEINTRIO(...)
	/opt/hostedtoolcache/go/1.25.0/x64/src/internal/poll/fd_unix.go:738
internal/poll.(*FD).Read(0x140002180c0, {0x14000110000, 0x8000, 0x8000})
	/opt/hostedtoolcache/go/1.25.0/x64/src/internal/poll/fd_unix.go:161 +0x204
os.(*File).read(...)
	/opt/hostedtoolcache/go/1.25.0/x64/src/os/file_posix.go:29
os.(*File).Read(0x1400011c0e8, {0x14000110000?, 0xa3?, 0x8000?})
	/opt/hostedtoolcache/go/1.25.0/x64/src/os/file.go:144 +0x68
github.com/nmelo/initech/internal/tui.(*Pane).readLoop(0x140000dea88)
	/home/runner/work/initech/initech/internal/tui/pane.go:405 +0x5c
github.com/nmelo/initech/internal/tui.(*Pane).Start.func2()
	/home/runner/work/initech/initech/internal/tui/pane.go:395 +0x4c
github.com/nmelo/initech/internal/tui.(*TUI).safeGo.func1()
	/home/runner/work/initech/initech/internal/tui/crash.go:34 +0x4c
created by github.com/nmelo/initech/internal/tui.(*TUI).safeGo in goroutine 1
	/home/runner/work/initech/initech/internal/tui/crash.go:18 +0x68

goroutine 82 [select, 91 minutes]:
io.(*pipe).read(0x140000ac720, {0x140002bee50, 0x100, 0x0?})
	/opt/hostedtoolcache/go/1.25.0/x64/src/io/pipe.go:57 +0x7c
io.(*PipeReader).Read(...)
	/opt/hostedtoolcache/go/1.25.0/x64/src/io/pipe.go:134
github.com/charmbracelet/x/vt.(*Emulator).Read(0x1400011c0e8?, {0x140002bee50?, 0xb?, 0x0?})
	/home/runner/go/pkg/mod/github.com/nmelo/x/vt@v0.0.0-20260402173550-246f6ae86935/emulator.go:256 +0x54
github.com/charmbracelet/x/vt.(*SafeEmulator).Read(...)
	/home/runner/go/pkg/mod/github.com/nmelo/x/vt@v0.0.0-20260402173550-246f6ae86935/safe_emulator.go:34
github.com/nmelo/initech/internal/tui.(*Pane).responseLoop(0x140000dea88)
	/home/runner/work/initech/initech/internal/tui/pane.go:468 +0x5c
github.com/nmelo/initech/internal/tui.(*Pane).Start.func3()
	/home/runner/work/initech/initech/internal/tui/pane.go:396 +0x4c
github.com/nmelo/initech/internal/tui.(*TUI).safeGo.func1()
	/home/runner/work/initech/initech/internal/tui/crash.go:34 +0x4c
created by github.com/nmelo/initech/internal/tui.(*TUI).safeGo in goroutine 1
	/home/runner/work/initech/initech/internal/tui/crash.go:18 +0x68

goroutine 83 [chan receive]:
github.com/nmelo/initech/internal/tui.(*Pane).watchJSONL(0x140000dea88)
	/home/runner/work/initech/initech/internal/tui/pane_journal.go:30 +0x9c
github.com/nmelo/initech/internal/tui.(*Pane).Start.func4()
	/home/runner/work/initech/initech/internal/tui/pane.go:398 +0x4c
github.com/nmelo/initech/internal/tui.(*TUI).safeGo.func1()
	/home/runner/work/initech/initech/internal/tui/crash.go:34 +0x4c
created by github.com/nmelo/initech/internal/tui.(*TUI).safeGo in goroutine 1
	/home/runner/work/initech/initech/internal/tui/crash.go:18 +0x68

goroutine 84 [syscall, 111 minutes]:
syscall.syscall(0x14002d62dc8?, 0x102c51e24?, 0x800000?, 0x7ffff800000?)
	/opt/hostedtoolcache/go/1.25.0/x64/src/runtime/sys_darwin.go:27 +0x40
syscall.read(0x140002181e0?, {0x14000df2000?, 0x14002d62e08?, 0x103039d4c?})
	/opt/hostedtoolcache/go/1.25.0/x64/src/syscall/zsyscall_darwin_arm64.go:1245 +0x48
syscall.Read(...)
	/opt/hostedtoolcache/go/1.25.0/x64/src/syscall/syscall_unix.go:183
internal/poll.ignoringEINTRIO(...)
	/opt/hostedtoolcache/go/1.25.0/x64/src/internal/poll/fd_unix.go:738
internal/poll.(*FD).Read(0x140002181e0, {0x14000df2000, 0x8000, 0x8000})
	/opt/hostedtoolcache/go/1.25.0/x64/src/internal/poll/fd_unix.go:161 +0x204
os.(*File).read(...)
	/opt/hostedtoolcache/go/1.25.0/x64/src/os/file_posix.go:29
os.(*File).Read(0x1400011c570, {0x14000df2000?, 0x5d?, 0x8000?})
	/opt/hostedtoolcache/go/1.25.0/x64/src/os/file.go:144 +0x68
github.com/nmelo/initech/internal/tui.(*Pane).readLoop(0x140000df188)
	/home/runner/work/initech/initech/internal/tui/pane.go:405 +0x5c
github.com/nmelo/initech/internal/tui.(*Pane).Start.func2()
	/home/runner/work/initech/initech/internal/tui/pane.go:395 +0x4c
github.com/nmelo/initech/internal/tui.(*TUI).safeGo.func1()
	/home/runner/work/initech/initech/internal/tui/crash.go:34 +0x4c
created by github.com/nmelo/initech/internal/tui.(*TUI).safeGo in goroutine 1
	/home/runner/work/initech/initech/internal/tui/crash.go:18 +0x68

goroutine 85 [select, 111 minutes]:
io.(*pipe).read(0x14000218180, {0x140002bfe50, 0x100, 0x0?})
	/opt/hostedtoolcache/go/1.25.0/x64/src/io/pipe.go:57 +0x7c
io.(*PipeReader).Read(...)
	/opt/hostedtoolcache/go/1.25.0/x64/src/io/pipe.go:134
github.com/charmbracelet/x/vt.(*Emulator).Read(0x1400011c570?, {0x140002bfe50?, 0xb?, 0x0?})
	/home/runner/go/pkg/mod/github.com/nmelo/x/vt@v0.0.0-20260402173550-246f6ae86935/emulator.go:256 +0x54
github.com/charmbracelet/x/vt.(*SafeEmulator).Read(...)
	/home/runner/go/pkg/mod/github.com/nmelo/x/vt@v0.0.0-20260402173550-246f6ae86935/safe_emulator.go:34
github.com/nmelo/initech/internal/tui.(*Pane).responseLoop(0x140000df188)
	/home/runner/work/initech/initech/internal/tui/pane.go:468 +0x5c
github.com/nmelo/initech/internal/tui.(*Pane).Start.func3()
	/home/runner/work/initech/initech/internal/tui/pane.go:396 +0x4c
github.com/nmelo/initech/internal/tui.(*TUI).safeGo.func1()
	/home/runner/work/initech/initech/internal/tui/crash.go:34 +0x4c
created by github.com/nmelo/initech/internal/tui.(*TUI).safeGo in goroutine 1
	/home/runner/work/initech/initech/internal/tui/crash.go:18 +0x68

goroutine 86 [chan receive]:
github.com/nmelo/initech/internal/tui.(*Pane).watchJSONL(0x140000df188)
	/home/runner/work/initech/initech/internal/tui/pane_journal.go:30 +0x9c
github.com/nmelo/initech/internal/tui.(*Pane).Start.func4()
	/home/runner/work/initech/initech/internal/tui/pane.go:398 +0x4c
github.com/nmelo/initech/internal/tui.(*TUI).safeGo.func1()
	/home/runner/work/initech/initech/internal/tui/crash.go:34 +0x4c
created by github.com/nmelo/initech/internal/tui.(*TUI).safeGo in goroutine 1
	/home/runner/work/initech/initech/internal/tui/crash.go:18 +0x68

goroutine 70 [syscall, 17 minutes]:
syscall.syscall(0x14002d5fdc8?, 0x102c51e24?, 0x800000?, 0x7ffff800000?)
	/opt/hostedtoolcache/go/1.25.0/x64/src/runtime/sys_darwin.go:27 +0x40
syscall.read(0x1400007c3c0?, {0x14000990000?, 0x14002d5fe08?, 0x103039d4c?})
	/opt/hostedtoolcache/go/1.25.0/x64/src/syscall/zsyscall_darwin_arm64.go:1245 +0x48
syscall.Read(...)
	/opt/hostedtoolcache/go/1.25.0/x64/src/syscall/syscall_unix.go:183
internal/poll.ignoringEINTRIO(...)
	/opt/hostedtoolcache/go/1.25.0/x64/src/internal/poll/fd_unix.go:738
internal/poll.(*FD).Read(0x1400007c3c0, {0x14000990000, 0x8000, 0x8000})
	/opt/hostedtoolcache/go/1.25.0/x64/src/internal/poll/fd_unix.go:161 +0x204
os.(*File).read(...)
	/opt/hostedtoolcache/go/1.25.0/x64/src/os/file_posix.go:29
os.(*File).Read(0x1400011c118, {0x14000990000?, 0xcb?, 0x8000?})
	/opt/hostedtoolcache/go/1.25.0/x64/src/os/file.go:144 +0x68
github.com/nmelo/initech/internal/tui.(*Pane).readLoop(0x140000df888)
	/home/runner/work/initech/initech/internal/tui/pane.go:405 +0x5c
github.com/nmelo/initech/internal/tui.(*Pane).Start.func2()
	/home/runner/work/initech/initech/internal/tui/pane.go:395 +0x4c
github.com/nmelo/initech/internal/tui.(*TUI).safeGo.func1()
	/home/runner/work/initech/initech/internal/tui/crash.go:34 +0x4c
created by github.com/nmelo/initech/internal/tui.(*TUI).safeGo in goroutine 1
	/home/runner/work/initech/initech/internal/tui/crash.go:18 +0x68

goroutine 71 [select, 710 minutes]:
io.(*pipe).read(0x140002182a0, {0x14000275e50, 0x100, 0x0?})
	/opt/hostedtoolcache/go/1.25.0/x64/src/io/pipe.go:57 +0x7c
io.(*PipeReader).Read(...)
	/opt/hostedtoolcache/go/1.25.0/x64/src/io/pipe.go:134
github.com/charmbracelet/x/vt.(*Emulator).Read(0x1400011c118?, {0x14000275e50?, 0xd?, 0x0?})
	/home/runner/go/pkg/mod/github.com/nmelo/x/vt@v0.0.0-20260402173550-246f6ae86935/emulator.go:256 +0x54
github.com/charmbracelet/x/vt.(*SafeEmulator).Read(...)
	/home/runner/go/pkg/mod/github.com/nmelo/x/vt@v0.0.0-20260402173550-246f6ae86935/safe_emulator.go:34
github.com/nmelo/initech/internal/tui.(*Pane).responseLoop(0x140000df888)
	/home/runner/work/initech/initech/internal/tui/pane.go:468 +0x5c
github.com/nmelo/initech/internal/tui.(*Pane).Start.func3()
	/home/runner/work/initech/initech/internal/tui/pane.go:396 +0x4c
github.com/nmelo/initech/internal/tui.(*TUI).safeGo.func1()
	/home/runner/work/initech/initech/internal/tui/crash.go:34 +0x4c
created by github.com/nmelo/initech/internal/tui.(*TUI).safeGo in goroutine 1
	/home/runner/work/initech/initech/internal/tui/crash.go:18 +0x68

goroutine 72 [chan receive]:
github.com/nmelo/initech/internal/tui.(*Pane).watchJSONL(0x140000df888)
	/home/runner/work/initech/initech/internal/tui/pane_journal.go:30 +0x9c
github.com/nmelo/initech/internal/tui.(*Pane).Start.func4()
	/home/runner/work/initech/initech/internal/tui/pane.go:398 +0x4c
github.com/nmelo/initech/internal/tui.(*TUI).safeGo.func1()
	/home/runner/work/initech/initech/internal/tui/crash.go:34 +0x4c
created by github.com/nmelo/initech/internal/tui.(*TUI).safeGo in goroutine 1
	/home/runner/work/initech/initech/internal/tui/crash.go:18 +0x68

goroutine 73 [syscall, 11 minutes]:
syscall.syscall(0x140002c4dc8?, 0x102c51e24?, 0x800000?, 0x7ffff800000?)
	/opt/hostedtoolcache/go/1.25.0/x64/src/runtime/sys_darwin.go:27 +0x40
syscall.read(0x1400007c4e0?, {0x14001732000?, 0x12?, 0x0?})
	/opt/hostedtoolcache/go/1.25.0/x64/src/syscall/zsyscall_darwin_arm64.go:1245 +0x48
syscall.Read(...)
	/opt/hostedtoolcache/go/1.25.0/x64/src/syscall/syscall_unix.go:183
internal/poll.ignoringEINTRIO(...)
	/opt/hostedtoolcache/go/1.25.0/x64/src/internal/poll/fd_unix.go:738
internal/poll.(*FD).Read(0x1400007c4e0, {0x14001732000, 0x8000, 0x8000})
	/opt/hostedtoolcache/go/1.25.0/x64/src/internal/poll/fd_unix.go:161 +0x204
os.(*File).read(...)
	/opt/hostedtoolcache/go/1.25.0/x64/src/os/file_posix.go:29
os.(*File).Read(0x1400011cb98, {0x14001732000?, 0xad?, 0x8000?})
	/opt/hostedtoolcache/go/1.25.0/x64/src/os/file.go:144 +0x68
github.com/nmelo/initech/internal/tui.(*Pane).readLoop(0x14000248708)
	/home/runner/work/initech/initech/internal/tui/pane.go:405 +0x5c
github.com/nmelo/initech/internal/tui.(*Pane).Start.func2()
	/home/runner/work/initech/initech/internal/tui/pane.go:395 +0x4c
github.com/nmelo/initech/internal/tui.(*TUI).safeGo.func1()
	/home/runner/work/initech/initech/internal/tui/crash.go:34 +0x4c
created by github.com/nmelo/initech/internal/tui.(*TUI).safeGo in goroutine 1
	/home/runner/work/initech/initech/internal/tui/crash.go:18 +0x68

goroutine 74 [select, 710 minutes]:
io.(*pipe).read(0x1400007c480, {0x140002c2e50, 0x100, 0x0?})
	/opt/hostedtoolcache/go/1.25.0/x64/src/io/pipe.go:57 +0x7c
io.(*PipeReader).Read(...)
	/opt/hostedtoolcache/go/1.25.0/x64/src/io/pipe.go:134
github.com/charmbracelet/x/vt.(*Emulator).Read(0x1400011cb98?, {0x140002c2e50?, 0x18?, 0x0?})
	/home/runner/go/pkg/mod/github.com/nmelo/x/vt@v0.0.0-20260402173550-246f6ae86935/emulator.go:256 +0x54
github.com/charmbracelet/x/vt.(*SafeEmulator).Read(...)
	/home/runner/go/pkg/mod/github.com/nmelo/x/vt@v0.0.0-20260402173550-246f6ae86935/safe_emulator.go:34
github.com/nmelo/initech/internal/tui.(*Pane).responseLoop(0x14000248708)
	/home/runner/work/initech/initech/internal/tui/pane.go:468 +0x5c
github.com/nmelo/initech/internal/tui.(*Pane).Start.func3()
	/home/runner/work/initech/initech/internal/tui/pane.go:396 +0x4c
github.com/nmelo/initech/internal/tui.(*TUI).safeGo.func1()
	/home/runner/work/initech/initech/internal/tui/crash.go:34 +0x4c
created by github.com/nmelo/initech/internal/tui.(*TUI).safeGo in goroutine 1
	/home/runner/work/initech/initech/internal/tui/crash.go:18 +0x68

goroutine 75 [chan receive]:
github.com/nmelo/initech/internal/tui.(*Pane).watchJSONL(0x14000248708)
	/home/runner/work/initech/initech/internal/tui/pane_journal.go:30 +0x9c
github.com/nmelo/initech/internal/tui.(*Pane).Start.func4()
	/home/runner/work/initech/initech/internal/tui/pane.go:398 +0x4c
github.com/nmelo/initech/internal/tui.(*TUI).safeGo.func1()
	/home/runner/work/initech/initech/internal/tui/crash.go:34 +0x4c
created by github.com/nmelo/initech/internal/tui.(*TUI).safeGo in goroutine 1
	/home/runner/work/initech/initech/internal/tui/crash.go:18 +0x68

goroutine 76 [syscall, 709 minutes]:
syscall.syscall(0x14000277dc8?, 0x102c51e24?, 0x800000?, 0x7ffff800000?)
	/opt/hostedtoolcache/go/1.25.0/x64/src/runtime/sys_darwin.go:27 +0x40
syscall.read(0x1400007c600?, {0x14001bf8000?, 0x14000277e08?, 0x103039d4c?})
	/opt/hostedtoolcache/go/1.25.0/x64/src/syscall/zsyscall_darwin_arm64.go:1245 +0x48
syscall.Read(...)
	/opt/hostedtoolcache/go/1.25.0/x64/src/syscall/syscall_unix.go:183
internal/poll.ignoringEINTRIO(...)
	/opt/hostedtoolcache/go/1.25.0/x64/src/internal/poll/fd_unix.go:738
internal/poll.(*FD).Read(0x1400007c600, {0x14001bf8000, 0x8000, 0x8000})
	/opt/hostedtoolcache/go/1.25.0/x64/src/internal/poll/fd_unix.go:161 +0x204
os.(*File).read(...)
	/opt/hostedtoolcache/go/1.25.0/x64/src/os/file_posix.go:29
os.(*File).Read(0x1400011ceb0, {0x14001bf8000?, 0x27?, 0x8000?})
	/opt/hostedtoolcache/go/1.25.0/x64/src/os/file.go:144 +0x68
github.com/nmelo/initech/internal/tui.(*Pane).readLoop(0x14000248e08)
	/home/runner/work/initech/initech/internal/tui/pane.go:405 +0x5c
github.com/nmelo/initech/internal/tui.(*Pane).Start.func2()
	/home/runner/work/initech/initech/internal/tui/pane.go:395 +0x4c
github.com/nmelo/initech/internal/tui.(*TUI).safeGo.func1()
	/home/runner/work/initech/initech/internal/tui/crash.go:34 +0x4c
created by github.com/nmelo/initech/internal/tui.(*TUI).safeGo in goroutine 1
	/home/runner/work/initech/initech/internal/tui/crash.go:18 +0x68

goroutine 77 [select, 710 minutes]:
io.(*pipe).read(0x1400007c5a0, {0x14000272e50, 0x100, 0x0?})
	/opt/hostedtoolcache/go/1.25.0/x64/src/io/pipe.go:57 +0x7c
io.(*PipeReader).Read(...)
	/opt/hostedtoolcache/go/1.25.0/x64/src/io/pipe.go:134
github.com/charmbracelet/x/vt.(*Emulator).Read(0x1400011ceb0?, {0x14000272e50?, 0xd?, 0x0?})
	/home/runner/go/pkg/mod/github.com/nmelo/x/vt@v0.0.0-20260402173550-246f6ae86935/emulator.go:256 +0x54
github.com/charmbracelet/x/vt.(*SafeEmulator).Read(...)
	/home/runner/go/pkg/mod/github.com/nmelo/x/vt@v0.0.0-20260402173550-246f6ae86935/safe_emulator.go:34
github.com/nmelo/initech/internal/tui.(*Pane).responseLoop(0x14000248e08)
	/home/runner/work/initech/initech/internal/tui/pane.go:468 +0x5c
github.com/nmelo/initech/internal/tui.(*Pane).Start.func3()
	/home/runner/work/initech/initech/internal/tui/pane.go:396 +0x4c
github.com/nmelo/initech/internal/tui.(*TUI).safeGo.func1()
	/home/runner/work/initech/initech/internal/tui/crash.go:34 +0x4c
created by github.com/nmelo/initech/internal/tui.(*TUI).safeGo in goroutine 1
	/home/runner/work/initech/initech/internal/tui/crash.go:18 +0x68

goroutine 78 [chan receive]:
github.com/nmelo/initech/internal/tui.(*Pane).watchJSONL(0x14000248e08)
	/home/runner/work/initech/initech/internal/tui/pane_journal.go:30 +0x9c
github.com/nmelo/initech/internal/tui.(*Pane).Start.func4()
	/home/runner/work/initech/initech/internal/tui/pane.go:398 +0x4c
github.com/nmelo/initech/internal/tui.(*TUI).safeGo.func1()
	/home/runner/work/initech/initech/internal/tui/crash.go:34 +0x4c
created by github.com/nmelo/initech/internal/tui.(*TUI).safeGo in goroutine 1
	/home/runner/work/initech/initech/internal/tui/crash.go:18 +0x68

goroutine 97 [select, 1 minutes]:
github.com/nmelo/initech/internal/tui.(*TUI).startBatteryPoller.func1()
	/home/runner/work/initech/initech/internal/tui/poll.go:93 +0xac
github.com/nmelo/initech/internal/tui.(*TUI).safeGo.func1()
	/home/runner/work/initech/initech/internal/tui/crash.go:34 +0x4c
created by github.com/nmelo/initech/internal/tui.(*TUI).safeGo in goroutine 1
	/home/runner/work/initech/initech/internal/tui/crash.go:18 +0x68

goroutine 98 [select, 91 minutes]:
github.com/gdamore/tcell/v2.(*baseScreen).PollEvent(0x140000a6f70)
	/home/runner/go/pkg/mod/github.com/gdamore/tcell/v2@v2.13.8/screen.go:511 +0x74
github.com/nmelo/initech/internal/tui.Run.func15()
	/home/runner/work/initech/initech/internal/tui/tui.go:927 +0x50
github.com/nmelo/initech/internal/tui.(*TUI).safeGo.func1()
	/home/runner/work/initech/initech/internal/tui/crash.go:34 +0x4c
created by github.com/nmelo/initech/internal/tui.(*TUI).safeGo in goroutine 1
	/home/runner/work/initech/initech/internal/tui/crash.go:18 +0x68

=== RENDER WATCHDOG ===
Time:      2026-05-02T03:07:37+08:00
Version:   1.17.17
Go:        go1.25.0
Stale for: 16s
Diagnosis: No render completed in 16s. Main loop is likely blocked.

--- All Goroutine Stacks ---
goroutine 100 [running]:
github.com/nmelo/initech/internal/tui.dumpWatchdogStacks({0x140000e6258, 0x18}, {0x10343c230, 0x7}, 0x3c1de0598)
	/home/runner/work/initech/initech/internal/tui/watchdog.go:51 +0x5c
github.com/nmelo/initech/internal/tui.renderWatchdog(0x140000d3468, 0x2540be400, {0x140000e6258, 0x18}, {0x10343c230, 0x7}, 0x140002a4310)
	/home/runner/work/initech/initech/internal/tui/watchdog.go:35 +0x158
created by github.com/nmelo/initech/internal/tui.Run in goroutine 1
	/home/runner/work/initech/initech/internal/tui/tui.go:946 +0x2408

goroutine 1 [syscall]:
syscall.syscall(0x1400004c638?, 0x102c5371c?, 0x80000000000?, 0x7ffff80000000000?)
	/opt/hostedtoolcache/go/1.25.0/x64/src/runtime/sys_darwin.go:27 +0x40
syscall.write(0x140000ac480?, {0x14001e98000?, 0x1?, 0x6?})
	/opt/hostedtoolcache/go/1.25.0/x64/src/syscall/zsyscall_darwin_arm64.go:1709 +0x48
syscall.Write(...)
	/opt/hostedtoolcache/go/1.25.0/x64/src/syscall/syscall_unix.go:211
internal/poll.ignoringEINTRIO(...)
	/opt/hostedtoolcache/go/1.25.0/x64/src/internal/poll/fd_unix.go:738
internal/poll.(*FD).Write(0x140000ac480, {0x14001e98000, 0x455b, 0x8000})
	/opt/hostedtoolcache/go/1.25.0/x64/src/internal/poll/fd_unix.go:374 +0x2b4
os.(*File).write(...)
	/opt/hostedtoolcache/go/1.25.0/x64/src/os/file_posix.go:46
os.(*File).Write(0x140000b4020, {0x14001e98000?, 0x455b, 0x102ce7740?})
	/opt/hostedtoolcache/go/1.25.0/x64/src/os/file.go:215 +0x54
github.com/gdamore/tcell/v2.(*devTty).Write(0x103441e90?, {0x14001e98000?, 0x1034421d0?, 0x1032e1c2e?})
	/home/runner/go/pkg/mod/github.com/gdamore/tcell/v2@v2.13.8/tty_unix.go:53 +0x24
bytes.(*Buffer).WriteTo(0x1400028c468, {0x1040b4400?, 0x140000ac600?})
	/opt/hostedtoolcache/go/1.25.0/x64/src/bytes/buffer.go:267 +0x70
github.com/gdamore/tcell/v2.(*tScreen).draw(0x1400028c408)
	/home/runner/go/pkg/mod/github.com/gdamore/tcell/v2@v2.13.8/tscreen.go:787 +0x160
github.com/gdamore/tcell/v2.(*tScreen).Show(0x1400028c408)
	/home/runner/go/pkg/mod/github.com/gdamore/tcell/v2@v2.13.8/tscreen.go:714 +0x9c
github.com/nmelo/initech/internal/tui.(*TUI).render(0x140000d3088)
	/home/runner/work/initech/initech/internal/tui/render.go:119 +0x884
github.com/nmelo/initech/internal/tui.Run({{0x14000290288, 0x5, 0x5}, {0x140000cc970, 0xa}, {0x140000e6258, 0x18}, 0x0, 0x0, {0x10343c230, ...}, ...})
	/home/runner/work/initech/initech/internal/tui/tui.go:998 +0x27c8
github.com/nmelo/initech/cmd.runTUI(0x103dbe520, {0x1032dcf61?, 0x4?, 0x1032dd029?})
	/home/runner/work/initech/initech/cmd/root.go:286 +0x820
github.com/spf13/cobra.(*Command).execute(0x103dbe520, {0x14000126040, 0x0, 0x0})
	/home/runner/go/pkg/mod/github.com/spf13/cobra@v1.10.2/command.go:1015 +0x7d4
github.com/spf13/cobra.(*Command).ExecuteC(0x103dbe520)
	/home/runner/go/pkg/mod/github.com/spf13/cobra@v1.10.2/command.go:1148 +0x350
github.com/spf13/cobra.(*Command).Execute(...)
	/home/runner/go/pkg/mod/github.com/spf13/cobra@v1.10.2/command.go:1071
github.com/nmelo/initech/cmd.init.func4()
	/home/runner/work/initech/initech/cmd/root.go:41 +0x24
github.com/nmelo/initech/cmd.Execute()
	/home/runner/work/initech/initech/cmd/root.go:134 +0x28
main.main()
	/home/runner/work/initech/initech/main.go:7 +0x1c

goroutine 13 [select, 714 minutes]:
github.com/gdamore/tcell/v2.(*devTty).Start.func1(0x140002a40e0)
	/home/runner/go/pkg/mod/github.com/gdamore/tcell/v2@v2.13.8/tty_unix.go:94 +0x8c
created by github.com/gdamore/tcell/v2.(*devTty).Start in goroutine 1
	/home/runner/go/pkg/mod/github.com/gdamore/tcell/v2@v2.13.8/tty_unix.go:91 +0x20c

goroutine 15 [syscall, 714 minutes]:
os/signal.signal_recv()
	/opt/hostedtoolcache/go/1.25.0/x64/src/runtime/sigqueue.go:149 +0x2c
os/signal.loop()
	/opt/hostedtoolcache/go/1.25.0/x64/src/os/signal/signal_unix.go:23 +0x1c
created by os/signal.Notify.func1.1 in goroutine 1
	/opt/hostedtoolcache/go/1.25.0/x64/src/os/signal/signal.go:152 +0x28

goroutine 16 [syscall, 95 minutes]:
syscall.syscall(0x14000106598?, 0x102c51e24?, 0x800000?, 0x7ffff800000?)
	/opt/hostedtoolcache/go/1.25.0/x64/src/runtime/sys_darwin.go:27 +0x40
syscall.read(0x140000ac480?, {0x140030bfa80?, 0x14000106608?, 0x102b6f838?})
	/opt/hostedtoolcache/go/1.25.0/x64/src/syscall/zsyscall_darwin_arm64.go:1245 +0x48
syscall.Read(...)
	/opt/hostedtoolcache/go/1.25.0/x64/src/syscall/syscall_unix.go:183
internal/poll.ignoringEINTRIO(...)
	/opt/hostedtoolcache/go/1.25.0/x64/src/internal/poll/fd_unix.go:738
internal/poll.(*FD).Read(0x140000ac480, {0x140030bfa80, 0x80, 0x80})
	/opt/hostedtoolcache/go/1.25.0/x64/src/internal/poll/fd_unix.go:161 +0x204
os.(*File).read(...)
	/opt/hostedtoolcache/go/1.25.0/x64/src/os/file_posix.go:29
os.(*File).Read(0x140000b4020, {0x140030bfa80?, 0x1?, 0x0?})
	/opt/hostedtoolcache/go/1.25.0/x64/src/os/file.go:144 +0x68
github.com/gdamore/tcell/v2.(*devTty).Read(0x0?, {0x140030bfa80?, 0x80?, 0x80?})
	/home/runner/go/pkg/mod/github.com/gdamore/tcell/v2@v2.13.8/tty_unix.go:49 +0x24
github.com/gdamore/tcell/v2.(*tScreen).inputLoop(0x1400028c408, 0x140002a42a0)
	/home/runner/go/pkg/mod/github.com/gdamore/tcell/v2@v2.13.8/tscreen.go:1051 +0xa4
created by github.com/gdamore/tcell/v2.(*tScreen).engage in goroutine 1
	/home/runner/go/pkg/mod/github.com/gdamore/tcell/v2@v2.13.8/tscreen.go:1211 +0x374

goroutine 49 [select, 95 minutes]:
github.com/gdamore/tcell/v2.(*tScreen).mainLoop(0x1400028c408, 0x140002a42a0)
	/home/runner/go/pkg/mod/github.com/gdamore/tcell/v2@v2.13.8/tscreen.go:1020 +0xbc
created by github.com/gdamore/tcell/v2.(*tScreen).engage in goroutine 1
	/home/runner/go/pkg/mod/github.com/gdamore/tcell/v2@v2.13.8/tscreen.go:1212 +0x3bc

goroutine 50 [chan receive, 714 minutes]:
github.com/nmelo/initech/internal/tui.installSignalHandlers.func1()
	/home/runner/work/initech/initech/internal/tui/signals.go:55 +0x4c
created by github.com/nmelo/initech/internal/tui.installSignalHandlers in goroutine 1
	/home/runner/work/initech/initech/internal/tui/signals.go:54 +0x11c

goroutine 51 [chan receive, 714 minutes]:
github.com/nmelo/initech/internal/telemetry.(*Client).sender(0x140000dc380)
	/home/runner/work/initech/initech/internal/telemetry/telemetry.go:126 +0xcc
created by github.com/nmelo/initech/internal/telemetry.Init in goroutine 1
	/home/runner/work/initech/initech/internal/telemetry/telemetry.go:62 +0x134

goroutine 52 [IO wait, 714 minutes]:
internal/poll.runtime_pollWait(0x14aa91000, 0x72)
	/opt/hostedtoolcache/go/1.25.0/x64/src/runtime/netpoll.go:351 +0xa0
internal/poll.(*pollDesc).wait(0x140001a4080?, 0x0?, 0x0)
	/opt/hostedtoolcache/go/1.25.0/x64/src/internal/poll/fd_poll_runtime.go:84 +0x28
internal/poll.(*pollDesc).waitRead(...)
	/opt/hostedtoolcache/go/1.25.0/x64/src/internal/poll/fd_poll_runtime.go:89
internal/poll.(*FD).Accept(0x140001a4080)
	/opt/hostedtoolcache/go/1.25.0/x64/src/internal/poll/fd_unix.go:613 +0x21c
net.(*netFD).accept(0x140001a4080)
	/opt/hostedtoolcache/go/1.25.0/x64/src/net/fd_unix.go:161 +0x28
net.(*UnixListener).accept(0x2baa1f35a874?)
	/opt/hostedtoolcache/go/1.25.0/x64/src/net/unixsock_posix.go:172 +0x20
net.(*UnixListener).Accept(0x140000b06f0)
	/opt/hostedtoolcache/go/1.25.0/x64/src/net/unixsock.go:260 +0x2c
github.com/nmelo/initech/internal/tui.(*TUI).startIPC.func1()
	/home/runner/work/initech/initech/internal/tui/ipc.go:85 +0x58
github.com/nmelo/initech/internal/tui.(*TUI).safeGo.func1()
	/home/runner/work/initech/initech/internal/tui/crash.go:34 +0x4c
created by github.com/nmelo/initech/internal/tui.(*TUI).safeGo in goroutine 1
	/home/runner/work/initech/initech/internal/tui/crash.go:18 +0x68

goroutine 81 [syscall, 95 minutes]:
syscall.syscall(0x14000274dc8?, 0x102c51e24?, 0x800000?, 0x7ffff800000?)
	/opt/hostedtoolcache/go/1.25.0/x64/src/runtime/sys_darwin.go:27 +0x40
syscall.read(0x140002180c0?, {0x14000110000?, 0x14000274e08?, 0x103039d4c?})
	/opt/hostedtoolcache/go/1.25.0/x64/src/syscall/zsyscall_darwin_arm64.go:1245 +0x48
syscall.Read(...)
	/opt/hostedtoolcache/go/1.25.0/x64/src/syscall/syscall_unix.go:183
internal/poll.ignoringEINTRIO(...)
	/opt/hostedtoolcache/go/1.25.0/x64/src/internal/poll/fd_unix.go:738
internal/poll.(*FD).Read(0x140002180c0, {0x14000110000, 0x8000, 0x8000})
	/opt/hostedtoolcache/go/1.25.0/x64/src/internal/poll/fd_unix.go:161 +0x204
os.(*File).read(...)
	/opt/hostedtoolcache/go/1.25.0/x64/src/os/file_posix.go:29
os.(*File).Read(0x1400011c0e8, {0x14000110000?, 0xa3?, 0x8000?})
	/opt/hostedtoolcache/go/1.25.0/x64/src/os/file.go:144 +0x68
github.com/nmelo/initech/internal/tui.(*Pane).readLoop(0x140000dea88)
	/home/runner/work/initech/initech/internal/tui/pane.go:405 +0x5c
github.com/nmelo/initech/internal/tui.(*Pane).Start.func2()
	/home/runner/work/initech/initech/internal/tui/pane.go:395 +0x4c
github.com/nmelo/initech/internal/tui.(*TUI).safeGo.func1()
	/home/runner/work/initech/initech/internal/tui/crash.go:34 +0x4c
created by github.com/nmelo/initech/internal/tui.(*TUI).safeGo in goroutine 1
	/home/runner/work/initech/initech/internal/tui/crash.go:18 +0x68

goroutine 82 [select, 95 minutes]:
io.(*pipe).read(0x140000ac720, {0x140002bee50, 0x100, 0x0?})
	/opt/hostedtoolcache/go/1.25.0/x64/src/io/pipe.go:57 +0x7c
io.(*PipeReader).Read(...)
	/opt/hostedtoolcache/go/1.25.0/x64/src/io/pipe.go:134
github.com/charmbracelet/x/vt.(*Emulator).Read(0x1400011c0e8?, {0x140002bee50?, 0xb?, 0x0?})
	/home/runner/go/pkg/mod/github.com/nmelo/x/vt@v0.0.0-20260402173550-246f6ae86935/emulator.go:256 +0x54
github.com/charmbracelet/x/vt.(*SafeEmulator).Read(...)
	/home/runner/go/pkg/mod/github.com/nmelo/x/vt@v0.0.0-20260402173550-246f6ae86935/safe_emulator.go:34
github.com/nmelo/initech/internal/tui.(*Pane).responseLoop(0x140000dea88)
	/home/runner/work/initech/initech/internal/tui/pane.go:468 +0x5c
github.com/nmelo/initech/internal/tui.(*Pane).Start.func3()
	/home/runner/work/initech/initech/internal/tui/pane.go:396 +0x4c
github.com/nmelo/initech/internal/tui.(*TUI).safeGo.func1()
	/home/runner/work/initech/initech/internal/tui/crash.go:34 +0x4c
created by github.com/nmelo/initech/internal/tui.(*TUI).safeGo in goroutine 1
	/home/runner/work/initech/initech/internal/tui/crash.go:18 +0x68

goroutine 83 [runnable]:
github.com/nmelo/initech/internal/tui.(*Pane).watchJSONL(0x140000dea88)
	/home/runner/work/initech/initech/internal/tui/pane_journal.go:30 +0x9c
github.com/nmelo/initech/internal/tui.(*Pane).Start.func4()
	/home/runner/work/initech/initech/internal/tui/pane.go:398 +0x4c
github.com/nmelo/initech/internal/tui.(*TUI).safeGo.func1()
	/home/runner/work/initech/initech/internal/tui/crash.go:34 +0x4c
created by github.com/nmelo/initech/internal/tui.(*TUI).safeGo in goroutine 1
	/home/runner/work/initech/initech/internal/tui/crash.go:18 +0x68

goroutine 84 [syscall, 115 minutes]:
syscall.syscall(0x14002d62dc8?, 0x102c51e24?, 0x800000?, 0x7ffff800000?)
	/opt/hostedtoolcache/go/1.25.0/x64/src/runtime/sys_darwin.go:27 +0x40
syscall.read(0x140002181e0?, {0x14000df2000?, 0x14002d62e08?, 0x103039d4c?})
	/opt/hostedtoolcache/go/1.25.0/x64/src/syscall/zsyscall_darwin_arm64.go:1245 +0x48
syscall.Read(...)
	/opt/hostedtoolcache/go/1.25.0/x64/src/syscall/syscall_unix.go:183
internal/poll.ignoringEINTRIO(...)
	/opt/hostedtoolcache/go/1.25.0/x64/src/internal/poll/fd_unix.go:738
internal/poll.(*FD).Read(0x140002181e0, {0x14000df2000, 0x8000, 0x8000})
	/opt/hostedtoolcache/go/1.25.0/x64/src/internal/poll/fd_unix.go:161 +0x204
os.(*File).read(...)
	/opt/hostedtoolcache/go/1.25.0/x64/src/os/file_posix.go:29
os.(*File).Read(0x1400011c570, {0x14000df2000?, 0x5d?, 0x8000?})
	/opt/hostedtoolcache/go/1.25.0/x64/src/os/file.go:144 +0x68
github.com/nmelo/initech/internal/tui.(*Pane).readLoop(0x140000df188)
	/home/runner/work/initech/initech/internal/tui/pane.go:405 +0x5c
github.com/nmelo/initech/internal/tui.(*Pane).Start.func2()
	/home/runner/work/initech/initech/internal/tui/pane.go:395 +0x4c
github.com/nmelo/initech/internal/tui.(*TUI).safeGo.func1()
	/home/runner/work/initech/initech/internal/tui/crash.go:34 +0x4c
created by github.com/nmelo/initech/internal/tui.(*TUI).safeGo in goroutine 1
	/home/runner/work/initech/initech/internal/tui/crash.go:18 +0x68

goroutine 85 [select, 115 minutes]:
io.(*pipe).read(0x14000218180, {0x140002bfe50, 0x100, 0x0?})
	/opt/hostedtoolcache/go/1.25.0/x64/src/io/pipe.go:57 +0x7c
io.(*PipeReader).Read(...)
	/opt/hostedtoolcache/go/1.25.0/x64/src/io/pipe.go:134
github.com/charmbracelet/x/vt.(*Emulator).Read(0x1400011c570?, {0x140002bfe50?, 0xb?, 0x0?})
	/home/runner/go/pkg/mod/github.com/nmelo/x/vt@v0.0.0-20260402173550-246f6ae86935/emulator.go:256 +0x54
github.com/charmbracelet/x/vt.(*SafeEmulator).Read(...)
	/home/runner/go/pkg/mod/github.com/nmelo/x/vt@v0.0.0-20260402173550-246f6ae86935/safe_emulator.go:34
github.com/nmelo/initech/internal/tui.(*Pane).responseLoop(0x140000df188)
	/home/runner/work/initech/initech/internal/tui/pane.go:468 +0x5c
github.com/nmelo/initech/internal/tui.(*Pane).Start.func3()
	/home/runner/work/initech/initech/internal/tui/pane.go:396 +0x4c
github.com/nmelo/initech/internal/tui.(*TUI).safeGo.func1()
	/home/runner/work/initech/initech/internal/tui/crash.go:34 +0x4c
created by github.com/nmelo/initech/internal/tui.(*TUI).safeGo in goroutine 1
	/home/runner/work/initech/initech/internal/tui/crash.go:18 +0x68

goroutine 86 [chan receive]:
github.com/nmelo/initech/internal/tui.(*Pane).watchJSONL(0x140000df188)
	/home/runner/work/initech/initech/internal/tui/pane_journal.go:30 +0x9c
github.com/nmelo/initech/internal/tui.(*Pane).Start.func4()
	/home/runner/work/initech/initech/internal/tui/pane.go:398 +0x4c
github.com/nmelo/initech/internal/tui.(*TUI).safeGo.func1()
	/home/runner/work/initech/initech/internal/tui/crash.go:34 +0x4c
created by github.com/nmelo/initech/internal/tui.(*TUI).safeGo in goroutine 1
	/home/runner/work/initech/initech/internal/tui/crash.go:18 +0x68

goroutine 70 [syscall, 21 minutes]:
syscall.syscall(0x14002d5fdc8?, 0x102c51e24?, 0x800000?, 0x7ffff800000?)
	/opt/hostedtoolcache/go/1.25.0/x64/src/runtime/sys_darwin.go:27 +0x40
syscall.read(0x1400007c3c0?, {0x14000990000?, 0x14002d5fe08?, 0x103039d4c?})
	/opt/hostedtoolcache/go/1.25.0/x64/src/syscall/zsyscall_darwin_arm64.go:1245 +0x48
syscall.Read(...)
	/opt/hostedtoolcache/go/1.25.0/x64/src/syscall/syscall_unix.go:183
internal/poll.ignoringEINTRIO(...)
	/opt/hostedtoolcache/go/1.25.0/x64/src/internal/poll/fd_unix.go:738
internal/poll.(*FD).Read(0x1400007c3c0, {0x14000990000, 0x8000, 0x8000})
	/opt/hostedtoolcache/go/1.25.0/x64/src/internal/poll/fd_unix.go:161 +0x204
os.(*File).read(...)
	/opt/hostedtoolcache/go/1.25.0/x64/src/os/file_posix.go:29
os.(*File).Read(0x1400011c118, {0x14000990000?, 0xcb?, 0x8000?})
	/opt/hostedtoolcache/go/1.25.0/x64/src/os/file.go:144 +0x68
github.com/nmelo/initech/internal/tui.(*Pane).readLoop(0x140000df888)
	/home/runner/work/initech/initech/internal/tui/pane.go:405 +0x5c
github.com/nmelo/initech/internal/tui.(*Pane).Start.func2()
	/home/runner/work/initech/initech/internal/tui/pane.go:395 +0x4c
github.com/nmelo/initech/internal/tui.(*TUI).safeGo.func1()
	/home/runner/work/initech/initech/internal/tui/crash.go:34 +0x4c
created by github.com/nmelo/initech/internal/tui.(*TUI).safeGo in goroutine 1
	/home/runner/work/initech/initech/internal/tui/crash.go:18 +0x68

goroutine 71 [select, 714 minutes]:
io.(*pipe).read(0x140002182a0, {0x14000275e50, 0x100, 0x0?})
	/opt/hostedtoolcache/go/1.25.0/x64/src/io/pipe.go:57 +0x7c
io.(*PipeReader).Read(...)
	/opt/hostedtoolcache/go/1.25.0/x64/src/io/pipe.go:134
github.com/charmbracelet/x/vt.(*Emulator).Read(0x1400011c118?, {0x14000275e50?, 0xd?, 0x0?})
	/home/runner/go/pkg/mod/github.com/nmelo/x/vt@v0.0.0-20260402173550-246f6ae86935/emulator.go:256 +0x54
github.com/charmbracelet/x/vt.(*SafeEmulator).Read(...)
	/home/runner/go/pkg/mod/github.com/nmelo/x/vt@v0.0.0-20260402173550-246f6ae86935/safe_emulator.go:34
github.com/nmelo/initech/internal/tui.(*Pane).responseLoop(0x140000df888)
	/home/runner/work/initech/initech/internal/tui/pane.go:468 +0x5c
github.com/nmelo/initech/internal/tui.(*Pane).Start.func3()
	/home/runner/work/initech/initech/internal/tui/pane.go:396 +0x4c
github.com/nmelo/initech/internal/tui.(*TUI).safeGo.func1()
	/home/runner/work/initech/initech/internal/tui/crash.go:34 +0x4c
created by github.com/nmelo/initech/internal/tui.(*TUI).safeGo in goroutine 1
	/home/runner/work/initech/initech/internal/tui/crash.go:18 +0x68

goroutine 72 [runnable]:
syscall.syscall(0x1400012e140?, 0x3c?, 0x14002d60c68?, 0x10308c420?)
	/opt/hostedtoolcache/go/1.25.0/x64/src/runtime/sys_darwin.go:27 +0x40
syscall.Open({0x1400012e140?, 0x10308c204?}, 0x1100000, 0x0)
	/opt/hostedtoolcache/go/1.25.0/x64/src/syscall/zsyscall_darwin_arm64.go:1162 +0x74
os.open(...)
	/opt/hostedtoolcache/go/1.25.0/x64/src/os/file_open_unix.go:15
os.openDirNolog.func1(...)
	/opt/hostedtoolcache/go/1.25.0/x64/src/os/file_unix.go:290
os.ignoringEINTR(...)
	/opt/hostedtoolcache/go/1.25.0/x64/src/os/file_posix.go:256
os.openDirNolog({0x1400012e140, 0x3c})
	/opt/hostedtoolcache/go/1.25.0/x64/src/os/file_unix.go:289 +0x44
os.openDir({0x1400012e140, 0x3c})
	/opt/hostedtoolcache/go/1.25.0/x64/src/os/file.go:428 +0x30
os.ReadDir({0x1400012e140?, 0x1400005f808?})
	/opt/hostedtoolcache/go/1.25.0/x64/src/os/dir.go:115 +0x38
github.com/nmelo/initech/internal/tui.newestJSONL({0x1400012e140, 0x3c})
	/home/runner/work/initech/initech/internal/tui/pane_journal.go:324 +0x28
github.com/nmelo/initech/internal/tui.(*Pane).watchJSONL(0x140000df888)
	/home/runner/work/initech/initech/internal/tui/pane_journal.go:40 +0x17c
github.com/nmelo/initech/internal/tui.(*Pane).Start.func4()
	/home/runner/work/initech/initech/internal/tui/pane.go:398 +0x4c
github.com/nmelo/initech/internal/tui.(*TUI).safeGo.func1()
	/home/runner/work/initech/initech/internal/tui/crash.go:34 +0x4c
created by github.com/nmelo/initech/internal/tui.(*TUI).safeGo in goroutine 1
	/home/runner/work/initech/initech/internal/tui/crash.go:18 +0x68

goroutine 73 [syscall, 15 minutes]:
syscall.syscall(0x140002c4dc8?, 0x102c51e24?, 0x800000?, 0x7ffff800000?)
	/opt/hostedtoolcache/go/1.25.0/x64/src/runtime/sys_darwin.go:27 +0x40
syscall.read(0x1400007c4e0?, {0x14001732000?, 0x12?, 0x0?})
	/opt/hostedtoolcache/go/1.25.0/x64/src/syscall/zsyscall_darwin_arm64.go:1245 +0x48
syscall.Read(...)
	/opt/hostedtoolcache/go/1.25.0/x64/src/syscall/syscall_unix.go:183
internal/poll.ignoringEINTRIO(...)
	/opt/hostedtoolcache/go/1.25.0/x64/src/internal/poll/fd_unix.go:738
internal/poll.(*FD).Read(0x1400007c4e0, {0x14001732000, 0x8000, 0x8000})
	/opt/hostedtoolcache/go/1.25.0/x64/src/internal/poll/fd_unix.go:161 +0x204
os.(*File).read(...)
	/opt/hostedtoolcache/go/1.25.0/x64/src/os/file_posix.go:29
os.(*File).Read(0x1400011cb98, {0x14001732000?, 0xad?, 0x8000?})
	/opt/hostedtoolcache/go/1.25.0/x64/src/os/file.go:144 +0x68
github.com/nmelo/initech/internal/tui.(*Pane).readLoop(0x14000248708)
	/home/runner/work/initech/initech/internal/tui/pane.go:405 +0x5c
github.com/nmelo/initech/internal/tui.(*Pane).Start.func2()
	/home/runner/work/initech/initech/internal/tui/pane.go:395 +0x4c
github.com/nmelo/initech/internal/tui.(*TUI).safeGo.func1()
	/home/runner/work/initech/initech/internal/tui/crash.go:34 +0x4c
created by github.com/nmelo/initech/internal/tui.(*TUI).safeGo in goroutine 1
	/home/runner/work/initech/initech/internal/tui/crash.go:18 +0x68

goroutine 74 [select, 714 minutes]:
io.(*pipe).read(0x1400007c480, {0x140002c2e50, 0x100, 0x0?})
	/opt/hostedtoolcache/go/1.25.0/x64/src/io/pipe.go:57 +0x7c
io.(*PipeReader).Read(...)
	/opt/hostedtoolcache/go/1.25.0/x64/src/io/pipe.go:134
github.com/charmbracelet/x/vt.(*Emulator).Read(0x1400011cb98?, {0x140002c2e50?, 0x18?, 0x0?})
	/home/runner/go/pkg/mod/github.com/nmelo/x/vt@v0.0.0-20260402173550-246f6ae86935/emulator.go:256 +0x54
github.com/charmbracelet/x/vt.(*SafeEmulator).Read(...)
	/home/runner/go/pkg/mod/github.com/nmelo/x/vt@v0.0.0-20260402173550-246f6ae86935/safe_emulator.go:34
github.com/nmelo/initech/internal/tui.(*Pane).responseLoop(0x14000248708)
	/home/runner/work/initech/initech/internal/tui/pane.go:468 +0x5c
github.com/nmelo/initech/internal/tui.(*Pane).Start.func3()
	/home/runner/work/initech/initech/internal/tui/pane.go:396 +0x4c
github.com/nmelo/initech/internal/tui.(*TUI).safeGo.func1()
	/home/runner/work/initech/initech/internal/tui/crash.go:34 +0x4c
created by github.com/nmelo/initech/internal/tui.(*TUI).safeGo in goroutine 1
	/home/runner/work/initech/initech/internal/tui/crash.go:18 +0x68

goroutine 75 [runnable]:
github.com/nmelo/initech/internal/tui.(*Pane).watchJSONL(0x14000248708)
	/home/runner/work/initech/initech/internal/tui/pane_journal.go:30 +0x9c
github.com/nmelo/initech/internal/tui.(*Pane).Start.func4()
	/home/runner/work/initech/initech/internal/tui/pane.go:398 +0x4c
github.com/nmelo/initech/internal/tui.(*TUI).safeGo.func1()
	/home/runner/work/initech/initech/internal/tui/crash.go:34 +0x4c
created by github.com/nmelo/initech/internal/tui.(*TUI).safeGo in goroutine 1
	/home/runner/work/initech/initech/internal/tui/crash.go:18 +0x68

goroutine 76 [syscall, 714 minutes]:
syscall.syscall(0x14000277dc8?, 0x102c51e24?, 0x800000?, 0x7ffff800000?)
	/opt/hostedtoolcache/go/1.25.0/x64/src/runtime/sys_darwin.go:27 +0x40
syscall.read(0x1400007c600?, {0x14001bf8000?, 0x14000277e08?, 0x103039d4c?})
	/opt/hostedtoolcache/go/1.25.0/x64/src/syscall/zsyscall_darwin_arm64.go:1245 +0x48
syscall.Read(...)
	/opt/hostedtoolcache/go/1.25.0/x64/src/syscall/syscall_unix.go:183
internal/poll.ignoringEINTRIO(...)
	/opt/hostedtoolcache/go/1.25.0/x64/src/internal/poll/fd_unix.go:738
internal/poll.(*FD).Read(0x1400007c600, {0x14001bf8000, 0x8000, 0x8000})
	/opt/hostedtoolcache/go/1.25.0/x64/src/internal/poll/fd_unix.go:161 +0x204
os.(*File).read(...)
	/opt/hostedtoolcache/go/1.25.0/x64/src/os/file_posix.go:29
os.(*File).Read(0x1400011ceb0, {0x14001bf8000?, 0x27?, 0x8000?})
	/opt/hostedtoolcache/go/1.25.0/x64/src/os/file.go:144 +0x68
github.com/nmelo/initech/internal/tui.(*Pane).readLoop(0x14000248e08)
	/home/runner/work/initech/initech/internal/tui/pane.go:405 +0x5c
github.com/nmelo/initech/internal/tui.(*Pane).Start.func2()
	/home/runner/work/initech/initech/internal/tui/pane.go:395 +0x4c
github.com/nmelo/initech/internal/tui.(*TUI).safeGo.func1()
	/home/runner/work/initech/initech/internal/tui/crash.go:34 +0x4c
created by github.com/nmelo/initech/internal/tui.(*TUI).safeGo in goroutine 1
	/home/runner/work/initech/initech/internal/tui/crash.go:18 +0x68

goroutine 77 [select, 714 minutes]:
io.(*pipe).read(0x1400007c5a0, {0x14000272e50, 0x100, 0x0?})
	/opt/hostedtoolcache/go/1.25.0/x64/src/io/pipe.go:57 +0x7c
io.(*PipeReader).Read(...)
	/opt/hostedtoolcache/go/1.25.0/x64/src/io/pipe.go:134
github.com/charmbracelet/x/vt.(*Emulator).Read(0x1400011ceb0?, {0x14000272e50?, 0xd?, 0x0?})
	/home/runner/go/pkg/mod/github.com/nmelo/x/vt@v0.0.0-20260402173550-246f6ae86935/emulator.go:256 +0x54
github.com/charmbracelet/x/vt.(*SafeEmulator).Read(...)
	/home/runner/go/pkg/mod/github.com/nmelo/x/vt@v0.0.0-20260402173550-246f6ae86935/safe_emulator.go:34
github.com/nmelo/initech/internal/tui.(*Pane).responseLoop(0x14000248e08)
	/home/runner/work/initech/initech/internal/tui/pane.go:468 +0x5c
github.com/nmelo/initech/internal/tui.(*Pane).Start.func3()
	/home/runner/work/initech/initech/internal/tui/pane.go:396 +0x4c
github.com/nmelo/initech/internal/tui.(*TUI).safeGo.func1()
	/home/runner/work/initech/initech/internal/tui/crash.go:34 +0x4c
created by github.com/nmelo/initech/internal/tui.(*TUI).safeGo in goroutine 1
	/home/runner/work/initech/initech/internal/tui/crash.go:18 +0x68

goroutine 78 [runnable]:
github.com/nmelo/initech/internal/tui.(*Pane).watchJSONL(0x14000248e08)
	/home/runner/work/initech/initech/internal/tui/pane_journal.go:30 +0x9c
github.com/nmelo/initech/internal/tui.(*Pane).Start.func4()
	/home/runner/work/initech/initech/internal/tui/pane.go:398 +0x4c
github.com/nmelo/initech/internal/tui.(*TUI).safeGo.func1()
	/home/runner/work/initech/initech/internal/tui/crash.go:34 +0x4c
created by github.com/nmelo/initech/internal/tui.(*TUI).safeGo in goroutine 1
	/home/runner/work/initech/initech/internal/tui/crash.go:18 +0x68

goroutine 97 [select]:
github.com/nmelo/initech/internal/tui.(*TUI).startBatteryPoller.func1()
	/home/runner/work/initech/initech/internal/tui/poll.go:93 +0xac
github.com/nmelo/initech/internal/tui.(*TUI).safeGo.func1()
	/home/runner/work/initech/initech/internal/tui/crash.go:34 +0x4c
created by github.com/nmelo/initech/internal/tui.(*TUI).safeGo in goroutine 1
	/home/runner/work/initech/initech/internal/tui/crash.go:18 +0x68

goroutine 98 [select, 95 minutes]:
github.com/gdamore/tcell/v2.(*baseScreen).PollEvent(0x140000a6f70)
	/home/runner/go/pkg/mod/github.com/gdamore/tcell/v2@v2.13.8/screen.go:511 +0x74
github.com/nmelo/initech/internal/tui.Run.func15()
	/home/runner/work/initech/initech/internal/tui/tui.go:927 +0x50
github.com/nmelo/initech/internal/tui.(*TUI).safeGo.func1()
	/home/runner/work/initech/initech/internal/tui/crash.go:34 +0x4c
created by github.com/nmelo/initech/internal/tui.(*TUI).safeGo in goroutine 1
	/home/runner/work/initech/initech/internal/tui/crash.go:18 +0x68

=== RENDER WATCHDOG ===
Time:      2026-05-02T03:07:59+08:00
Version:   1.17.17
Go:        go1.25.0
Stale for: 12s
Diagnosis: No render completed in 12s. Main loop is likely blocked.

--- All Goroutine Stacks ---
goroutine 100 [running]:
github.com/nmelo/initech/internal/tui.dumpWatchdogStacks({0x140000e6258, 0x18}, {0x10343c230, 0x7}, 0x2d1797ab0)
	/home/runner/work/initech/initech/internal/tui/watchdog.go:51 +0x5c
github.com/nmelo/initech/internal/tui.renderWatchdog(0x140000d3468, 0x2540be400, {0x140000e6258, 0x18}, {0x10343c230, 0x7}, 0x140002a4310)
	/home/runner/work/initech/initech/internal/tui/watchdog.go:35 +0x158
created by github.com/nmelo/initech/internal/tui.Run in goroutine 1
	/home/runner/work/initech/initech/internal/tui/tui.go:946 +0x2408

goroutine 1 [syscall]:
syscall.syscall(0x1400004c638?, 0x102c5371c?, 0x80000000000?, 0x7ffff80000000000?)
	/opt/hostedtoolcache/go/1.25.0/x64/src/runtime/sys_darwin.go:27 +0x40
syscall.write(0x140000ac480?, {0x14001e98000?, 0x1?, 0x6?})
	/opt/hostedtoolcache/go/1.25.0/x64/src/syscall/zsyscall_darwin_arm64.go:1709 +0x48
syscall.Write(...)
	/opt/hostedtoolcache/go/1.25.0/x64/src/syscall/syscall_unix.go:211
internal/poll.ignoringEINTRIO(...)
	/opt/hostedtoolcache/go/1.25.0/x64/src/internal/poll/fd_unix.go:738
internal/poll.(*FD).Write(0x140000ac480, {0x14001e98000, 0x455b, 0x8000})
	/opt/hostedtoolcache/go/1.25.0/x64/src/internal/poll/fd_unix.go:374 +0x2b4
os.(*File).write(...)
	/opt/hostedtoolcache/go/1.25.0/x64/src/os/file_posix.go:46
os.(*File).Write(0x140000b4020, {0x14001e98000?, 0x455b, 0x102ce7740?})
	/opt/hostedtoolcache/go/1.25.0/x64/src/os/file.go:215 +0x54
github.com/gdamore/tcell/v2.(*devTty).Write(0x103441e90?, {0x14001e98000?, 0x1034421d0?, 0x1032e1c2e?})
	/home/runner/go/pkg/mod/github.com/gdamore/tcell/v2@v2.13.8/tty_unix.go:53 +0x24
bytes.(*Buffer).WriteTo(0x1400028c468, {0x1040b4400?, 0x140000ac600?})
	/opt/hostedtoolcache/go/1.25.0/x64/src/bytes/buffer.go:267 +0x70
github.com/gdamore/tcell/v2.(*tScreen).draw(0x1400028c408)
	/home/runner/go/pkg/mod/github.com/gdamore/tcell/v2@v2.13.8/tscreen.go:787 +0x160
github.com/gdamore/tcell/v2.(*tScreen).Show(0x1400028c408)
	/home/runner/go/pkg/mod/github.com/gdamore/tcell/v2@v2.13.8/tscreen.go:714 +0x9c
github.com/nmelo/initech/internal/tui.(*TUI).render(0x140000d3088)
	/home/runner/work/initech/initech/internal/tui/render.go:119 +0x884
github.com/nmelo/initech/internal/tui.Run({{0x14000290288, 0x5, 0x5}, {0x140000cc970, 0xa}, {0x140000e6258, 0x18}, 0x0, 0x0, {0x10343c230, ...}, ...})
	/home/runner/work/initech/initech/internal/tui/tui.go:998 +0x27c8
github.com/nmelo/initech/cmd.runTUI(0x103dbe520, {0x1032dcf61?, 0x4?, 0x1032dd029?})
	/home/runner/work/initech/initech/cmd/root.go:286 +0x820
github.com/spf13/cobra.(*Command).execute(0x103dbe520, {0x14000126040, 0x0, 0x0})
	/home/runner/go/pkg/mod/github.com/spf13/cobra@v1.10.2/command.go:1015 +0x7d4
github.com/spf13/cobra.(*Command).ExecuteC(0x103dbe520)
	/home/runner/go/pkg/mod/github.com/spf13/cobra@v1.10.2/command.go:1148 +0x350
github.com/spf13/cobra.(*Command).Execute(...)
	/home/runner/go/pkg/mod/github.com/spf13/cobra@v1.10.2/command.go:1071
github.com/nmelo/initech/cmd.init.func4()
	/home/runner/work/initech/initech/cmd/root.go:41 +0x24
github.com/nmelo/initech/cmd.Execute()
	/home/runner/work/initech/initech/cmd/root.go:134 +0x28
main.main()
	/home/runner/work/initech/initech/main.go:7 +0x1c

goroutine 13 [select, 715 minutes]:
github.com/gdamore/tcell/v2.(*devTty).Start.func1(0x140002a40e0)
	/home/runner/go/pkg/mod/github.com/gdamore/tcell/v2@v2.13.8/tty_unix.go:94 +0x8c
created by github.com/gdamore/tcell/v2.(*devTty).Start in goroutine 1
	/home/runner/go/pkg/mod/github.com/gdamore/tcell/v2@v2.13.8/tty_unix.go:91 +0x20c

goroutine 15 [syscall, 715 minutes]:
os/signal.signal_recv()
	/opt/hostedtoolcache/go/1.25.0/x64/src/runtime/sigqueue.go:149 +0x2c
os/signal.loop()
	/opt/hostedtoolcache/go/1.25.0/x64/src/os/signal/signal_unix.go:23 +0x1c
created by os/signal.Notify.func1.1 in goroutine 1
	/opt/hostedtoolcache/go/1.25.0/x64/src/os/signal/signal.go:152 +0x28

goroutine 16 [syscall, 96 minutes]:
syscall.syscall(0x14000106598?, 0x102c51e24?, 0x800000?, 0x7ffff800000?)
	/opt/hostedtoolcache/go/1.25.0/x64/src/runtime/sys_darwin.go:27 +0x40
syscall.read(0x140000ac480?, {0x140030bfa80?, 0x14000106608?, 0x102b6f838?})
	/opt/hostedtoolcache/go/1.25.0/x64/src/syscall/zsyscall_darwin_arm64.go:1245 +0x48
syscall.Read(...)
	/opt/hostedtoolcache/go/1.25.0/x64/src/syscall/syscall_unix.go:183
internal/poll.ignoringEINTRIO(...)
	/opt/hostedtoolcache/go/1.25.0/x64/src/internal/poll/fd_unix.go:738
internal/poll.(*FD).Read(0x140000ac480, {0x140030bfa80, 0x80, 0x80})
	/opt/hostedtoolcache/go/1.25.0/x64/src/internal/poll/fd_unix.go:161 +0x204
os.(*File).read(...)
	/opt/hostedtoolcache/go/1.25.0/x64/src/os/file_posix.go:29
os.(*File).Read(0x140000b4020, {0x140030bfa80?, 0x1?, 0x0?})
	/opt/hostedtoolcache/go/1.25.0/x64/src/os/file.go:144 +0x68
github.com/gdamore/tcell/v2.(*devTty).Read(0x0?, {0x140030bfa80?, 0x80?, 0x80?})
	/home/runner/go/pkg/mod/github.com/gdamore/tcell/v2@v2.13.8/tty_unix.go:49 +0x24
github.com/gdamore/tcell/v2.(*tScreen).inputLoop(0x1400028c408, 0x140002a42a0)
	/home/runner/go/pkg/mod/github.com/gdamore/tcell/v2@v2.13.8/tscreen.go:1051 +0xa4
created by github.com/gdamore/tcell/v2.(*tScreen).engage in goroutine 1
	/home/runner/go/pkg/mod/github.com/gdamore/tcell/v2@v2.13.8/tscreen.go:1211 +0x374

goroutine 49 [select, 96 minutes]:
github.com/gdamore/tcell/v2.(*tScreen).mainLoop(0x1400028c408, 0x140002a42a0)
	/home/runner/go/pkg/mod/github.com/gdamore/tcell/v2@v2.13.8/tscreen.go:1020 +0xbc
created by github.com/gdamore/tcell/v2.(*tScreen).engage in goroutine 1
	/home/runner/go/pkg/mod/github.com/gdamore/tcell/v2@v2.13.8/tscreen.go:1212 +0x3bc

goroutine 50 [chan receive, 715 minutes]:
github.com/nmelo/initech/internal/tui.installSignalHandlers.func1()
	/home/runner/work/initech/initech/internal/tui/signals.go:55 +0x4c
created by github.com/nmelo/initech/internal/tui.installSignalHandlers in goroutine 1
	/home/runner/work/initech/initech/internal/tui/signals.go:54 +0x11c

goroutine 51 [chan receive, 715 minutes]:
github.com/nmelo/initech/internal/telemetry.(*Client).sender(0x140000dc380)
	/home/runner/work/initech/initech/internal/telemetry/telemetry.go:126 +0xcc
created by github.com/nmelo/initech/internal/telemetry.Init in goroutine 1
	/home/runner/work/initech/initech/internal/telemetry/telemetry.go:62 +0x134

goroutine 52 [IO wait, 715 minutes]:
internal/poll.runtime_pollWait(0x14aa91000, 0x72)
	/opt/hostedtoolcache/go/1.25.0/x64/src/runtime/netpoll.go:351 +0xa0
internal/poll.(*pollDesc).wait(0x140001a4080?, 0x0?, 0x0)
	/opt/hostedtoolcache/go/1.25.0/x64/src/internal/poll/fd_poll_runtime.go:84 +0x28
internal/poll.(*pollDesc).waitRead(...)
	/opt/hostedtoolcache/go/1.25.0/x64/src/internal/poll/fd_poll_runtime.go:89
internal/poll.(*FD).Accept(0x140001a4080)
	/opt/hostedtoolcache/go/1.25.0/x64/src/internal/poll/fd_unix.go:613 +0x21c
net.(*netFD).accept(0x140001a4080)
	/opt/hostedtoolcache/go/1.25.0/x64/src/net/fd_unix.go:161 +0x28
net.(*UnixListener).accept(0x2baa1f35a874?)
	/opt/hostedtoolcache/go/1.25.0/x64/src/net/unixsock_posix.go:172 +0x20
net.(*UnixListener).Accept(0x140000b06f0)
	/opt/hostedtoolcache/go/1.25.0/x64/src/net/unixsock.go:260 +0x2c
github.com/nmelo/initech/internal/tui.(*TUI).startIPC.func1()
	/home/runner/work/initech/initech/internal/tui/ipc.go:85 +0x58
github.com/nmelo/initech/internal/tui.(*TUI).safeGo.func1()
	/home/runner/work/initech/initech/internal/tui/crash.go:34 +0x4c
created by github.com/nmelo/initech/internal/tui.(*TUI).safeGo in goroutine 1
	/home/runner/work/initech/initech/internal/tui/crash.go:18 +0x68

goroutine 81 [syscall, 95 minutes]:
syscall.syscall(0x14000274dc8?, 0x102c51e24?, 0x800000?, 0x7ffff800000?)
	/opt/hostedtoolcache/go/1.25.0/x64/src/runtime/sys_darwin.go:27 +0x40
syscall.read(0x140002180c0?, {0x14000110000?, 0x14000274e08?, 0x103039d4c?})
	/opt/hostedtoolcache/go/1.25.0/x64/src/syscall/zsyscall_darwin_arm64.go:1245 +0x48
syscall.Read(...)
	/opt/hostedtoolcache/go/1.25.0/x64/src/syscall/syscall_unix.go:183
internal/poll.ignoringEINTRIO(...)
	/opt/hostedtoolcache/go/1.25.0/x64/src/internal/poll/fd_unix.go:738
internal/poll.(*FD).Read(0x140002180c0, {0x14000110000, 0x8000, 0x8000})
	/opt/hostedtoolcache/go/1.25.0/x64/src/internal/poll/fd_unix.go:161 +0x204
os.(*File).read(...)
	/opt/hostedtoolcache/go/1.25.0/x64/src/os/file_posix.go:29
os.(*File).Read(0x1400011c0e8, {0x14000110000?, 0xa3?, 0x8000?})
	/opt/hostedtoolcache/go/1.25.0/x64/src/os/file.go:144 +0x68
github.com/nmelo/initech/internal/tui.(*Pane).readLoop(0x140000dea88)
	/home/runner/work/initech/initech/internal/tui/pane.go:405 +0x5c
github.com/nmelo/initech/internal/tui.(*Pane).Start.func2()
	/home/runner/work/initech/initech/internal/tui/pane.go:395 +0x4c
github.com/nmelo/initech/internal/tui.(*TUI).safeGo.func1()
	/home/runner/work/initech/initech/internal/tui/crash.go:34 +0x4c
created by github.com/nmelo/initech/internal/tui.(*TUI).safeGo in goroutine 1
	/home/runner/work/initech/initech/internal/tui/crash.go:18 +0x68

goroutine 82 [select, 95 minutes]:
io.(*pipe).read(0x140000ac720, {0x140002bee50, 0x100, 0x0?})
	/opt/hostedtoolcache/go/1.25.0/x64/src/io/pipe.go:57 +0x7c
io.(*PipeReader).Read(...)
	/opt/hostedtoolcache/go/1.25.0/x64/src/io/pipe.go:134
github.com/charmbracelet/x/vt.(*Emulator).Read(0x1400011c0e8?, {0x140002bee50?, 0xb?, 0x0?})
	/home/runner/go/pkg/mod/github.com/nmelo/x/vt@v0.0.0-20260402173550-246f6ae86935/emulator.go:256 +0x54
github.com/charmbracelet/x/vt.(*SafeEmulator).Read(...)
	/home/runner/go/pkg/mod/github.com/nmelo/x/vt@v0.0.0-20260402173550-246f6ae86935/safe_emulator.go:34
github.com/nmelo/initech/internal/tui.(*Pane).responseLoop(0x140000dea88)
	/home/runner/work/initech/initech/internal/tui/pane.go:468 +0x5c
github.com/nmelo/initech/internal/tui.(*Pane).Start.func3()
	/home/runner/work/initech/initech/internal/tui/pane.go:396 +0x4c
github.com/nmelo/initech/internal/tui.(*TUI).safeGo.func1()
	/home/runner/work/initech/initech/internal/tui/crash.go:34 +0x4c
created by github.com/nmelo/initech/internal/tui.(*TUI).safeGo in goroutine 1
	/home/runner/work/initech/initech/internal/tui/crash.go:18 +0x68

goroutine 83 [runnable]:
syscall.syscallPtr(0x0?, 0x0?, 0x0?, 0x102c55b40?)
	/opt/hostedtoolcache/go/1.25.0/x64/src/runtime/sys_darwin.go:101 +0x40
syscall.fdopendir(0x103f185c0?)
	/opt/hostedtoolcache/go/1.25.0/x64/src/syscall/syscall_darwin.go:235 +0x34
internal/poll.(*FD).OpenDir(0x10?)
	/opt/hostedtoolcache/go/1.25.0/x64/src/internal/poll/fd_opendir_darwin.go:24 +0x40
os.(*File).readdir(0x1400011d018, 0xffffffffffffffff, 0x1)
	/opt/hostedtoolcache/go/1.25.0/x64/src/os/dir_darwin.go:35 +0x5c
os.(*File).ReadDir(0x1400012e000?, 0x3d?)
	/opt/hostedtoolcache/go/1.25.0/x64/src/os/dir.go:101 +0x24
os.ReadDir({0x1400012e000?, 0x14000058608?})
	/opt/hostedtoolcache/go/1.25.0/x64/src/os/dir.go:121 +0x94
github.com/nmelo/initech/internal/tui.newestJSONL({0x1400012e000, 0x3d})
	/home/runner/work/initech/initech/internal/tui/pane_journal.go:324 +0x28
github.com/nmelo/initech/internal/tui.(*Pane).watchJSONL(0x140000dea88)
	/home/runner/work/initech/initech/internal/tui/pane_journal.go:40 +0x17c
github.com/nmelo/initech/internal/tui.(*Pane).Start.func4()
	/home/runner/work/initech/initech/internal/tui/pane.go:398 +0x4c
github.com/nmelo/initech/internal/tui.(*TUI).safeGo.func1()
	/home/runner/work/initech/initech/internal/tui/crash.go:34 +0x4c
created by github.com/nmelo/initech/internal/tui.(*TUI).safeGo in goroutine 1
	/home/runner/work/initech/initech/internal/tui/crash.go:18 +0x68

goroutine 84 [syscall, 115 minutes]:
syscall.syscall(0x14002d62dc8?, 0x102c51e24?, 0x800000?, 0x7ffff800000?)
	/opt/hostedtoolcache/go/1.25.0/x64/src/runtime/sys_darwin.go:27 +0x40
syscall.read(0x140002181e0?, {0x14000df2000?, 0x14002d62e08?, 0x103039d4c?})
	/opt/hostedtoolcache/go/1.25.0/x64/src/syscall/zsyscall_darwin_arm64.go:1245 +0x48
syscall.Read(...)
	/opt/hostedtoolcache/go/1.25.0/x64/src/syscall/syscall_unix.go:183
internal/poll.ignoringEINTRIO(...)
	/opt/hostedtoolcache/go/1.25.0/x64/src/internal/poll/fd_unix.go:738
internal/poll.(*FD).Read(0x140002181e0, {0x14000df2000, 0x8000, 0x8000})
	/opt/hostedtoolcache/go/1.25.0/x64/src/internal/poll/fd_unix.go:161 +0x204
os.(*File).read(...)
	/opt/hostedtoolcache/go/1.25.0/x64/src/os/file_posix.go:29
os.(*File).Read(0x1400011c570, {0x14000df2000?, 0x5d?, 0x8000?})
	/opt/hostedtoolcache/go/1.25.0/x64/src/os/file.go:144 +0x68
github.com/nmelo/initech/internal/tui.(*Pane).readLoop(0x140000df188)
	/home/runner/work/initech/initech/internal/tui/pane.go:405 +0x5c
github.com/nmelo/initech/internal/tui.(*Pane).Start.func2()
	/home/runner/work/initech/initech/internal/tui/pane.go:395 +0x4c
github.com/nmelo/initech/internal/tui.(*TUI).safeGo.func1()
	/home/runner/work/initech/initech/internal/tui/crash.go:34 +0x4c
created by github.com/nmelo/initech/internal/tui.(*TUI).safeGo in goroutine 1
	/home/runner/work/initech/initech/internal/tui/crash.go:18 +0x68

goroutine 85 [select, 115 minutes]:
io.(*pipe).read(0x14000218180, {0x140002bfe50, 0x100, 0x0?})
	/opt/hostedtoolcache/go/1.25.0/x64/src/io/pipe.go:57 +0x7c
io.(*PipeReader).Read(...)
	/opt/hostedtoolcache/go/1.25.0/x64/src/io/pipe.go:134
github.com/charmbracelet/x/vt.(*Emulator).Read(0x1400011c570?, {0x140002bfe50?, 0xb?, 0x0?})
	/home/runner/go/pkg/mod/github.com/nmelo/x/vt@v0.0.0-20260402173550-246f6ae86935/emulator.go:256 +0x54
github.com/charmbracelet/x/vt.(*SafeEmulator).Read(...)
	/home/runner/go/pkg/mod/github.com/nmelo/x/vt@v0.0.0-20260402173550-246f6ae86935/safe_emulator.go:34
github.com/nmelo/initech/internal/tui.(*Pane).responseLoop(0x140000df188)
	/home/runner/work/initech/initech/internal/tui/pane.go:468 +0x5c
github.com/nmelo/initech/internal/tui.(*Pane).Start.func3()
	/home/runner/work/initech/initech/internal/tui/pane.go:396 +0x4c
github.com/nmelo/initech/internal/tui.(*TUI).safeGo.func1()
	/home/runner/work/initech/initech/internal/tui/crash.go:34 +0x4c
created by github.com/nmelo/initech/internal/tui.(*TUI).safeGo in goroutine 1
	/home/runner/work/initech/initech/internal/tui/crash.go:18 +0x68

goroutine 86 [chan receive]:
github.com/nmelo/initech/internal/tui.(*Pane).watchJSONL(0x140000df188)
	/home/runner/work/initech/initech/internal/tui/pane_journal.go:30 +0x9c
github.com/nmelo/initech/internal/tui.(*Pane).Start.func4()
	/home/runner/work/initech/initech/internal/tui/pane.go:398 +0x4c
github.com/nmelo/initech/internal/tui.(*TUI).safeGo.func1()
	/home/runner/work/initech/initech/internal/tui/crash.go:34 +0x4c
created by github.com/nmelo/initech/internal/tui.(*TUI).safeGo in goroutine 1
	/home/runner/work/initech/initech/internal/tui/crash.go:18 +0x68

goroutine 70 [syscall, 22 minutes]:
syscall.syscall(0x14002d5fdc8?, 0x102c51e24?, 0x800000?, 0x7ffff800000?)
	/opt/hostedtoolcache/go/1.25.0/x64/src/runtime/sys_darwin.go:27 +0x40
syscall.read(0x1400007c3c0?, {0x14000990000?, 0x14002d5fe08?, 0x103039d4c?})
	/opt/hostedtoolcache/go/1.25.0/x64/src/syscall/zsyscall_darwin_arm64.go:1245 +0x48
syscall.Read(...)
	/opt/hostedtoolcache/go/1.25.0/x64/src/syscall/syscall_unix.go:183
internal/poll.ignoringEINTRIO(...)
	/opt/hostedtoolcache/go/1.25.0/x64/src/internal/poll/fd_unix.go:738
internal/poll.(*FD).Read(0x1400007c3c0, {0x14000990000, 0x8000, 0x8000})
	/opt/hostedtoolcache/go/1.25.0/x64/src/internal/poll/fd_unix.go:161 +0x204
os.(*File).read(...)
	/opt/hostedtoolcache/go/1.25.0/x64/src/os/file_posix.go:29
os.(*File).Read(0x1400011c118, {0x14000990000?, 0xcb?, 0x8000?})
	/opt/hostedtoolcache/go/1.25.0/x64/src/os/file.go:144 +0x68
github.com/nmelo/initech/internal/tui.(*Pane).readLoop(0x140000df888)
	/home/runner/work/initech/initech/internal/tui/pane.go:405 +0x5c
github.com/nmelo/initech/internal/tui.(*Pane).Start.func2()
	/home/runner/work/initech/initech/internal/tui/pane.go:395 +0x4c
github.com/nmelo/initech/internal/tui.(*TUI).safeGo.func1()
	/home/runner/work/initech/initech/internal/tui/crash.go:34 +0x4c
created by github.com/nmelo/initech/internal/tui.(*TUI).safeGo in goroutine 1
	/home/runner/work/initech/initech/internal/tui/crash.go:18 +0x68

goroutine 71 [select, 715 minutes]:
io.(*pipe).read(0x140002182a0, {0x14000275e50, 0x100, 0x0?})
	/opt/hostedtoolcache/go/1.25.0/x64/src/io/pipe.go:57 +0x7c
io.(*PipeReader).Read(...)
	/opt/hostedtoolcache/go/1.25.0/x64/src/io/pipe.go:134
github.com/charmbracelet/x/vt.(*Emulator).Read(0x1400011c118?, {0x14000275e50?, 0xd?, 0x0?})
	/home/runner/go/pkg/mod/github.com/nmelo/x/vt@v0.0.0-20260402173550-246f6ae86935/emulator.go:256 +0x54
github.com/charmbracelet/x/vt.(*SafeEmulator).Read(...)
	/home/runner/go/pkg/mod/github.com/nmelo/x/vt@v0.0.0-20260402173550-246f6ae86935/safe_emulator.go:34
github.com/nmelo/initech/internal/tui.(*Pane).responseLoop(0x140000df888)
	/home/runner/work/initech/initech/internal/tui/pane.go:468 +0x5c
github.com/nmelo/initech/internal/tui.(*Pane).Start.func3()
	/home/runner/work/initech/initech/internal/tui/pane.go:396 +0x4c
github.com/nmelo/initech/internal/tui.(*TUI).safeGo.func1()
	/home/runner/work/initech/initech/internal/tui/crash.go:34 +0x4c
created by github.com/nmelo/initech/internal/tui.(*TUI).safeGo in goroutine 1
	/home/runner/work/initech/initech/internal/tui/crash.go:18 +0x68

goroutine 72 [runnable]:
syscall.syscall(0x1400012e140?, 0x3c?, 0x14002d60c68?, 0x10308c420?)
	/opt/hostedtoolcache/go/1.25.0/x64/src/runtime/sys_darwin.go:27 +0x40
syscall.Open({0x1400012e140?, 0x10308c204?}, 0x1100000, 0x0)
	/opt/hostedtoolcache/go/1.25.0/x64/src/syscall/zsyscall_darwin_arm64.go:1162 +0x74
os.open(...)
	/opt/hostedtoolcache/go/1.25.0/x64/src/os/file_open_unix.go:15
os.openDirNolog.func1(...)
	/opt/hostedtoolcache/go/1.25.0/x64/src/os/file_unix.go:290
os.ignoringEINTR(...)
	/opt/hostedtoolcache/go/1.25.0/x64/src/os/file_posix.go:256
os.openDirNolog({0x1400012e140, 0x3c})
	/opt/hostedtoolcache/go/1.25.0/x64/src/os/file_unix.go:289 +0x44
os.openDir({0x1400012e140, 0x3c})
	/opt/hostedtoolcache/go/1.25.0/x64/src/os/file.go:428 +0x30
os.ReadDir({0x1400012e140?, 0x1400005ac08?})
	/opt/hostedtoolcache/go/1.25.0/x64/src/os/dir.go:115 +0x38
github.com/nmelo/initech/internal/tui.newestJSONL({0x1400012e140, 0x3c})
	/home/runner/work/initech/initech/internal/tui/pane_journal.go:324 +0x28
github.com/nmelo/initech/internal/tui.(*Pane).watchJSONL(0x140000df888)
	/home/runner/work/initech/initech/internal/tui/pane_journal.go:40 +0x17c
github.com/nmelo/initech/internal/tui.(*Pane).Start.func4()
	/home/runner/work/initech/initech/internal/tui/pane.go:398 +0x4c
github.com/nmelo/initech/internal/tui.(*TUI).safeGo.func1()
	/home/runner/work/initech/initech/internal/tui/crash.go:34 +0x4c
created by github.com/nmelo/initech/internal/tui.(*TUI).safeGo in goroutine 1
	/home/runner/work/initech/initech/internal/tui/crash.go:18 +0x68

goroutine 73 [syscall, 15 minutes]:
syscall.syscall(0x140002c4dc8?, 0x102c51e24?, 0x800000?, 0x7ffff800000?)
	/opt/hostedtoolcache/go/1.25.0/x64/src/runtime/sys_darwin.go:27 +0x40
syscall.read(0x1400007c4e0?, {0x14001732000?, 0x12?, 0x0?})
	/opt/hostedtoolcache/go/1.25.0/x64/src/syscall/zsyscall_darwin_arm64.go:1245 +0x48
syscall.Read(...)
	/opt/hostedtoolcache/go/1.25.0/x64/src/syscall/syscall_unix.go:183
internal/poll.ignoringEINTRIO(...)
	/opt/hostedtoolcache/go/1.25.0/x64/src/internal/poll/fd_unix.go:738
internal/poll.(*FD).Read(0x1400007c4e0, {0x14001732000, 0x8000, 0x8000})
	/opt/hostedtoolcache/go/1.25.0/x64/src/internal/poll/fd_unix.go:161 +0x204
os.(*File).read(...)
	/opt/hostedtoolcache/go/1.25.0/x64/src/os/file_posix.go:29
os.(*File).Read(0x1400011cb98, {0x14001732000?, 0xad?, 0x8000?})
	/opt/hostedtoolcache/go/1.25.0/x64/src/os/file.go:144 +0x68
github.com/nmelo/initech/internal/tui.(*Pane).readLoop(0x14000248708)
	/home/runner/work/initech/initech/internal/tui/pane.go:405 +0x5c
github.com/nmelo/initech/internal/tui.(*Pane).Start.func2()
	/home/runner/work/initech/initech/internal/tui/pane.go:395 +0x4c
github.com/nmelo/initech/internal/tui.(*TUI).safeGo.func1()
	/home/runner/work/initech/initech/internal/tui/crash.go:34 +0x4c
created by github.com/nmelo/initech/internal/tui.(*TUI).safeGo in goroutine 1
	/home/runner/work/initech/initech/internal/tui/crash.go:18 +0x68

goroutine 74 [select, 715 minutes]:
io.(*pipe).read(0x1400007c480, {0x140002c2e50, 0x100, 0x0?})
	/opt/hostedtoolcache/go/1.25.0/x64/src/io/pipe.go:57 +0x7c
io.(*PipeReader).Read(...)
	/opt/hostedtoolcache/go/1.25.0/x64/src/io/pipe.go:134
github.com/charmbracelet/x/vt.(*Emulator).Read(0x1400011cb98?, {0x140002c2e50?, 0x18?, 0x0?})
	/home/runner/go/pkg/mod/github.com/nmelo/x/vt@v0.0.0-20260402173550-246f6ae86935/emulator.go:256 +0x54
github.com/charmbracelet/x/vt.(*SafeEmulator).Read(...)
	/home/runner/go/pkg/mod/github.com/nmelo/x/vt@v0.0.0-20260402173550-246f6ae86935/safe_emulator.go:34
github.com/nmelo/initech/internal/tui.(*Pane).responseLoop(0x14000248708)
	/home/runner/work/initech/initech/internal/tui/pane.go:468 +0x5c
github.com/nmelo/initech/internal/tui.(*Pane).Start.func3()
	/home/runner/work/initech/initech/internal/tui/pane.go:396 +0x4c
github.com/nmelo/initech/internal/tui.(*TUI).safeGo.func1()
	/home/runner/work/initech/initech/internal/tui/crash.go:34 +0x4c
created by github.com/nmelo/initech/internal/tui.(*TUI).safeGo in goroutine 1
	/home/runner/work/initech/initech/internal/tui/crash.go:18 +0x68

goroutine 75 [chan receive]:
github.com/nmelo/initech/internal/tui.(*Pane).watchJSONL(0x14000248708)
	/home/runner/work/initech/initech/internal/tui/pane_journal.go:30 +0x9c
github.com/nmelo/initech/internal/tui.(*Pane).Start.func4()
	/home/runner/work/initech/initech/internal/tui/pane.go:398 +0x4c
github.com/nmelo/initech/internal/tui.(*TUI).safeGo.func1()
	/home/runner/work/initech/initech/internal/tui/crash.go:34 +0x4c
created by github.com/nmelo/initech/internal/tui.(*TUI).safeGo in goroutine 1
	/home/runner/work/initech/initech/internal/tui/crash.go:18 +0x68

goroutine 76 [syscall, 714 minutes]:
syscall.syscall(0x14000277dc8?, 0x102c51e24?, 0x800000?, 0x7ffff800000?)
	/opt/hostedtoolcache/go/1.25.0/x64/src/runtime/sys_darwin.go:27 +0x40
syscall.read(0x1400007c600?, {0x14001bf8000?, 0x14000277e08?, 0x103039d4c?})
	/opt/hostedtoolcache/go/1.25.0/x64/src/syscall/zsyscall_darwin_arm64.go:1245 +0x48
syscall.Read(...)
	/opt/hostedtoolcache/go/1.25.0/x64/src/syscall/syscall_unix.go:183
internal/poll.ignoringEINTRIO(...)
	/opt/hostedtoolcache/go/1.25.0/x64/src/internal/poll/fd_unix.go:738
internal/poll.(*FD).Read(0x1400007c600, {0x14001bf8000, 0x8000, 0x8000})
	/opt/hostedtoolcache/go/1.25.0/x64/src/internal/poll/fd_unix.go:161 +0x204
os.(*File).read(...)
	/opt/hostedtoolcache/go/1.25.0/x64/src/os/file_posix.go:29
os.(*File).Read(0x1400011ceb0, {0x14001bf8000?, 0x27?, 0x8000?})
	/opt/hostedtoolcache/go/1.25.0/x64/src/os/file.go:144 +0x68
github.com/nmelo/initech/internal/tui.(*Pane).readLoop(0x14000248e08)
	/home/runner/work/initech/initech/internal/tui/pane.go:405 +0x5c
github.com/nmelo/initech/internal/tui.(*Pane).Start.func2()
	/home/runner/work/initech/initech/internal/tui/pane.go:395 +0x4c
github.com/nmelo/initech/internal/tui.(*TUI).safeGo.func1()
	/home/runner/work/initech/initech/internal/tui/crash.go:34 +0x4c
created by github.com/nmelo/initech/internal/tui.(*TUI).safeGo in goroutine 1
	/home/runner/work/initech/initech/internal/tui/crash.go:18 +0x68

goroutine 77 [select, 715 minutes]:
io.(*pipe).read(0x1400007c5a0, {0x14000272e50, 0x100, 0x0?})
	/opt/hostedtoolcache/go/1.25.0/x64/src/io/pipe.go:57 +0x7c
io.(*PipeReader).Read(...)
	/opt/hostedtoolcache/go/1.25.0/x64/src/io/pipe.go:134
github.com/charmbracelet/x/vt.(*Emulator).Read(0x1400011ceb0?, {0x14000272e50?, 0xd?, 0x0?})
	/home/runner/go/pkg/mod/github.com/nmelo/x/vt@v0.0.0-20260402173550-246f6ae86935/emulator.go:256 +0x54
github.com/charmbracelet/x/vt.(*SafeEmulator).Read(...)
	/home/runner/go/pkg/mod/github.com/nmelo/x/vt@v0.0.0-20260402173550-246f6ae86935/safe_emulator.go:34
github.com/nmelo/initech/internal/tui.(*Pane).responseLoop(0x14000248e08)
	/home/runner/work/initech/initech/internal/tui/pane.go:468 +0x5c
github.com/nmelo/initech/internal/tui.(*Pane).Start.func3()
	/home/runner/work/initech/initech/internal/tui/pane.go:396 +0x4c
github.com/nmelo/initech/internal/tui.(*TUI).safeGo.func1()
	/home/runner/work/initech/initech/internal/tui/crash.go:34 +0x4c
created by github.com/nmelo/initech/internal/tui.(*TUI).safeGo in goroutine 1
	/home/runner/work/initech/initech/internal/tui/crash.go:18 +0x68

goroutine 78 [chan receive]:
github.com/nmelo/initech/internal/tui.(*Pane).watchJSONL(0x14000248e08)
	/home/runner/work/initech/initech/internal/tui/pane_journal.go:30 +0x9c
github.com/nmelo/initech/internal/tui.(*Pane).Start.func4()
	/home/runner/work/initech/initech/internal/tui/pane.go:398 +0x4c
github.com/nmelo/initech/internal/tui.(*TUI).safeGo.func1()
	/home/runner/work/initech/initech/internal/tui/crash.go:34 +0x4c
created by github.com/nmelo/initech/internal/tui.(*TUI).safeGo in goroutine 1
	/home/runner/work/initech/initech/internal/tui/crash.go:18 +0x68

goroutine 97 [syscall]:
syscall.syscall(0x14002d61a58?, 0x102c2c464?, 0x14002d61ad8?, 0x14000250098?)
	/opt/hostedtoolcache/go/1.25.0/x64/src/runtime/sys_darwin.go:27 +0x40
syscall.readlen(0x103df32d0?, 0x14002304040?, 0x4?)
	/opt/hostedtoolcache/go/1.25.0/x64/src/syscall/syscall_darwin.go:248 +0x38
syscall.forkExec({0x14002b3c1f0?, 0x102cb96d4?}, {0x14002d58180, 0x3, 0x3}, 0x2?)
	/opt/hostedtoolcache/go/1.25.0/x64/src/syscall/exec_unix.go:220 +0x394
syscall.StartProcess(...)
	/opt/hostedtoolcache/go/1.25.0/x64/src/syscall/exec_unix.go:258
os.startProcess({0x14002b3c1f0, 0xe}, {0x14002d58180, 0x3, 0x3}, 0x14002d61d70)
	/opt/hostedtoolcache/go/1.25.0/x64/src/os/exec_posix.go:55 +0x1e8
os.StartProcess({0x14002b3c1f0, 0xe}, {0x14002d58180, 0x3, 0x3}, 0x14002d61d70)
	/opt/hostedtoolcache/go/1.25.0/x64/src/os/exec.go:266 +0x50
os/exec.(*Cmd).Start(0x1400016a600)
	/opt/hostedtoolcache/go/1.25.0/x64/src/os/exec/exec.go:725 +0x3e8
os/exec.(*Cmd).Run(0x1400016a600)
	/opt/hostedtoolcache/go/1.25.0/x64/src/os/exec/exec.go:623 +0x20
os/exec.(*Cmd).Output(0x1400016a600)
	/opt/hostedtoolcache/go/1.25.0/x64/src/os/exec/exec.go:1018 +0xb4
github.com/nmelo/initech/internal/tui.readBattery()
	/home/runner/work/initech/initech/internal/tui/battery_darwin.go:19 +0x5c
github.com/nmelo/initech/internal/tui.(*TUI).startBatteryPoller.func1()
	/home/runner/work/initech/initech/internal/tui/poll.go:95 +0xc0
github.com/nmelo/initech/internal/tui.(*TUI).safeGo.func1()
	/home/runner/work/initech/initech/internal/tui/crash.go:34 +0x4c
created by github.com/nmelo/initech/internal/tui.(*TUI).safeGo in goroutine 1
	/home/runner/work/initech/initech/internal/tui/crash.go:18 +0x68

goroutine 98 [select, 96 minutes]:
github.com/gdamore/tcell/v2.(*baseScreen).PollEvent(0x140000a6f70)
	/home/runner/go/pkg/mod/github.com/gdamore/tcell/v2@v2.13.8/screen.go:511 +0x74
github.com/nmelo/initech/internal/tui.Run.func15()
	/home/runner/work/initech/initech/internal/tui/tui.go:927 +0x50
github.com/nmelo/initech/internal/tui.(*TUI).safeGo.func1()
	/home/runner/work/initech/initech/internal/tui/crash.go:34 +0x4c
created by github.com/nmelo/initech/internal/tui.(*TUI).safeGo in goroutine 1
	/home/runner/work/initech/initech/internal/tui/crash.go:18 +0x68

=== RENDER WATCHDOG ===
Time:      2026-05-02T03:08:19+08:00
Version:   1.17.17
Go:        go1.25.0
Stale for: 11s
Diagnosis: No render completed in 11s. Main loop is likely blocked.

--- All Goroutine Stacks ---
goroutine 100 [running]:
github.com/nmelo/initech/internal/tui.dumpWatchdogStacks({0x140000e6258, 0x18}, {0x10343c230, 0x7}, 0x29827ae80)
	/home/runner/work/initech/initech/internal/tui/watchdog.go:51 +0x5c
github.com/nmelo/initech/internal/tui.renderWatchdog(0x140000d3468, 0x2540be400, {0x140000e6258, 0x18}, {0x10343c230, 0x7}, 0x140002a4310)
	/home/runner/work/initech/initech/internal/tui/watchdog.go:35 +0x158
created by github.com/nmelo/initech/internal/tui.Run in goroutine 1
	/home/runner/work/initech/initech/internal/tui/tui.go:946 +0x2408

goroutine 1 [syscall]:
syscall.syscall(0x1400004c638?, 0x102c5371c?, 0x80000000000?, 0x7ffff80000000000?)
	/opt/hostedtoolcache/go/1.25.0/x64/src/runtime/sys_darwin.go:27 +0x40
syscall.write(0x140000ac480?, {0x14001e98000?, 0x1?, 0x6?})
	/opt/hostedtoolcache/go/1.25.0/x64/src/syscall/zsyscall_darwin_arm64.go:1709 +0x48
syscall.Write(...)
	/opt/hostedtoolcache/go/1.25.0/x64/src/syscall/syscall_unix.go:211
internal/poll.ignoringEINTRIO(...)
	/opt/hostedtoolcache/go/1.25.0/x64/src/internal/poll/fd_unix.go:738
internal/poll.(*FD).Write(0x140000ac480, {0x14001e98000, 0x453e, 0x8000})
	/opt/hostedtoolcache/go/1.25.0/x64/src/internal/poll/fd_unix.go:374 +0x2b4
os.(*File).write(...)
	/opt/hostedtoolcache/go/1.25.0/x64/src/os/file_posix.go:46
os.(*File).Write(0x140000b4020, {0x14001e98000?, 0x453e, 0x102ce7740?})
	/opt/hostedtoolcache/go/1.25.0/x64/src/os/file.go:215 +0x54
github.com/gdamore/tcell/v2.(*devTty).Write(0x103441e90?, {0x14001e98000?, 0x1034421d0?, 0x1032e1c2e?})
	/home/runner/go/pkg/mod/github.com/gdamore/tcell/v2@v2.13.8/tty_unix.go:53 +0x24
bytes.(*Buffer).WriteTo(0x1400028c468, {0x1040b4400?, 0x140000ac600?})
	/opt/hostedtoolcache/go/1.25.0/x64/src/bytes/buffer.go:267 +0x70
github.com/gdamore/tcell/v2.(*tScreen).draw(0x1400028c408)
	/home/runner/go/pkg/mod/github.com/gdamore/tcell/v2@v2.13.8/tscreen.go:787 +0x160
github.com/gdamore/tcell/v2.(*tScreen).Show(0x1400028c408)
	/home/runner/go/pkg/mod/github.com/gdamore/tcell/v2@v2.13.8/tscreen.go:714 +0x9c
github.com/nmelo/initech/internal/tui.(*TUI).render(0x140000d3088)
	/home/runner/work/initech/initech/internal/tui/render.go:119 +0x884
github.com/nmelo/initech/internal/tui.Run({{0x14000290288, 0x5, 0x5}, {0x140000cc970, 0xa}, {0x140000e6258, 0x18}, 0x0, 0x0, {0x10343c230, ...}, ...})
	/home/runner/work/initech/initech/internal/tui/tui.go:998 +0x27c8
github.com/nmelo/initech/cmd.runTUI(0x103dbe520, {0x1032dcf61?, 0x4?, 0x1032dd029?})
	/home/runner/work/initech/initech/cmd/root.go:286 +0x820
github.com/spf13/cobra.(*Command).execute(0x103dbe520, {0x14000126040, 0x0, 0x0})
	/home/runner/go/pkg/mod/github.com/spf13/cobra@v1.10.2/command.go:1015 +0x7d4
github.com/spf13/cobra.(*Command).ExecuteC(0x103dbe520)
	/home/runner/go/pkg/mod/github.com/spf13/cobra@v1.10.2/command.go:1148 +0x350
github.com/spf13/cobra.(*Command).Execute(...)
	/home/runner/go/pkg/mod/github.com/spf13/cobra@v1.10.2/command.go:1071
github.com/nmelo/initech/cmd.init.func4()
	/home/runner/work/initech/initech/cmd/root.go:41 +0x24
github.com/nmelo/initech/cmd.Execute()
	/home/runner/work/initech/initech/cmd/root.go:134 +0x28
main.main()
	/home/runner/work/initech/initech/main.go:7 +0x1c

goroutine 13 [select, 715 minutes]:
github.com/gdamore/tcell/v2.(*devTty).Start.func1(0x140002a40e0)
	/home/runner/go/pkg/mod/github.com/gdamore/tcell/v2@v2.13.8/tty_unix.go:94 +0x8c
created by github.com/gdamore/tcell/v2.(*devTty).Start in goroutine 1
	/home/runner/go/pkg/mod/github.com/gdamore/tcell/v2@v2.13.8/tty_unix.go:91 +0x20c

goroutine 15 [syscall, 715 minutes]:
os/signal.signal_recv()
	/opt/hostedtoolcache/go/1.25.0/x64/src/runtime/sigqueue.go:149 +0x2c
os/signal.loop()
	/opt/hostedtoolcache/go/1.25.0/x64/src/os/signal/signal_unix.go:23 +0x1c
created by os/signal.Notify.func1.1 in goroutine 1
	/opt/hostedtoolcache/go/1.25.0/x64/src/os/signal/signal.go:152 +0x28

goroutine 16 [syscall, 96 minutes]:
syscall.syscall(0x14000106598?, 0x102c51e24?, 0x800000?, 0x7ffff800000?)
	/opt/hostedtoolcache/go/1.25.0/x64/src/runtime/sys_darwin.go:27 +0x40
syscall.read(0x140000ac480?, {0x140030bfa80?, 0x14000106608?, 0x102b6f838?})
	/opt/hostedtoolcache/go/1.25.0/x64/src/syscall/zsyscall_darwin_arm64.go:1245 +0x48
syscall.Read(...)
	/opt/hostedtoolcache/go/1.25.0/x64/src/syscall/syscall_unix.go:183
internal/poll.ignoringEINTRIO(...)
	/opt/hostedtoolcache/go/1.25.0/x64/src/internal/poll/fd_unix.go:738
internal/poll.(*FD).Read(0x140000ac480, {0x140030bfa80, 0x80, 0x80})
	/opt/hostedtoolcache/go/1.25.0/x64/src/internal/poll/fd_unix.go:161 +0x204
os.(*File).read(...)
	/opt/hostedtoolcache/go/1.25.0/x64/src/os/file_posix.go:29
os.(*File).Read(0x140000b4020, {0x140030bfa80?, 0x1?, 0x0?})
	/opt/hostedtoolcache/go/1.25.0/x64/src/os/file.go:144 +0x68
github.com/gdamore/tcell/v2.(*devTty).Read(0x0?, {0x140030bfa80?, 0x80?, 0x80?})
	/home/runner/go/pkg/mod/github.com/gdamore/tcell/v2@v2.13.8/tty_unix.go:49 +0x24
github.com/gdamore/tcell/v2.(*tScreen).inputLoop(0x1400028c408, 0x140002a42a0)
	/home/runner/go/pkg/mod/github.com/gdamore/tcell/v2@v2.13.8/tscreen.go:1051 +0xa4
created by github.com/gdamore/tcell/v2.(*tScreen).engage in goroutine 1
	/home/runner/go/pkg/mod/github.com/gdamore/tcell/v2@v2.13.8/tscreen.go:1211 +0x374

goroutine 49 [select, 96 minutes]:
github.com/gdamore/tcell/v2.(*tScreen).mainLoop(0x1400028c408, 0x140002a42a0)
	/home/runner/go/pkg/mod/github.com/gdamore/tcell/v2@v2.13.8/tscreen.go:1020 +0xbc
created by github.com/gdamore/tcell/v2.(*tScreen).engage in goroutine 1
	/home/runner/go/pkg/mod/github.com/gdamore/tcell/v2@v2.13.8/tscreen.go:1212 +0x3bc

goroutine 50 [chan receive, 715 minutes]:
github.com/nmelo/initech/internal/tui.installSignalHandlers.func1()
	/home/runner/work/initech/initech/internal/tui/signals.go:55 +0x4c
created by github.com/nmelo/initech/internal/tui.installSignalHandlers in goroutine 1
	/home/runner/work/initech/initech/internal/tui/signals.go:54 +0x11c

goroutine 51 [chan receive, 715 minutes]:
github.com/nmelo/initech/internal/telemetry.(*Client).sender(0x140000dc380)
	/home/runner/work/initech/initech/internal/telemetry/telemetry.go:126 +0xcc
created by github.com/nmelo/initech/internal/telemetry.Init in goroutine 1
	/home/runner/work/initech/initech/internal/telemetry/telemetry.go:62 +0x134

goroutine 52 [IO wait, 715 minutes]:
internal/poll.runtime_pollWait(0x14aa91000, 0x72)
	/opt/hostedtoolcache/go/1.25.0/x64/src/runtime/netpoll.go:351 +0xa0
internal/poll.(*pollDesc).wait(0x140001a4080?, 0x0?, 0x0)
	/opt/hostedtoolcache/go/1.25.0/x64/src/internal/poll/fd_poll_runtime.go:84 +0x28
internal/poll.(*pollDesc).waitRead(...)
	/opt/hostedtoolcache/go/1.25.0/x64/src/internal/poll/fd_poll_runtime.go:89
internal/poll.(*FD).Accept(0x140001a4080)
	/opt/hostedtoolcache/go/1.25.0/x64/src/internal/poll/fd_unix.go:613 +0x21c
net.(*netFD).accept(0x140001a4080)
	/opt/hostedtoolcache/go/1.25.0/x64/src/net/fd_unix.go:161 +0x28
net.(*UnixListener).accept(0x2baa1f35a874?)
	/opt/hostedtoolcache/go/1.25.0/x64/src/net/unixsock_posix.go:172 +0x20
net.(*UnixListener).Accept(0x140000b06f0)
	/opt/hostedtoolcache/go/1.25.0/x64/src/net/unixsock.go:260 +0x2c
github.com/nmelo/initech/internal/tui.(*TUI).startIPC.func1()
	/home/runner/work/initech/initech/internal/tui/ipc.go:85 +0x58
github.com/nmelo/initech/internal/tui.(*TUI).safeGo.func1()
	/home/runner/work/initech/initech/internal/tui/crash.go:34 +0x4c
created by github.com/nmelo/initech/internal/tui.(*TUI).safeGo in goroutine 1
	/home/runner/work/initech/initech/internal/tui/crash.go:18 +0x68

goroutine 81 [syscall, 96 minutes]:
syscall.syscall(0x14000274dc8?, 0x102c51e24?, 0x800000?, 0x7ffff800000?)
	/opt/hostedtoolcache/go/1.25.0/x64/src/runtime/sys_darwin.go:27 +0x40
syscall.read(0x140002180c0?, {0x14000110000?, 0x14000274e08?, 0x103039d4c?})
	/opt/hostedtoolcache/go/1.25.0/x64/src/syscall/zsyscall_darwin_arm64.go:1245 +0x48
syscall.Read(...)
	/opt/hostedtoolcache/go/1.25.0/x64/src/syscall/syscall_unix.go:183
internal/poll.ignoringEINTRIO(...)
	/opt/hostedtoolcache/go/1.25.0/x64/src/internal/poll/fd_unix.go:738
internal/poll.(*FD).Read(0x140002180c0, {0x14000110000, 0x8000, 0x8000})
	/opt/hostedtoolcache/go/1.25.0/x64/src/internal/poll/fd_unix.go:161 +0x204
os.(*File).read(...)
	/opt/hostedtoolcache/go/1.25.0/x64/src/os/file_posix.go:29
os.(*File).Read(0x1400011c0e8, {0x14000110000?, 0xa3?, 0x8000?})
	/opt/hostedtoolcache/go/1.25.0/x64/src/os/file.go:144 +0x68
github.com/nmelo/initech/internal/tui.(*Pane).readLoop(0x140000dea88)
	/home/runner/work/initech/initech/internal/tui/pane.go:405 +0x5c
github.com/nmelo/initech/internal/tui.(*Pane).Start.func2()
	/home/runner/work/initech/initech/internal/tui/pane.go:395 +0x4c
github.com/nmelo/initech/internal/tui.(*TUI).safeGo.func1()
	/home/runner/work/initech/initech/internal/tui/crash.go:34 +0x4c
created by github.com/nmelo/initech/internal/tui.(*TUI).safeGo in goroutine 1
	/home/runner/work/initech/initech/internal/tui/crash.go:18 +0x68

goroutine 82 [select, 96 minutes]:
io.(*pipe).read(0x140000ac720, {0x140002bee50, 0x100, 0x0?})
	/opt/hostedtoolcache/go/1.25.0/x64/src/io/pipe.go:57 +0x7c
io.(*PipeReader).Read(...)
	/opt/hostedtoolcache/go/1.25.0/x64/src/io/pipe.go:134
github.com/charmbracelet/x/vt.(*Emulator).Read(0x1400011c0e8?, {0x140002bee50?, 0xb?, 0x0?})
	/home/runner/go/pkg/mod/github.com/nmelo/x/vt@v0.0.0-20260402173550-246f6ae86935/emulator.go:256 +0x54
github.com/charmbracelet/x/vt.(*SafeEmulator).Read(...)
	/home/runner/go/pkg/mod/github.com/nmelo/x/vt@v0.0.0-20260402173550-246f6ae86935/safe_emulator.go:34
github.com/nmelo/initech/internal/tui.(*Pane).responseLoop(0x140000dea88)
	/home/runner/work/initech/initech/internal/tui/pane.go:468 +0x5c
github.com/nmelo/initech/internal/tui.(*Pane).Start.func3()
	/home/runner/work/initech/initech/internal/tui/pane.go:396 +0x4c
github.com/nmelo/initech/internal/tui.(*TUI).safeGo.func1()
	/home/runner/work/initech/initech/internal/tui/crash.go:34 +0x4c
created by github.com/nmelo/initech/internal/tui.(*TUI).safeGo in goroutine 1
	/home/runner/work/initech/initech/internal/tui/crash.go:18 +0x68

goroutine 83 [chan receive]:
github.com/nmelo/initech/internal/tui.(*Pane).watchJSONL(0x140000dea88)
	/home/runner/work/initech/initech/internal/tui/pane_journal.go:30 +0x9c
github.com/nmelo/initech/internal/tui.(*Pane).Start.func4()
	/home/runner/work/initech/initech/internal/tui/pane.go:398 +0x4c
github.com/nmelo/initech/internal/tui.(*TUI).safeGo.func1()
	/home/runner/work/initech/initech/internal/tui/crash.go:34 +0x4c
created by github.com/nmelo/initech/internal/tui.(*TUI).safeGo in goroutine 1
	/home/runner/work/initech/initech/internal/tui/crash.go:18 +0x68

goroutine 84 [syscall, 116 minutes]:
syscall.syscall(0x14002d62dc8?, 0x102c51e24?, 0x800000?, 0x7ffff800000?)
	/opt/hostedtoolcache/go/1.25.0/x64/src/runtime/sys_darwin.go:27 +0x40
syscall.read(0x140002181e0?, {0x14000df2000?, 0x14002d62e08?, 0x103039d4c?})
	/opt/hostedtoolcache/go/1.25.0/x64/src/syscall/zsyscall_darwin_arm64.go:1245 +0x48
syscall.Read(...)
	/opt/hostedtoolcache/go/1.25.0/x64/src/syscall/syscall_unix.go:183
internal/poll.ignoringEINTRIO(...)
	/opt/hostedtoolcache/go/1.25.0/x64/src/internal/poll/fd_unix.go:738
internal/poll.(*FD).Read(0x140002181e0, {0x14000df2000, 0x8000, 0x8000})
	/opt/hostedtoolcache/go/1.25.0/x64/src/internal/poll/fd_unix.go:161 +0x204
os.(*File).read(...)
	/opt/hostedtoolcache/go/1.25.0/x64/src/os/file_posix.go:29
os.(*File).Read(0x1400011c570, {0x14000df2000?, 0x5d?, 0x8000?})
	/opt/hostedtoolcache/go/1.25.0/x64/src/os/file.go:144 +0x68
github.com/nmelo/initech/internal/tui.(*Pane).readLoop(0x140000df188)
	/home/runner/work/initech/initech/internal/tui/pane.go:405 +0x5c
github.com/nmelo/initech/internal/tui.(*Pane).Start.func2()
	/home/runner/work/initech/initech/internal/tui/pane.go:395 +0x4c
github.com/nmelo/initech/internal/tui.(*TUI).safeGo.func1()
	/home/runner/work/initech/initech/internal/tui/crash.go:34 +0x4c
created by github.com/nmelo/initech/internal/tui.(*TUI).safeGo in goroutine 1
	/home/runner/work/initech/initech/internal/tui/crash.go:18 +0x68

goroutine 85 [select, 116 minutes]:
io.(*pipe).read(0x14000218180, {0x140002bfe50, 0x100, 0x0?})
	/opt/hostedtoolcache/go/1.25.0/x64/src/io/pipe.go:57 +0x7c
io.(*PipeReader).Read(...)
	/opt/hostedtoolcache/go/1.25.0/x64/src/io/pipe.go:134
github.com/charmbracelet/x/vt.(*Emulator).Read(0x1400011c570?, {0x140002bfe50?, 0xb?, 0x0?})
	/home/runner/go/pkg/mod/github.com/nmelo/x/vt@v0.0.0-20260402173550-246f6ae86935/emulator.go:256 +0x54
github.com/charmbracelet/x/vt.(*SafeEmulator).Read(...)
	/home/runner/go/pkg/mod/github.com/nmelo/x/vt@v0.0.0-20260402173550-246f6ae86935/safe_emulator.go:34
github.com/nmelo/initech/internal/tui.(*Pane).responseLoop(0x140000df188)
	/home/runner/work/initech/initech/internal/tui/pane.go:468 +0x5c
github.com/nmelo/initech/internal/tui.(*Pane).Start.func3()
	/home/runner/work/initech/initech/internal/tui/pane.go:396 +0x4c
github.com/nmelo/initech/internal/tui.(*TUI).safeGo.func1()
	/home/runner/work/initech/initech/internal/tui/crash.go:34 +0x4c
created by github.com/nmelo/initech/internal/tui.(*TUI).safeGo in goroutine 1
	/home/runner/work/initech/initech/internal/tui/crash.go:18 +0x68

goroutine 86 [runnable]:
syscall.syscall(0x1400012e1c0?, 0x3a?, 0x14001d45c68?, 0x10308c420?)
	/opt/hostedtoolcache/go/1.25.0/x64/src/runtime/sys_darwin.go:27 +0x40
syscall.Open({0x1400012e1c0?, 0x10308c204?}, 0x1100000, 0x0)
	/opt/hostedtoolcache/go/1.25.0/x64/src/syscall/zsyscall_darwin_arm64.go:1162 +0x74
os.open(...)
	/opt/hostedtoolcache/go/1.25.0/x64/src/os/file_open_unix.go:15
os.openDirNolog.func1(...)
	/opt/hostedtoolcache/go/1.25.0/x64/src/os/file_unix.go:290
os.ignoringEINTR(...)
	/opt/hostedtoolcache/go/1.25.0/x64/src/os/file_posix.go:256
os.openDirNolog({0x1400012e1c0, 0x3a})
	/opt/hostedtoolcache/go/1.25.0/x64/src/os/file_unix.go:289 +0x44
os.openDir({0x1400012e1c0, 0x3a})
	/opt/hostedtoolcache/go/1.25.0/x64/src/os/file.go:428 +0x30
os.ReadDir({0x1400012e1c0?, 0x1400005f808?})
	/opt/hostedtoolcache/go/1.25.0/x64/src/os/dir.go:115 +0x38
github.com/nmelo/initech/internal/tui.newestJSONL({0x1400012e1c0, 0x3a})
	/home/runner/work/initech/initech/internal/tui/pane_journal.go:324 +0x28
github.com/nmelo/initech/internal/tui.(*Pane).watchJSONL(0x140000df188)
	/home/runner/work/initech/initech/internal/tui/pane_journal.go:40 +0x17c
github.com/nmelo/initech/internal/tui.(*Pane).Start.func4()
	/home/runner/work/initech/initech/internal/tui/pane.go:398 +0x4c
github.com/nmelo/initech/internal/tui.(*TUI).safeGo.func1()
	/home/runner/work/initech/initech/internal/tui/crash.go:34 +0x4c
created by github.com/nmelo/initech/internal/tui.(*TUI).safeGo in goroutine 1
	/home/runner/work/initech/initech/internal/tui/crash.go:18 +0x68

goroutine 70 [syscall, 22 minutes]:
syscall.syscall(0x14002d5fdc8?, 0x102c51e24?, 0x800000?, 0x7ffff800000?)
	/opt/hostedtoolcache/go/1.25.0/x64/src/runtime/sys_darwin.go:27 +0x40
syscall.read(0x1400007c3c0?, {0x14000990000?, 0x14002d5fe08?, 0x103039d4c?})
	/opt/hostedtoolcache/go/1.25.0/x64/src/syscall/zsyscall_darwin_arm64.go:1245 +0x48
syscall.Read(...)
	/opt/hostedtoolcache/go/1.25.0/x64/src/syscall/syscall_unix.go:183
internal/poll.ignoringEINTRIO(...)
	/opt/hostedtoolcache/go/1.25.0/x64/src/internal/poll/fd_unix.go:738
internal/poll.(*FD).Read(0x1400007c3c0, {0x14000990000, 0x8000, 0x8000})
	/opt/hostedtoolcache/go/1.25.0/x64/src/internal/poll/fd_unix.go:161 +0x204
os.(*File).read(...)
	/opt/hostedtoolcache/go/1.25.0/x64/src/os/file_posix.go:29
os.(*File).Read(0x1400011c118, {0x14000990000?, 0xcb?, 0x8000?})
	/opt/hostedtoolcache/go/1.25.0/x64/src/os/file.go:144 +0x68
github.com/nmelo/initech/internal/tui.(*Pane).readLoop(0x140000df888)
	/home/runner/work/initech/initech/internal/tui/pane.go:405 +0x5c
github.com/nmelo/initech/internal/tui.(*Pane).Start.func2()
	/home/runner/work/initech/initech/internal/tui/pane.go:395 +0x4c
github.com/nmelo/initech/internal/tui.(*TUI).safeGo.func1()
	/home/runner/work/initech/initech/internal/tui/crash.go:34 +0x4c
created by github.com/nmelo/initech/internal/tui.(*TUI).safeGo in goroutine 1
	/home/runner/work/initech/initech/internal/tui/crash.go:18 +0x68

goroutine 71 [select, 715 minutes]:
io.(*pipe).read(0x140002182a0, {0x14000275e50, 0x100, 0x0?})
	/opt/hostedtoolcache/go/1.25.0/x64/src/io/pipe.go:57 +0x7c
io.(*PipeReader).Read(...)
	/opt/hostedtoolcache/go/1.25.0/x64/src/io/pipe.go:134
github.com/charmbracelet/x/vt.(*Emulator).Read(0x1400011c118?, {0x14000275e50?, 0xd?, 0x0?})
	/home/runner/go/pkg/mod/github.com/nmelo/x/vt@v0.0.0-20260402173550-246f6ae86935/emulator.go:256 +0x54
github.com/charmbracelet/x/vt.(*SafeEmulator).Read(...)
	/home/runner/go/pkg/mod/github.com/nmelo/x/vt@v0.0.0-20260402173550-246f6ae86935/safe_emulator.go:34
github.com/nmelo/initech/internal/tui.(*Pane).responseLoop(0x140000df888)
	/home/runner/work/initech/initech/internal/tui/pane.go:468 +0x5c
github.com/nmelo/initech/internal/tui.(*Pane).Start.func3()
	/home/runner/work/initech/initech/internal/tui/pane.go:396 +0x4c
github.com/nmelo/initech/internal/tui.(*TUI).safeGo.func1()
	/home/runner/work/initech/initech/internal/tui/crash.go:34 +0x4c
created by github.com/nmelo/initech/internal/tui.(*TUI).safeGo in goroutine 1
	/home/runner/work/initech/initech/internal/tui/crash.go:18 +0x68

goroutine 72 [chan receive]:
github.com/nmelo/initech/internal/tui.(*Pane).watchJSONL(0x140000df888)
	/home/runner/work/initech/initech/internal/tui/pane_journal.go:30 +0x9c
github.com/nmelo/initech/internal/tui.(*Pane).Start.func4()
	/home/runner/work/initech/initech/internal/tui/pane.go:398 +0x4c
github.com/nmelo/initech/internal/tui.(*TUI).safeGo.func1()
	/home/runner/work/initech/initech/internal/tui/crash.go:34 +0x4c
created by github.com/nmelo/initech/internal/tui.(*TUI).safeGo in goroutine 1
	/home/runner/work/initech/initech/internal/tui/crash.go:18 +0x68

goroutine 73 [syscall, 16 minutes]:
syscall.syscall(0x140002c4dc8?, 0x102c51e24?, 0x800000?, 0x7ffff800000?)
	/opt/hostedtoolcache/go/1.25.0/x64/src/runtime/sys_darwin.go:27 +0x40
syscall.read(0x1400007c4e0?, {0x14001732000?, 0x12?, 0x0?})
	/opt/hostedtoolcache/go/1.25.0/x64/src/syscall/zsyscall_darwin_arm64.go:1245 +0x48
syscall.Read(...)
	/opt/hostedtoolcache/go/1.25.0/x64/src/syscall/syscall_unix.go:183
internal/poll.ignoringEINTRIO(...)
	/opt/hostedtoolcache/go/1.25.0/x64/src/internal/poll/fd_unix.go:738
internal/poll.(*FD).Read(0x1400007c4e0, {0x14001732000, 0x8000, 0x8000})
	/opt/hostedtoolcache/go/1.25.0/x64/src/internal/poll/fd_unix.go:161 +0x204
os.(*File).read(...)
	/opt/hostedtoolcache/go/1.25.0/x64/src/os/file_posix.go:29
os.(*File).Read(0x1400011cb98, {0x14001732000?, 0xad?, 0x8000?})
	/opt/hostedtoolcache/go/1.25.0/x64/src/os/file.go:144 +0x68
github.com/nmelo/initech/internal/tui.(*Pane).readLoop(0x14000248708)
	/home/runner/work/initech/initech/internal/tui/pane.go:405 +0x5c
github.com/nmelo/initech/internal/tui.(*Pane).Start.func2()
	/home/runner/work/initech/initech/internal/tui/pane.go:395 +0x4c
github.com/nmelo/initech/internal/tui.(*TUI).safeGo.func1()
	/home/runner/work/initech/initech/internal/tui/crash.go:34 +0x4c
created by github.com/nmelo/initech/internal/tui.(*TUI).safeGo in goroutine 1
	/home/runner/work/initech/initech/internal/tui/crash.go:18 +0x68

goroutine 74 [select, 715 minutes]:
io.(*pipe).read(0x1400007c480, {0x140002c2e50, 0x100, 0x0?})
	/opt/hostedtoolcache/go/1.25.0/x64/src/io/pipe.go:57 +0x7c
io.(*PipeReader).Read(...)
	/opt/hostedtoolcache/go/1.25.0/x64/src/io/pipe.go:134
github.com/charmbracelet/x/vt.(*Emulator).Read(0x1400011cb98?, {0x140002c2e50?, 0x18?, 0x0?})
	/home/runner/go/pkg/mod/github.com/nmelo/x/vt@v0.0.0-20260402173550-246f6ae86935/emulator.go:256 +0x54
github.com/charmbracelet/x/vt.(*SafeEmulator).Read(...)
	/home/runner/go/pkg/mod/github.com/nmelo/x/vt@v0.0.0-20260402173550-246f6ae86935/safe_emulator.go:34
github.com/nmelo/initech/internal/tui.(*Pane).responseLoop(0x14000248708)
	/home/runner/work/initech/initech/internal/tui/pane.go:468 +0x5c
github.com/nmelo/initech/internal/tui.(*Pane).Start.func3()
	/home/runner/work/initech/initech/internal/tui/pane.go:396 +0x4c
github.com/nmelo/initech/internal/tui.(*TUI).safeGo.func1()
	/home/runner/work/initech/initech/internal/tui/crash.go:34 +0x4c
created by github.com/nmelo/initech/internal/tui.(*TUI).safeGo in goroutine 1
	/home/runner/work/initech/initech/internal/tui/crash.go:18 +0x68

goroutine 75 [chan receive]:
github.com/nmelo/initech/internal/tui.(*Pane).watchJSONL(0x14000248708)
	/home/runner/work/initech/initech/internal/tui/pane_journal.go:30 +0x9c
github.com/nmelo/initech/internal/tui.(*Pane).Start.func4()
	/home/runner/work/initech/initech/internal/tui/pane.go:398 +0x4c
github.com/nmelo/initech/internal/tui.(*TUI).safeGo.func1()
	/home/runner/work/initech/initech/internal/tui/crash.go:34 +0x4c
created by github.com/nmelo/initech/internal/tui.(*TUI).safeGo in goroutine 1
	/home/runner/work/initech/initech/internal/tui/crash.go:18 +0x68

goroutine 76 [syscall, 715 minutes]:
syscall.syscall(0x14000277dc8?, 0x102c51e24?, 0x800000?, 0x7ffff800000?)
	/opt/hostedtoolcache/go/1.25.0/x64/src/runtime/sys_darwin.go:27 +0x40
syscall.read(0x1400007c600?, {0x14001bf8000?, 0x14000277e08?, 0x103039d4c?})
	/opt/hostedtoolcache/go/1.25.0/x64/src/syscall/zsyscall_darwin_arm64.go:1245 +0x48
syscall.Read(...)
	/opt/hostedtoolcache/go/1.25.0/x64/src/syscall/syscall_unix.go:183
internal/poll.ignoringEINTRIO(...)
	/opt/hostedtoolcache/go/1.25.0/x64/src/internal/poll/fd_unix.go:738
internal/poll.(*FD).Read(0x1400007c600, {0x14001bf8000, 0x8000, 0x8000})
	/opt/hostedtoolcache/go/1.25.0/x64/src/internal/poll/fd_unix.go:161 +0x204
os.(*File).read(...)
	/opt/hostedtoolcache/go/1.25.0/x64/src/os/file_posix.go:29
os.(*File).Read(0x1400011ceb0, {0x14001bf8000?, 0x27?, 0x8000?})
	/opt/hostedtoolcache/go/1.25.0/x64/src/os/file.go:144 +0x68
github.com/nmelo/initech/internal/tui.(*Pane).readLoop(0x14000248e08)
	/home/runner/work/initech/initech/internal/tui/pane.go:405 +0x5c
github.com/nmelo/initech/internal/tui.(*Pane).Start.func2()
	/home/runner/work/initech/initech/internal/tui/pane.go:395 +0x4c
github.com/nmelo/initech/internal/tui.(*TUI).safeGo.func1()
	/home/runner/work/initech/initech/internal/tui/crash.go:34 +0x4c
created by github.com/nmelo/initech/internal/tui.(*TUI).safeGo in goroutine 1
	/home/runner/work/initech/initech/internal/tui/crash.go:18 +0x68

goroutine 77 [select, 715 minutes]:
io.(*pipe).read(0x1400007c5a0, {0x14000272e50, 0x100, 0x0?})
	/opt/hostedtoolcache/go/1.25.0/x64/src/io/pipe.go:57 +0x7c
io.(*PipeReader).Read(...)
	/opt/hostedtoolcache/go/1.25.0/x64/src/io/pipe.go:134
github.com/charmbracelet/x/vt.(*Emulator).Read(0x1400011ceb0?, {0x14000272e50?, 0xd?, 0x0?})
	/home/runner/go/pkg/mod/github.com/nmelo/x/vt@v0.0.0-20260402173550-246f6ae86935/emulator.go:256 +0x54
github.com/charmbracelet/x/vt.(*SafeEmulator).Read(...)
	/home/runner/go/pkg/mod/github.com/nmelo/x/vt@v0.0.0-20260402173550-246f6ae86935/safe_emulator.go:34
github.com/nmelo/initech/internal/tui.(*Pane).responseLoop(0x14000248e08)
	/home/runner/work/initech/initech/internal/tui/pane.go:468 +0x5c
github.com/nmelo/initech/internal/tui.(*Pane).Start.func3()
	/home/runner/work/initech/initech/internal/tui/pane.go:396 +0x4c
github.com/nmelo/initech/internal/tui.(*TUI).safeGo.func1()
	/home/runner/work/initech/initech/internal/tui/crash.go:34 +0x4c
created by github.com/nmelo/initech/internal/tui.(*TUI).safeGo in goroutine 1
	/home/runner/work/initech/initech/internal/tui/crash.go:18 +0x68

goroutine 78 [chan receive]:
github.com/nmelo/initech/internal/tui.(*Pane).watchJSONL(0x14000248e08)
	/home/runner/work/initech/initech/internal/tui/pane_journal.go:30 +0x9c
github.com/nmelo/initech/internal/tui.(*Pane).Start.func4()
	/home/runner/work/initech/initech/internal/tui/pane.go:398 +0x4c
github.com/nmelo/initech/internal/tui.(*TUI).safeGo.func1()
	/home/runner/work/initech/initech/internal/tui/crash.go:34 +0x4c
created by github.com/nmelo/initech/internal/tui.(*TUI).safeGo in goroutine 1
	/home/runner/work/initech/initech/internal/tui/crash.go:18 +0x68

goroutine 97 [syscall]:
syscall.syscall6(0x90010102b3c1f0?, 0x14aa8b5c8?, 0x103f18108?, 0x90?, 0x14000306808?, 0x14000152000?, 0x14002d61cf8?)
	/opt/hostedtoolcache/go/1.25.0/x64/src/runtime/sys_darwin.go:60 +0x40
syscall.wait4(0x14002d61d28?, 0x102c5a48c?, 0x90?, 0x1036d7220?)
	/opt/hostedtoolcache/go/1.25.0/x64/src/syscall/zsyscall_darwin_arm64.go:44 +0x4c
syscall.Wait4(0x140001e0070?, 0x14002d61d64, 0x14002b3c1f0?, 0x140001e0000?)
	/opt/hostedtoolcache/go/1.25.0/x64/src/syscall/syscall_bsd.go:144 +0x28
os.(*Process).pidWait.func1(...)
	/opt/hostedtoolcache/go/1.25.0/x64/src/os/exec_unix.go:64
os.ignoringEINTR2[...](...)
	/opt/hostedtoolcache/go/1.25.0/x64/src/os/file_posix.go:266
os.(*Process).pidWait(0x14001d70340)
	/opt/hostedtoolcache/go/1.25.0/x64/src/os/exec_unix.go:63 +0x9c
os.(*Process).wait(0x103f18108?)
	/opt/hostedtoolcache/go/1.25.0/x64/src/os/exec_unix.go:28 +0x24
os.(*Process).Wait(...)
	/opt/hostedtoolcache/go/1.25.0/x64/src/os/exec.go:340
os/exec.(*Cmd).Wait(0x1400016a600)
	/opt/hostedtoolcache/go/1.25.0/x64/src/os/exec/exec.go:922 +0x38
os/exec.(*Cmd).Run(0x1400016a600)
	/opt/hostedtoolcache/go/1.25.0/x64/src/os/exec/exec.go:626 +0x38
os/exec.(*Cmd).Output(0x1400016a600)
	/opt/hostedtoolcache/go/1.25.0/x64/src/os/exec/exec.go:1018 +0xb4
github.com/nmelo/initech/internal/tui.readBattery()
	/home/runner/work/initech/initech/internal/tui/battery_darwin.go:19 +0x5c
github.com/nmelo/initech/internal/tui.(*TUI).startBatteryPoller.func1()
	/home/runner/work/initech/initech/internal/tui/poll.go:95 +0xc0
github.com/nmelo/initech/internal/tui.(*TUI).safeGo.func1()
	/home/runner/work/initech/initech/internal/tui/crash.go:34 +0x4c
created by github.com/nmelo/initech/internal/tui.(*TUI).safeGo in goroutine 1
	/home/runner/work/initech/initech/internal/tui/crash.go:18 +0x68

goroutine 98 [select, 96 minutes]:
github.com/gdamore/tcell/v2.(*baseScreen).PollEvent(0x140000a6f70)
	/home/runner/go/pkg/mod/github.com/gdamore/tcell/v2@v2.13.8/screen.go:511 +0x74
github.com/nmelo/initech/internal/tui.Run.func15()
	/home/runner/work/initech/initech/internal/tui/tui.go:927 +0x50
github.com/nmelo/initech/internal/tui.(*TUI).safeGo.func1()
	/home/runner/work/initech/initech/internal/tui/crash.go:34 +0x4c
created by github.com/nmelo/initech/internal/tui.(*TUI).safeGo in goroutine 1
	/home/runner/work/initech/initech/internal/tui/crash.go:18 +0x68

goroutine 1518 [IO wait]:
internal/poll.runtime_pollWait(0x14aa90e00, 0x72)
	/opt/hostedtoolcache/go/1.25.0/x64/src/runtime/netpoll.go:351 +0xa0
internal/poll.(*pollDesc).wait(0x14002771140?, 0x14001e3e000?, 0x1)
	/opt/hostedtoolcache/go/1.25.0/x64/src/internal/poll/fd_poll_runtime.go:84 +0x28
internal/poll.(*pollDesc).waitRead(...)
	/opt/hostedtoolcache/go/1.25.0/x64/src/internal/poll/fd_poll_runtime.go:89
internal/poll.(*FD).Read(0x14002771140, {0x14001e3e000, 0x8000, 0x8000})
	/opt/hostedtoolcache/go/1.25.0/x64/src/internal/poll/fd_unix.go:165 +0x1e0
os.(*File).read(...)
	/opt/hostedtoolcache/go/1.25.0/x64/src/os/file_posix.go:29
os.(*File).Read(0x140000b4570, {0x14001e3e000?, 0x14002316da8?, 0x102b74698?})
	/opt/hostedtoolcache/go/1.25.0/x64/src/os/file.go:144 +0x68
io.copyBuffer({0x10371e820, 0x1400018c280}, {0x10371e5e0, 0x140002121d0}, {0x0, 0x0, 0x0})
	/opt/hostedtoolcache/go/1.25.0/x64/src/io/io.go:429 +0x18c
io.Copy(...)
	/opt/hostedtoolcache/go/1.25.0/x64/src/io/io.go:388
os.genericWriteTo(0x0?, {0x10371e820, 0x1400018c280})
	/opt/hostedtoolcache/go/1.25.0/x64/src/os/file.go:295 +0x58
os.(*File).WriteTo(0x0?, {0x10371e820?, 0x1400018c280?})
	/opt/hostedtoolcache/go/1.25.0/x64/src/os/file.go:273 +0x5c
io.copyBuffer({0x10371e820, 0x1400018c280}, {0x10371dfe8, 0x140000b4570}, {0x0, 0x0, 0x0})
	/opt/hostedtoolcache/go/1.25.0/x64/src/io/io.go:411 +0x98
io.Copy(...)
	/opt/hostedtoolcache/go/1.25.0/x64/src/io/io.go:388
os/exec.(*Cmd).writerDescriptor.func1()
	/opt/hostedtoolcache/go/1.25.0/x64/src/os/exec/exec.go:596 +0x40
os/exec.(*Cmd).Start.func2(0x0?)
	/opt/hostedtoolcache/go/1.25.0/x64/src/os/exec/exec.go:749 +0x30
created by os/exec.(*Cmd).Start in goroutine 97
	/opt/hostedtoolcache/go/1.25.0/x64/src/os/exec/exec.go:748 +0x6a4

goroutine 1517 [IO wait]:
internal/poll.runtime_pollWait(0x14aa90a00, 0x72)
	/opt/hostedtoolcache/go/1.25.0/x64/src/runtime/netpoll.go:351 +0xa0
internal/poll.(*pollDesc).wait(0x14002771080?, 0x14000246200?, 0x1)
	/opt/hostedtoolcache/go/1.25.0/x64/src/internal/poll/fd_poll_runtime.go:84 +0x28
internal/poll.(*pollDesc).waitRead(...)
	/opt/hostedtoolcache/go/1.25.0/x64/src/internal/poll/fd_poll_runtime.go:89
internal/poll.(*FD).Read(0x14002771080, {0x14000246200, 0x200, 0x200})
	/opt/hostedtoolcache/go/1.25.0/x64/src/internal/poll/fd_unix.go:165 +0x1e0
os.(*File).read(...)
	/opt/hostedtoolcache/go/1.25.0/x64/src/os/file_posix.go:29
os.(*File).Read(0x140000b4558, {0x14000246200?, 0x14003700d58?, 0x102c24cfc?})
	/opt/hostedtoolcache/go/1.25.0/x64/src/os/file.go:144 +0x68
bytes.(*Buffer).ReadFrom(0x14002d585d0, {0x10371e5e0, 0x14001d82198})
	/opt/hostedtoolcache/go/1.25.0/x64/src/bytes/buffer.go:217 +0x90
io.copyBuffer({0x10371e540, 0x14002d585d0}, {0x10371e5e0, 0x14001d82198}, {0x0, 0x0, 0x0})
	/opt/hostedtoolcache/go/1.25.0/x64/src/io/io.go:415 +0x14c
io.Copy(...)
	/opt/hostedtoolcache/go/1.25.0/x64/src/io/io.go:388
os.genericWriteTo(0x14003700e98?, {0x10371e540, 0x14002d585d0})
	/opt/hostedtoolcache/go/1.25.0/x64/src/os/file.go:295 +0x58
os.(*File).WriteTo(0x14003700e98?, {0x10371e540?, 0x14002d585d0?})
	/opt/hostedtoolcache/go/1.25.0/x64/src/os/file.go:273 +0x5c
io.copyBuffer({0x10371e540, 0x14002d585d0}, {0x10371dfe8, 0x140000b4558}, {0x0, 0x0, 0x0})
	/opt/hostedtoolcache/go/1.25.0/x64/src/io/io.go:411 +0x98
io.Copy(...)
	/opt/hostedtoolcache/go/1.25.0/x64/src/io/io.go:388
os/exec.(*Cmd).writerDescriptor.func1()
	/opt/hostedtoolcache/go/1.25.0/x64/src/os/exec/exec.go:596 +0x40
os/exec.(*Cmd).Start.func2(0x0?)
	/opt/hostedtoolcache/go/1.25.0/x64/src/os/exec/exec.go:749 +0x30
created by os/exec.(*Cmd).Start in goroutine 97
	/opt/hostedtoolcache/go/1.25.0/x64/src/os/exec/exec.go:748 +0x6a4

=== RENDER WATCHDOG ===
Time:      2026-05-02T03:08:37+08:00
Version:   1.17.17
Go:        go1.25.0
Stale for: 16s
Diagnosis: No render completed in 16s. Main loop is likely blocked.

--- All Goroutine Stacks ---
goroutine 100 [running]:
github.com/nmelo/initech/internal/tui.dumpWatchdogStacks({0x140000e6258, 0x18}, {0x10343c230, 0x7}, 0x3c2f02948)
	/home/runner/work/initech/initech/internal/tui/watchdog.go:51 +0x5c
github.com/nmelo/initech/internal/tui.renderWatchdog(0x140000d3468, 0x2540be400, {0x140000e6258, 0x18}, {0x10343c230, 0x7}, 0x140002a4310)
	/home/runner/work/initech/initech/internal/tui/watchdog.go:35 +0x158
created by github.com/nmelo/initech/internal/tui.Run in goroutine 1
	/home/runner/work/initech/initech/internal/tui/tui.go:946 +0x2408

goroutine 1 [syscall]:
syscall.syscall(0x1400004c638?, 0x102c5371c?, 0x80000000000?, 0x7ffff80000000000?)
	/opt/hostedtoolcache/go/1.25.0/x64/src/runtime/sys_darwin.go:27 +0x40
syscall.write(0x140000ac480?, {0x14001e98000?, 0x1?, 0x6?})
	/opt/hostedtoolcache/go/1.25.0/x64/src/syscall/zsyscall_darwin_arm64.go:1709 +0x48
syscall.Write(...)
	/opt/hostedtoolcache/go/1.25.0/x64/src/syscall/syscall_unix.go:211
internal/poll.ignoringEINTRIO(...)
	/opt/hostedtoolcache/go/1.25.0/x64/src/internal/poll/fd_unix.go:738
internal/poll.(*FD).Write(0x140000ac480, {0x14001e98000, 0x453e, 0x8000})
	/opt/hostedtoolcache/go/1.25.0/x64/src/internal/poll/fd_unix.go:374 +0x2b4
os.(*File).write(...)
	/opt/hostedtoolcache/go/1.25.0/x64/src/os/file_posix.go:46
os.(*File).Write(0x140000b4020, {0x14001e98000?, 0x453e, 0x102ce7740?})
	/opt/hostedtoolcache/go/1.25.0/x64/src/os/file.go:215 +0x54
github.com/gdamore/tcell/v2.(*devTty).Write(0x103441e90?, {0x14001e98000?, 0x1034421d0?, 0x1032e1c2e?})
	/home/runner/go/pkg/mod/github.com/gdamore/tcell/v2@v2.13.8/tty_unix.go:53 +0x24
bytes.(*Buffer).WriteTo(0x1400028c468, {0x1040b4400?, 0x140000ac600?})
	/opt/hostedtoolcache/go/1.25.0/x64/src/bytes/buffer.go:267 +0x70
github.com/gdamore/tcell/v2.(*tScreen).draw(0x1400028c408)
	/home/runner/go/pkg/mod/github.com/gdamore/tcell/v2@v2.13.8/tscreen.go:787 +0x160
github.com/gdamore/tcell/v2.(*tScreen).Show(0x1400028c408)
	/home/runner/go/pkg/mod/github.com/gdamore/tcell/v2@v2.13.8/tscreen.go:714 +0x9c
github.com/nmelo/initech/internal/tui.(*TUI).render(0x140000d3088)
	/home/runner/work/initech/initech/internal/tui/render.go:119 +0x884
github.com/nmelo/initech/internal/tui.Run({{0x14000290288, 0x5, 0x5}, {0x140000cc970, 0xa}, {0x140000e6258, 0x18}, 0x0, 0x0, {0x10343c230, ...}, ...})
	/home/runner/work/initech/initech/internal/tui/tui.go:998 +0x27c8
github.com/nmelo/initech/cmd.runTUI(0x103dbe520, {0x1032dcf61?, 0x4?, 0x1032dd029?})
	/home/runner/work/initech/initech/cmd/root.go:286 +0x820
github.com/spf13/cobra.(*Command).execute(0x103dbe520, {0x14000126040, 0x0, 0x0})
	/home/runner/go/pkg/mod/github.com/spf13/cobra@v1.10.2/command.go:1015 +0x7d4
github.com/spf13/cobra.(*Command).ExecuteC(0x103dbe520)
	/home/runner/go/pkg/mod/github.com/spf13/cobra@v1.10.2/command.go:1148 +0x350
github.com/spf13/cobra.(*Command).Execute(...)
	/home/runner/go/pkg/mod/github.com/spf13/cobra@v1.10.2/command.go:1071
github.com/nmelo/initech/cmd.init.func4()
	/home/runner/work/initech/initech/cmd/root.go:41 +0x24
github.com/nmelo/initech/cmd.Execute()
	/home/runner/work/initech/initech/cmd/root.go:134 +0x28
main.main()
	/home/runner/work/initech/initech/main.go:7 +0x1c

goroutine 13 [select, 715 minutes]:
github.com/gdamore/tcell/v2.(*devTty).Start.func1(0x140002a40e0)
	/home/runner/go/pkg/mod/github.com/gdamore/tcell/v2@v2.13.8/tty_unix.go:94 +0x8c
created by github.com/gdamore/tcell/v2.(*devTty).Start in goroutine 1
	/home/runner/go/pkg/mod/github.com/gdamore/tcell/v2@v2.13.8/tty_unix.go:91 +0x20c

goroutine 15 [syscall, 715 minutes]:
os/signal.signal_recv()
	/opt/hostedtoolcache/go/1.25.0/x64/src/runtime/sigqueue.go:149 +0x2c
os/signal.loop()
	/opt/hostedtoolcache/go/1.25.0/x64/src/os/signal/signal_unix.go:23 +0x1c
created by os/signal.Notify.func1.1 in goroutine 1
	/opt/hostedtoolcache/go/1.25.0/x64/src/os/signal/signal.go:152 +0x28

goroutine 16 [syscall, 96 minutes]:
syscall.syscall(0x14000106598?, 0x102c51e24?, 0x800000?, 0x7ffff800000?)
	/opt/hostedtoolcache/go/1.25.0/x64/src/runtime/sys_darwin.go:27 +0x40
syscall.read(0x140000ac480?, {0x140030bfa80?, 0x14000106608?, 0x102b6f838?})
	/opt/hostedtoolcache/go/1.25.0/x64/src/syscall/zsyscall_darwin_arm64.go:1245 +0x48
syscall.Read(...)
	/opt/hostedtoolcache/go/1.25.0/x64/src/syscall/syscall_unix.go:183
internal/poll.ignoringEINTRIO(...)
	/opt/hostedtoolcache/go/1.25.0/x64/src/internal/poll/fd_unix.go:738
internal/poll.(*FD).Read(0x140000ac480, {0x140030bfa80, 0x80, 0x80})
	/opt/hostedtoolcache/go/1.25.0/x64/src/internal/poll/fd_unix.go:161 +0x204
os.(*File).read(...)
	/opt/hostedtoolcache/go/1.25.0/x64/src/os/file_posix.go:29
os.(*File).Read(0x140000b4020, {0x140030bfa80?, 0x1?, 0x0?})
	/opt/hostedtoolcache/go/1.25.0/x64/src/os/file.go:144 +0x68
github.com/gdamore/tcell/v2.(*devTty).Read(0x0?, {0x140030bfa80?, 0x80?, 0x80?})
	/home/runner/go/pkg/mod/github.com/gdamore/tcell/v2@v2.13.8/tty_unix.go:49 +0x24
github.com/gdamore/tcell/v2.(*tScreen).inputLoop(0x1400028c408, 0x140002a42a0)
	/home/runner/go/pkg/mod/github.com/gdamore/tcell/v2@v2.13.8/tscreen.go:1051 +0xa4
created by github.com/gdamore/tcell/v2.(*tScreen).engage in goroutine 1
	/home/runner/go/pkg/mod/github.com/gdamore/tcell/v2@v2.13.8/tscreen.go:1211 +0x374

goroutine 49 [select, 96 minutes]:
github.com/gdamore/tcell/v2.(*tScreen).mainLoop(0x1400028c408, 0x140002a42a0)
	/home/runner/go/pkg/mod/github.com/gdamore/tcell/v2@v2.13.8/tscreen.go:1020 +0xbc
created by github.com/gdamore/tcell/v2.(*tScreen).engage in goroutine 1
	/home/runner/go/pkg/mod/github.com/gdamore/tcell/v2@v2.13.8/tscreen.go:1212 +0x3bc

goroutine 50 [chan receive, 715 minutes]:
github.com/nmelo/initech/internal/tui.installSignalHandlers.func1()
	/home/runner/work/initech/initech/internal/tui/signals.go:55 +0x4c
created by github.com/nmelo/initech/internal/tui.installSignalHandlers in goroutine 1
	/home/runner/work/initech/initech/internal/tui/signals.go:54 +0x11c

goroutine 51 [chan receive, 715 minutes]:
github.com/nmelo/initech/internal/telemetry.(*Client).sender(0x140000dc380)
	/home/runner/work/initech/initech/internal/telemetry/telemetry.go:126 +0xcc
created by github.com/nmelo/initech/internal/telemetry.Init in goroutine 1
	/home/runner/work/initech/initech/internal/telemetry/telemetry.go:62 +0x134

goroutine 52 [IO wait, 715 minutes]:
internal/poll.runtime_pollWait(0x14aa91000, 0x72)
	/opt/hostedtoolcache/go/1.25.0/x64/src/runtime/netpoll.go:351 +0xa0
internal/poll.(*pollDesc).wait(0x140001a4080?, 0x0?, 0x0)
	/opt/hostedtoolcache/go/1.25.0/x64/src/internal/poll/fd_poll_runtime.go:84 +0x28
internal/poll.(*pollDesc).waitRead(...)
	/opt/hostedtoolcache/go/1.25.0/x64/src/internal/poll/fd_poll_runtime.go:89
internal/poll.(*FD).Accept(0x140001a4080)
	/opt/hostedtoolcache/go/1.25.0/x64/src/internal/poll/fd_unix.go:613 +0x21c
net.(*netFD).accept(0x140001a4080)
	/opt/hostedtoolcache/go/1.25.0/x64/src/net/fd_unix.go:161 +0x28
net.(*UnixListener).accept(0x2baa1f35a874?)
	/opt/hostedtoolcache/go/1.25.0/x64/src/net/unixsock_posix.go:172 +0x20
net.(*UnixListener).Accept(0x140000b06f0)
	/opt/hostedtoolcache/go/1.25.0/x64/src/net/unixsock.go:260 +0x2c
github.com/nmelo/initech/internal/tui.(*TUI).startIPC.func1()
	/home/runner/work/initech/initech/internal/tui/ipc.go:85 +0x58
github.com/nmelo/initech/internal/tui.(*TUI).safeGo.func1()
	/home/runner/work/initech/initech/internal/tui/crash.go:34 +0x4c
created by github.com/nmelo/initech/internal/tui.(*TUI).safeGo in goroutine 1
	/home/runner/work/initech/initech/internal/tui/crash.go:18 +0x68

goroutine 81 [syscall, 96 minutes]:
syscall.syscall(0x14000274dc8?, 0x102c51e24?, 0x800000?, 0x7ffff800000?)
	/opt/hostedtoolcache/go/1.25.0/x64/src/runtime/sys_darwin.go:27 +0x40
syscall.read(0x140002180c0?, {0x14000110000?, 0x14000274e08?, 0x103039d4c?})
	/opt/hostedtoolcache/go/1.25.0/x64/src/syscall/zsyscall_darwin_arm64.go:1245 +0x48
syscall.Read(...)
	/opt/hostedtoolcache/go/1.25.0/x64/src/syscall/syscall_unix.go:183
internal/poll.ignoringEINTRIO(...)
	/opt/hostedtoolcache/go/1.25.0/x64/src/internal/poll/fd_unix.go:738
internal/poll.(*FD).Read(0x140002180c0, {0x14000110000, 0x8000, 0x8000})
	/opt/hostedtoolcache/go/1.25.0/x64/src/internal/poll/fd_unix.go:161 +0x204
os.(*File).read(...)
	/opt/hostedtoolcache/go/1.25.0/x64/src/os/file_posix.go:29
os.(*File).Read(0x1400011c0e8, {0x14000110000?, 0xa3?, 0x8000?})
	/opt/hostedtoolcache/go/1.25.0/x64/src/os/file.go:144 +0x68
github.com/nmelo/initech/internal/tui.(*Pane).readLoop(0x140000dea88)
	/home/runner/work/initech/initech/internal/tui/pane.go:405 +0x5c
github.com/nmelo/initech/internal/tui.(*Pane).Start.func2()
	/home/runner/work/initech/initech/internal/tui/pane.go:395 +0x4c
github.com/nmelo/initech/internal/tui.(*TUI).safeGo.func1()
	/home/runner/work/initech/initech/internal/tui/crash.go:34 +0x4c
created by github.com/nmelo/initech/internal/tui.(*TUI).safeGo in goroutine 1
	/home/runner/work/initech/initech/internal/tui/crash.go:18 +0x68

goroutine 82 [select, 96 minutes]:
io.(*pipe).read(0x140000ac720, {0x140002bee50, 0x100, 0x0?})
	/opt/hostedtoolcache/go/1.25.0/x64/src/io/pipe.go:57 +0x7c
io.(*PipeReader).Read(...)
	/opt/hostedtoolcache/go/1.25.0/x64/src/io/pipe.go:134
github.com/charmbracelet/x/vt.(*Emulator).Read(0x1400011c0e8?, {0x140002bee50?, 0xb?, 0x0?})
	/home/runner/go/pkg/mod/github.com/nmelo/x/vt@v0.0.0-20260402173550-246f6ae86935/emulator.go:256 +0x54
github.com/charmbracelet/x/vt.(*SafeEmulator).Read(...)
	/home/runner/go/pkg/mod/github.com/nmelo/x/vt@v0.0.0-20260402173550-246f6ae86935/safe_emulator.go:34
github.com/nmelo/initech/internal/tui.(*Pane).responseLoop(0x140000dea88)
	/home/runner/work/initech/initech/internal/tui/pane.go:468 +0x5c
github.com/nmelo/initech/internal/tui.(*Pane).Start.func3()
	/home/runner/work/initech/initech/internal/tui/pane.go:396 +0x4c
github.com/nmelo/initech/internal/tui.(*TUI).safeGo.func1()
	/home/runner/work/initech/initech/internal/tui/crash.go:34 +0x4c
created by github.com/nmelo/initech/internal/tui.(*TUI).safeGo in goroutine 1
	/home/runner/work/initech/initech/internal/tui/crash.go:18 +0x68

goroutine 83 [syscall]:
syscall.syscall(0x1400012e000?, 0x3d?, 0x14003877c68?, 0x10308c420?)
	/opt/hostedtoolcache/go/1.25.0/x64/src/runtime/sys_darwin.go:27 +0x40
syscall.Open({0x1400012e000?, 0x10308c204?}, 0x1100000, 0x0)
	/opt/hostedtoolcache/go/1.25.0/x64/src/syscall/zsyscall_darwin_arm64.go:1162 +0x74
os.open(...)
	/opt/hostedtoolcache/go/1.25.0/x64/src/os/file_open_unix.go:15
os.openDirNolog.func1(...)
	/opt/hostedtoolcache/go/1.25.0/x64/src/os/file_unix.go:290
os.ignoringEINTR(...)
	/opt/hostedtoolcache/go/1.25.0/x64/src/os/file_posix.go:256
os.openDirNolog({0x1400012e000, 0x3d})
	/opt/hostedtoolcache/go/1.25.0/x64/src/os/file_unix.go:289 +0x44
os.openDir({0x1400012e000, 0x3d})
	/opt/hostedtoolcache/go/1.25.0/x64/src/os/file.go:428 +0x30
os.ReadDir({0x1400012e000?, 0x14000056008?})
	/opt/hostedtoolcache/go/1.25.0/x64/src/os/dir.go:115 +0x38
github.com/nmelo/initech/internal/tui.newestJSONL({0x1400012e000, 0x3d})
	/home/runner/work/initech/initech/internal/tui/pane_journal.go:324 +0x28
github.com/nmelo/initech/internal/tui.(*Pane).watchJSONL(0x140000dea88)
	/home/runner/work/initech/initech/internal/tui/pane_journal.go:40 +0x17c
github.com/nmelo/initech/internal/tui.(*Pane).Start.func4()
	/home/runner/work/initech/initech/internal/tui/pane.go:398 +0x4c
github.com/nmelo/initech/internal/tui.(*TUI).safeGo.func1()
	/home/runner/work/initech/initech/internal/tui/crash.go:34 +0x4c
created by github.com/nmelo/initech/internal/tui.(*TUI).safeGo in goroutine 1
	/home/runner/work/initech/initech/internal/tui/crash.go:18 +0x68

goroutine 84 [syscall, 116 minutes]:
syscall.syscall(0x14002d62dc8?, 0x102c51e24?, 0x800000?, 0x7ffff800000?)
	/opt/hostedtoolcache/go/1.25.0/x64/src/runtime/sys_darwin.go:27 +0x40
syscall.read(0x140002181e0?, {0x14000df2000?, 0x14002d62e08?, 0x103039d4c?})
	/opt/hostedtoolcache/go/1.25.0/x64/src/syscall/zsyscall_darwin_arm64.go:1245 +0x48
syscall.Read(...)
	/opt/hostedtoolcache/go/1.25.0/x64/src/syscall/syscall_unix.go:183
internal/poll.ignoringEINTRIO(...)
	/opt/hostedtoolcache/go/1.25.0/x64/src/internal/poll/fd_unix.go:738
internal/poll.(*FD).Read(0x140002181e0, {0x14000df2000, 0x8000, 0x8000})
	/opt/hostedtoolcache/go/1.25.0/x64/src/internal/poll/fd_unix.go:161 +0x204
os.(*File).read(...)
	/opt/hostedtoolcache/go/1.25.0/x64/src/os/file_posix.go:29
os.(*File).Read(0x1400011c570, {0x14000df2000?, 0x5d?, 0x8000?})
	/opt/hostedtoolcache/go/1.25.0/x64/src/os/file.go:144 +0x68
github.com/nmelo/initech/internal/tui.(*Pane).readLoop(0x140000df188)
	/home/runner/work/initech/initech/internal/tui/pane.go:405 +0x5c
github.com/nmelo/initech/internal/tui.(*Pane).Start.func2()
	/home/runner/work/initech/initech/internal/tui/pane.go:395 +0x4c
github.com/nmelo/initech/internal/tui.(*TUI).safeGo.func1()
	/home/runner/work/initech/initech/internal/tui/crash.go:34 +0x4c
created by github.com/nmelo/initech/internal/tui.(*TUI).safeGo in goroutine 1
	/home/runner/work/initech/initech/internal/tui/crash.go:18 +0x68

goroutine 85 [select, 116 minutes]:
io.(*pipe).read(0x14000218180, {0x140002bfe50, 0x100, 0x0?})
	/opt/hostedtoolcache/go/1.25.0/x64/src/io/pipe.go:57 +0x7c
io.(*PipeReader).Read(...)
	/opt/hostedtoolcache/go/1.25.0/x64/src/io/pipe.go:134
github.com/charmbracelet/x/vt.(*Emulator).Read(0x1400011c570?, {0x140002bfe50?, 0xb?, 0x0?})
	/home/runner/go/pkg/mod/github.com/nmelo/x/vt@v0.0.0-20260402173550-246f6ae86935/emulator.go:256 +0x54
github.com/charmbracelet/x/vt.(*SafeEmulator).Read(...)
	/home/runner/go/pkg/mod/github.com/nmelo/x/vt@v0.0.0-20260402173550-246f6ae86935/safe_emulator.go:34
github.com/nmelo/initech/internal/tui.(*Pane).responseLoop(0x140000df188)
	/home/runner/work/initech/initech/internal/tui/pane.go:468 +0x5c
github.com/nmelo/initech/internal/tui.(*Pane).Start.func3()
	/home/runner/work/initech/initech/internal/tui/pane.go:396 +0x4c
github.com/nmelo/initech/internal/tui.(*TUI).safeGo.func1()
	/home/runner/work/initech/initech/internal/tui/crash.go:34 +0x4c
created by github.com/nmelo/initech/internal/tui.(*TUI).safeGo in goroutine 1
	/home/runner/work/initech/initech/internal/tui/crash.go:18 +0x68

goroutine 86 [chan receive]:
github.com/nmelo/initech/internal/tui.(*Pane).watchJSONL(0x140000df188)
	/home/runner/work/initech/initech/internal/tui/pane_journal.go:30 +0x9c
github.com/nmelo/initech/internal/tui.(*Pane).Start.func4()
	/home/runner/work/initech/initech/internal/tui/pane.go:398 +0x4c
github.com/nmelo/initech/internal/tui.(*TUI).safeGo.func1()
	/home/runner/work/initech/initech/internal/tui/crash.go:34 +0x4c
created by github.com/nmelo/initech/internal/tui.(*TUI).safeGo in goroutine 1
	/home/runner/work/initech/initech/internal/tui/crash.go:18 +0x68

goroutine 70 [syscall, 22 minutes]:
syscall.syscall(0x14002d5fdc8?, 0x102c51e24?, 0x800000?, 0x7ffff800000?)
	/opt/hostedtoolcache/go/1.25.0/x64/src/runtime/sys_darwin.go:27 +0x40
syscall.read(0x1400007c3c0?, {0x14000990000?, 0x14002d5fe08?, 0x103039d4c?})
	/opt/hostedtoolcache/go/1.25.0/x64/src/syscall/zsyscall_darwin_arm64.go:1245 +0x48
syscall.Read(...)
	/opt/hostedtoolcache/go/1.25.0/x64/src/syscall/syscall_unix.go:183
internal/poll.ignoringEINTRIO(...)
	/opt/hostedtoolcache/go/1.25.0/x64/src/internal/poll/fd_unix.go:738
internal/poll.(*FD).Read(0x1400007c3c0, {0x14000990000, 0x8000, 0x8000})
	/opt/hostedtoolcache/go/1.25.0/x64/src/internal/poll/fd_unix.go:161 +0x204
os.(*File).read(...)
	/opt/hostedtoolcache/go/1.25.0/x64/src/os/file_posix.go:29
os.(*File).Read(0x1400011c118, {0x14000990000?, 0xcb?, 0x8000?})
	/opt/hostedtoolcache/go/1.25.0/x64/src/os/file.go:144 +0x68
github.com/nmelo/initech/internal/tui.(*Pane).readLoop(0x140000df888)
	/home/runner/work/initech/initech/internal/tui/pane.go:405 +0x5c
github.com/nmelo/initech/internal/tui.(*Pane).Start.func2()
	/home/runner/work/initech/initech/internal/tui/pane.go:395 +0x4c
github.com/nmelo/initech/internal/tui.(*TUI).safeGo.func1()
	/home/runner/work/initech/initech/internal/tui/crash.go:34 +0x4c
created by github.com/nmelo/initech/internal/tui.(*TUI).safeGo in goroutine 1
	/home/runner/work/initech/initech/internal/tui/crash.go:18 +0x68

goroutine 71 [select, 715 minutes]:
io.(*pipe).read(0x140002182a0, {0x14000275e50, 0x100, 0x0?})
	/opt/hostedtoolcache/go/1.25.0/x64/src/io/pipe.go:57 +0x7c
io.(*PipeReader).Read(...)
	/opt/hostedtoolcache/go/1.25.0/x64/src/io/pipe.go:134
github.com/charmbracelet/x/vt.(*Emulator).Read(0x1400011c118?, {0x14000275e50?, 0xd?, 0x0?})
	/home/runner/go/pkg/mod/github.com/nmelo/x/vt@v0.0.0-20260402173550-246f6ae86935/emulator.go:256 +0x54
github.com/charmbracelet/x/vt.(*SafeEmulator).Read(...)
	/home/runner/go/pkg/mod/github.com/nmelo/x/vt@v0.0.0-20260402173550-246f6ae86935/safe_emulator.go:34
github.com/nmelo/initech/internal/tui.(*Pane).responseLoop(0x140000df888)
	/home/runner/work/initech/initech/internal/tui/pane.go:468 +0x5c
github.com/nmelo/initech/internal/tui.(*Pane).Start.func3()
	/home/runner/work/initech/initech/internal/tui/pane.go:396 +0x4c
github.com/nmelo/initech/internal/tui.(*TUI).safeGo.func1()
	/home/runner/work/initech/initech/internal/tui/crash.go:34 +0x4c
created by github.com/nmelo/initech/internal/tui.(*TUI).safeGo in goroutine 1
	/home/runner/work/initech/initech/internal/tui/crash.go:18 +0x68

goroutine 72 [chan receive]:
github.com/nmelo/initech/internal/tui.(*Pane).watchJSONL(0x140000df888)
	/home/runner/work/initech/initech/internal/tui/pane_journal.go:30 +0x9c
github.com/nmelo/initech/internal/tui.(*Pane).Start.func4()
	/home/runner/work/initech/initech/internal/tui/pane.go:398 +0x4c
github.com/nmelo/initech/internal/tui.(*TUI).safeGo.func1()
	/home/runner/work/initech/initech/internal/tui/crash.go:34 +0x4c
created by github.com/nmelo/initech/internal/tui.(*TUI).safeGo in goroutine 1
	/home/runner/work/initech/initech/internal/tui/crash.go:18 +0x68

goroutine 73 [syscall, 16 minutes]:
syscall.syscall(0x140002c4dc8?, 0x102c51e24?, 0x800000?, 0x7ffff800000?)
	/opt/hostedtoolcache/go/1.25.0/x64/src/runtime/sys_darwin.go:27 +0x40
syscall.read(0x1400007c4e0?, {0x14001732000?, 0x12?, 0x0?})
	/opt/hostedtoolcache/go/1.25.0/x64/src/syscall/zsyscall_darwin_arm64.go:1245 +0x48
syscall.Read(...)
	/opt/hostedtoolcache/go/1.25.0/x64/src/syscall/syscall_unix.go:183
internal/poll.ignoringEINTRIO(...)
	/opt/hostedtoolcache/go/1.25.0/x64/src/internal/poll/fd_unix.go:738
internal/poll.(*FD).Read(0x1400007c4e0, {0x14001732000, 0x8000, 0x8000})
	/opt/hostedtoolcache/go/1.25.0/x64/src/internal/poll/fd_unix.go:161 +0x204
os.(*File).read(...)
	/opt/hostedtoolcache/go/1.25.0/x64/src/os/file_posix.go:29
os.(*File).Read(0x1400011cb98, {0x14001732000?, 0xad?, 0x8000?})
	/opt/hostedtoolcache/go/1.25.0/x64/src/os/file.go:144 +0x68
github.com/nmelo/initech/internal/tui.(*Pane).readLoop(0x14000248708)
	/home/runner/work/initech/initech/internal/tui/pane.go:405 +0x5c
github.com/nmelo/initech/internal/tui.(*Pane).Start.func2()
	/home/runner/work/initech/initech/internal/tui/pane.go:395 +0x4c
github.com/nmelo/initech/internal/tui.(*TUI).safeGo.func1()
	/home/runner/work/initech/initech/internal/tui/crash.go:34 +0x4c
created by github.com/nmelo/initech/internal/tui.(*TUI).safeGo in goroutine 1
	/home/runner/work/initech/initech/internal/tui/crash.go:18 +0x68

goroutine 74 [select, 715 minutes]:
io.(*pipe).read(0x1400007c480, {0x140002c2e50, 0x100, 0x0?})
	/opt/hostedtoolcache/go/1.25.0/x64/src/io/pipe.go:57 +0x7c
io.(*PipeReader).Read(...)
	/opt/hostedtoolcache/go/1.25.0/x64/src/io/pipe.go:134
github.com/charmbracelet/x/vt.(*Emulator).Read(0x1400011cb98?, {0x140002c2e50?, 0x18?, 0x0?})
	/home/runner/go/pkg/mod/github.com/nmelo/x/vt@v0.0.0-20260402173550-246f6ae86935/emulator.go:256 +0x54
github.com/charmbracelet/x/vt.(*SafeEmulator).Read(...)
	/home/runner/go/pkg/mod/github.com/nmelo/x/vt@v0.0.0-20260402173550-246f6ae86935/safe_emulator.go:34
github.com/nmelo/initech/internal/tui.(*Pane).responseLoop(0x14000248708)
	/home/runner/work/initech/initech/internal/tui/pane.go:468 +0x5c
github.com/nmelo/initech/internal/tui.(*Pane).Start.func3()
	/home/runner/work/initech/initech/internal/tui/pane.go:396 +0x4c
github.com/nmelo/initech/internal/tui.(*TUI).safeGo.func1()
	/home/runner/work/initech/initech/internal/tui/crash.go:34 +0x4c
created by github.com/nmelo/initech/internal/tui.(*TUI).safeGo in goroutine 1
	/home/runner/work/initech/initech/internal/tui/crash.go:18 +0x68

goroutine 75 [chan receive]:
github.com/nmelo/initech/internal/tui.(*Pane).watchJSONL(0x14000248708)
	/home/runner/work/initech/initech/internal/tui/pane_journal.go:30 +0x9c
github.com/nmelo/initech/internal/tui.(*Pane).Start.func4()
	/home/runner/work/initech/initech/internal/tui/pane.go:398 +0x4c
github.com/nmelo/initech/internal/tui.(*TUI).safeGo.func1()
	/home/runner/work/initech/initech/internal/tui/crash.go:34 +0x4c
created by github.com/nmelo/initech/internal/tui.(*TUI).safeGo in goroutine 1
	/home/runner/work/initech/initech/internal/tui/crash.go:18 +0x68

goroutine 76 [syscall, 715 minutes]:
syscall.syscall(0x14000277dc8?, 0x102c51e24?, 0x800000?, 0x7ffff800000?)
	/opt/hostedtoolcache/go/1.25.0/x64/src/runtime/sys_darwin.go:27 +0x40
syscall.read(0x1400007c600?, {0x14001bf8000?, 0x14000277e08?, 0x103039d4c?})
	/opt/hostedtoolcache/go/1.25.0/x64/src/syscall/zsyscall_darwin_arm64.go:1245 +0x48
syscall.Read(...)
	/opt/hostedtoolcache/go/1.25.0/x64/src/syscall/syscall_unix.go:183
internal/poll.ignoringEINTRIO(...)
	/opt/hostedtoolcache/go/1.25.0/x64/src/internal/poll/fd_unix.go:738
internal/poll.(*FD).Read(0x1400007c600, {0x14001bf8000, 0x8000, 0x8000})
	/opt/hostedtoolcache/go/1.25.0/x64/src/internal/poll/fd_unix.go:161 +0x204
os.(*File).read(...)
	/opt/hostedtoolcache/go/1.25.0/x64/src/os/file_posix.go:29
os.(*File).Read(0x1400011ceb0, {0x14001bf8000?, 0x27?, 0x8000?})
	/opt/hostedtoolcache/go/1.25.0/x64/src/os/file.go:144 +0x68
github.com/nmelo/initech/internal/tui.(*Pane).readLoop(0x14000248e08)
	/home/runner/work/initech/initech/internal/tui/pane.go:405 +0x5c
github.com/nmelo/initech/internal/tui.(*Pane).Start.func2()
	/home/runner/work/initech/initech/internal/tui/pane.go:395 +0x4c
github.com/nmelo/initech/internal/tui.(*TUI).safeGo.func1()
	/home/runner/work/initech/initech/internal/tui/crash.go:34 +0x4c
created by github.com/nmelo/initech/internal/tui.(*TUI).safeGo in goroutine 1
	/home/runner/work/initech/initech/internal/tui/crash.go:18 +0x68

goroutine 77 [select, 715 minutes]:
io.(*pipe).read(0x1400007c5a0, {0x14000272e50, 0x100, 0x0?})
	/opt/hostedtoolcache/go/1.25.0/x64/src/io/pipe.go:57 +0x7c
io.(*PipeReader).Read(...)
	/opt/hostedtoolcache/go/1.25.0/x64/src/io/pipe.go:134
github.com/charmbracelet/x/vt.(*Emulator).Read(0x1400011ceb0?, {0x14000272e50?, 0xd?, 0x0?})
	/home/runner/go/pkg/mod/github.com/nmelo/x/vt@v0.0.0-20260402173550-246f6ae86935/emulator.go:256 +0x54
github.com/charmbracelet/x/vt.(*SafeEmulator).Read(...)
	/home/runner/go/pkg/mod/github.com/nmelo/x/vt@v0.0.0-20260402173550-246f6ae86935/safe_emulator.go:34
github.com/nmelo/initech/internal/tui.(*Pane).responseLoop(0x14000248e08)
	/home/runner/work/initech/initech/internal/tui/pane.go:468 +0x5c
github.com/nmelo/initech/internal/tui.(*Pane).Start.func3()
	/home/runner/work/initech/initech/internal/tui/pane.go:396 +0x4c
github.com/nmelo/initech/internal/tui.(*TUI).safeGo.func1()
	/home/runner/work/initech/initech/internal/tui/crash.go:34 +0x4c
created by github.com/nmelo/initech/internal/tui.(*TUI).safeGo in goroutine 1
	/home/runner/work/initech/initech/internal/tui/crash.go:18 +0x68

goroutine 78 [chan receive]:
github.com/nmelo/initech/internal/tui.(*Pane).watchJSONL(0x14000248e08)
	/home/runner/work/initech/initech/internal/tui/pane_journal.go:30 +0x9c
github.com/nmelo/initech/internal/tui.(*Pane).Start.func4()
	/home/runner/work/initech/initech/internal/tui/pane.go:398 +0x4c
github.com/nmelo/initech/internal/tui.(*TUI).safeGo.func1()
	/home/runner/work/initech/initech/internal/tui/crash.go:34 +0x4c
created by github.com/nmelo/initech/internal/tui.(*TUI).safeGo in goroutine 1
	/home/runner/work/initech/initech/internal/tui/crash.go:18 +0x68

goroutine 97 [select]:
github.com/nmelo/initech/internal/tui.(*TUI).startBatteryPoller.func1()
	/home/runner/work/initech/initech/internal/tui/poll.go:93 +0xac
github.com/nmelo/initech/internal/tui.(*TUI).safeGo.func1()
	/home/runner/work/initech/initech/internal/tui/crash.go:34 +0x4c
created by github.com/nmelo/initech/internal/tui.(*TUI).safeGo in goroutine 1
	/home/runner/work/initech/initech/internal/tui/crash.go:18 +0x68

goroutine 98 [select, 96 minutes]:
github.com/gdamore/tcell/v2.(*baseScreen).PollEvent(0x140000a6f70)
	/home/runner/go/pkg/mod/github.com/gdamore/tcell/v2@v2.13.8/screen.go:511 +0x74
github.com/nmelo/initech/internal/tui.Run.func15()
	/home/runner/work/initech/initech/internal/tui/tui.go:927 +0x50
github.com/nmelo/initech/internal/tui.(*TUI).safeGo.func1()
	/home/runner/work/initech/initech/internal/tui/crash.go:34 +0x4c
created by github.com/nmelo/initech/internal/tui.(*TUI).safeGo in goroutine 1
	/home/runner/work/initech/initech/internal/tui/crash.go:18 +0x68

=== RENDER WATCHDOG ===
Time:      2026-05-02T03:09:11+08:00
Version:   1.17.17
Go:        go1.25.0
Stale for: 33s
Diagnosis: No render completed in 33s. Main loop is likely blocked.

--- All Goroutine Stacks ---
goroutine 100 [running]:
github.com/nmelo/initech/internal/tui.dumpWatchdogStacks({0x140000e6258, 0x18}, {0x10343c230, 0x7}, 0x7c3ea24a8)
	/home/runner/work/initech/initech/internal/tui/watchdog.go:51 +0x5c
github.com/nmelo/initech/internal/tui.renderWatchdog(0x140000d3468, 0x2540be400, {0x140000e6258, 0x18}, {0x10343c230, 0x7}, 0x140002a4310)
	/home/runner/work/initech/initech/internal/tui/watchdog.go:35 +0x158
created by github.com/nmelo/initech/internal/tui.Run in goroutine 1
	/home/runner/work/initech/initech/internal/tui/tui.go:946 +0x2408

goroutine 1 [runnable]:
github.com/gdamore/tcell/v2.(*CellBuffer).Fill(...)
	/home/runner/go/pkg/mod/github.com/gdamore/tcell/v2@v2.13.8/cell.go:262
github.com/gdamore/tcell/v2.(*baseScreen).Fill(0x140000a6f70, 0x20, {0x0, 0x0, 0x0, 0x0, 0x0, {0x0, 0x0}, {0x0, ...}})
	/home/runner/go/pkg/mod/github.com/gdamore/tcell/v2@v2.13.8/screen.go:447 +0xc4
github.com/gdamore/tcell/v2.(*baseScreen).Clear(0x14000248e08?)
	/home/runner/go/pkg/mod/github.com/gdamore/tcell/v2@v2.13.8/screen.go:441 +0x58
github.com/nmelo/initech/internal/tui.(*TUI).render(0x140000d3088)
	/home/runner/work/initech/initech/internal/tui/render.go:34 +0x1b4
github.com/nmelo/initech/internal/tui.Run({{0x14000290288, 0x5, 0x5}, {0x140000cc970, 0xa}, {0x140000e6258, 0x18}, 0x0, 0x0, {0x10343c230, ...}, ...})
	/home/runner/work/initech/initech/internal/tui/tui.go:998 +0x27c8
github.com/nmelo/initech/cmd.runTUI(0x103dbe520, {0x1032dcf61?, 0x4?, 0x1032dd029?})
	/home/runner/work/initech/initech/cmd/root.go:286 +0x820
github.com/spf13/cobra.(*Command).execute(0x103dbe520, {0x14000126040, 0x0, 0x0})
	/home/runner/go/pkg/mod/github.com/spf13/cobra@v1.10.2/command.go:1015 +0x7d4
github.com/spf13/cobra.(*Command).ExecuteC(0x103dbe520)
	/home/runner/go/pkg/mod/github.com/spf13/cobra@v1.10.2/command.go:1148 +0x350
github.com/spf13/cobra.(*Command).Execute(...)
	/home/runner/go/pkg/mod/github.com/spf13/cobra@v1.10.2/command.go:1071
github.com/nmelo/initech/cmd.init.func4()
	/home/runner/work/initech/initech/cmd/root.go:41 +0x24
github.com/nmelo/initech/cmd.Execute()
	/home/runner/work/initech/initech/cmd/root.go:134 +0x28
main.main()
	/home/runner/work/initech/initech/main.go:7 +0x1c

goroutine 13 [select, 716 minutes]:
github.com/gdamore/tcell/v2.(*devTty).Start.func1(0x140002a40e0)
	/home/runner/go/pkg/mod/github.com/gdamore/tcell/v2@v2.13.8/tty_unix.go:94 +0x8c
created by github.com/gdamore/tcell/v2.(*devTty).Start in goroutine 1
	/home/runner/go/pkg/mod/github.com/gdamore/tcell/v2@v2.13.8/tty_unix.go:91 +0x20c

goroutine 15 [syscall, 716 minutes]:
os/signal.signal_recv()
	/opt/hostedtoolcache/go/1.25.0/x64/src/runtime/sigqueue.go:149 +0x2c
os/signal.loop()
	/opt/hostedtoolcache/go/1.25.0/x64/src/os/signal/signal_unix.go:23 +0x1c
created by os/signal.Notify.func1.1 in goroutine 1
	/opt/hostedtoolcache/go/1.25.0/x64/src/os/signal/signal.go:152 +0x28

goroutine 16 [syscall, 97 minutes]:
syscall.syscall(0x14000106598?, 0x102c51e24?, 0x800000?, 0x7ffff800000?)
	/opt/hostedtoolcache/go/1.25.0/x64/src/runtime/sys_darwin.go:27 +0x40
syscall.read(0x140000ac480?, {0x140030bfa80?, 0x14000106608?, 0x102b6f838?})
	/opt/hostedtoolcache/go/1.25.0/x64/src/syscall/zsyscall_darwin_arm64.go:1245 +0x48
syscall.Read(...)
	/opt/hostedtoolcache/go/1.25.0/x64/src/syscall/syscall_unix.go:183
internal/poll.ignoringEINTRIO(...)
	/opt/hostedtoolcache/go/1.25.0/x64/src/internal/poll/fd_unix.go:738
internal/poll.(*FD).Read(0x140000ac480, {0x140030bfa80, 0x80, 0x80})
	/opt/hostedtoolcache/go/1.25.0/x64/src/internal/poll/fd_unix.go:161 +0x204
os.(*File).read(...)
	/opt/hostedtoolcache/go/1.25.0/x64/src/os/file_posix.go:29
os.(*File).Read(0x140000b4020, {0x140030bfa80?, 0x1?, 0x0?})
	/opt/hostedtoolcache/go/1.25.0/x64/src/os/file.go:144 +0x68
github.com/gdamore/tcell/v2.(*devTty).Read(0x0?, {0x140030bfa80?, 0x80?, 0x80?})
	/home/runner/go/pkg/mod/github.com/gdamore/tcell/v2@v2.13.8/tty_unix.go:49 +0x24
github.com/gdamore/tcell/v2.(*tScreen).inputLoop(0x1400028c408, 0x140002a42a0)
	/home/runner/go/pkg/mod/github.com/gdamore/tcell/v2@v2.13.8/tscreen.go:1051 +0xa4
created by github.com/gdamore/tcell/v2.(*tScreen).engage in goroutine 1
	/home/runner/go/pkg/mod/github.com/gdamore/tcell/v2@v2.13.8/tscreen.go:1211 +0x374

goroutine 49 [select, 97 minutes]:
github.com/gdamore/tcell/v2.(*tScreen).mainLoop(0x1400028c408, 0x140002a42a0)
	/home/runner/go/pkg/mod/github.com/gdamore/tcell/v2@v2.13.8/tscreen.go:1020 +0xbc
created by github.com/gdamore/tcell/v2.(*tScreen).engage in goroutine 1
	/home/runner/go/pkg/mod/github.com/gdamore/tcell/v2@v2.13.8/tscreen.go:1212 +0x3bc

goroutine 50 [chan receive, 716 minutes]:
github.com/nmelo/initech/internal/tui.installSignalHandlers.func1()
	/home/runner/work/initech/initech/internal/tui/signals.go:55 +0x4c
created by github.com/nmelo/initech/internal/tui.installSignalHandlers in goroutine 1
	/home/runner/work/initech/initech/internal/tui/signals.go:54 +0x11c

goroutine 51 [chan receive, 716 minutes]:
github.com/nmelo/initech/internal/telemetry.(*Client).sender(0x140000dc380)
	/home/runner/work/initech/initech/internal/telemetry/telemetry.go:126 +0xcc
created by github.com/nmelo/initech/internal/telemetry.Init in goroutine 1
	/home/runner/work/initech/initech/internal/telemetry/telemetry.go:62 +0x134

goroutine 52 [IO wait, 716 minutes]:
internal/poll.runtime_pollWait(0x14aa91000, 0x72)
	/opt/hostedtoolcache/go/1.25.0/x64/src/runtime/netpoll.go:351 +0xa0
internal/poll.(*pollDesc).wait(0x140001a4080?, 0x0?, 0x0)
	/opt/hostedtoolcache/go/1.25.0/x64/src/internal/poll/fd_poll_runtime.go:84 +0x28
internal/poll.(*pollDesc).waitRead(...)
	/opt/hostedtoolcache/go/1.25.0/x64/src/internal/poll/fd_poll_runtime.go:89
internal/poll.(*FD).Accept(0x140001a4080)
	/opt/hostedtoolcache/go/1.25.0/x64/src/internal/poll/fd_unix.go:613 +0x21c
net.(*netFD).accept(0x140001a4080)
	/opt/hostedtoolcache/go/1.25.0/x64/src/net/fd_unix.go:161 +0x28
net.(*UnixListener).accept(0x2baa1f35a874?)
	/opt/hostedtoolcache/go/1.25.0/x64/src/net/unixsock_posix.go:172 +0x20
net.(*UnixListener).Accept(0x140000b06f0)
	/opt/hostedtoolcache/go/1.25.0/x64/src/net/unixsock.go:260 +0x2c
github.com/nmelo/initech/internal/tui.(*TUI).startIPC.func1()
	/home/runner/work/initech/initech/internal/tui/ipc.go:85 +0x58
github.com/nmelo/initech/internal/tui.(*TUI).safeGo.func1()
	/home/runner/work/initech/initech/internal/tui/crash.go:34 +0x4c
created by github.com/nmelo/initech/internal/tui.(*TUI).safeGo in goroutine 1
	/home/runner/work/initech/initech/internal/tui/crash.go:18 +0x68

goroutine 81 [syscall, 97 minutes]:
syscall.syscall(0x14000274dc8?, 0x102c51e24?, 0x800000?, 0x7ffff800000?)
	/opt/hostedtoolcache/go/1.25.0/x64/src/runtime/sys_darwin.go:27 +0x40
syscall.read(0x140002180c0?, {0x14000110000?, 0x14000274e08?, 0x103039d4c?})
	/opt/hostedtoolcache/go/1.25.0/x64/src/syscall/zsyscall_darwin_arm64.go:1245 +0x48
syscall.Read(...)
	/opt/hostedtoolcache/go/1.25.0/x64/src/syscall/syscall_unix.go:183
internal/poll.ignoringEINTRIO(...)
	/opt/hostedtoolcache/go/1.25.0/x64/src/internal/poll/fd_unix.go:738
internal/poll.(*FD).Read(0x140002180c0, {0x14000110000, 0x8000, 0x8000})
	/opt/hostedtoolcache/go/1.25.0/x64/src/internal/poll/fd_unix.go:161 +0x204
os.(*File).read(...)
	/opt/hostedtoolcache/go/1.25.0/x64/src/os/file_posix.go:29
os.(*File).Read(0x1400011c0e8, {0x14000110000?, 0xa3?, 0x8000?})
	/opt/hostedtoolcache/go/1.25.0/x64/src/os/file.go:144 +0x68
github.com/nmelo/initech/internal/tui.(*Pane).readLoop(0x140000dea88)
	/home/runner/work/initech/initech/internal/tui/pane.go:405 +0x5c
github.com/nmelo/initech/internal/tui.(*Pane).Start.func2()
	/home/runner/work/initech/initech/internal/tui/pane.go:395 +0x4c
github.com/nmelo/initech/internal/tui.(*TUI).safeGo.func1()
	/home/runner/work/initech/initech/internal/tui/crash.go:34 +0x4c
created by github.com/nmelo/initech/internal/tui.(*TUI).safeGo in goroutine 1
	/home/runner/work/initech/initech/internal/tui/crash.go:18 +0x68

goroutine 82 [select, 97 minutes]:
io.(*pipe).read(0x140000ac720, {0x140002bee50, 0x100, 0x0?})
	/opt/hostedtoolcache/go/1.25.0/x64/src/io/pipe.go:57 +0x7c
io.(*PipeReader).Read(...)
	/opt/hostedtoolcache/go/1.25.0/x64/src/io/pipe.go:134
github.com/charmbracelet/x/vt.(*Emulator).Read(0x1400011c0e8?, {0x140002bee50?, 0xb?, 0x0?})
	/home/runner/go/pkg/mod/github.com/nmelo/x/vt@v0.0.0-20260402173550-246f6ae86935/emulator.go:256 +0x54
github.com/charmbracelet/x/vt.(*SafeEmulator).Read(...)
	/home/runner/go/pkg/mod/github.com/nmelo/x/vt@v0.0.0-20260402173550-246f6ae86935/safe_emulator.go:34
github.com/nmelo/initech/internal/tui.(*Pane).responseLoop(0x140000dea88)
	/home/runner/work/initech/initech/internal/tui/pane.go:468 +0x5c
github.com/nmelo/initech/internal/tui.(*Pane).Start.func3()
	/home/runner/work/initech/initech/internal/tui/pane.go:396 +0x4c
github.com/nmelo/initech/internal/tui.(*TUI).safeGo.func1()
	/home/runner/work/initech/initech/internal/tui/crash.go:34 +0x4c
created by github.com/nmelo/initech/internal/tui.(*TUI).safeGo in goroutine 1
	/home/runner/work/initech/initech/internal/tui/crash.go:18 +0x68

goroutine 83 [runnable]:
syscall.syscallPtr(0x0?, 0x0?, 0x0?, 0x102c55b40?)
	/opt/hostedtoolcache/go/1.25.0/x64/src/runtime/sys_darwin.go:101 +0x40
syscall.fdopendir(0x103f193e8?)
	/opt/hostedtoolcache/go/1.25.0/x64/src/syscall/syscall_darwin.go:235 +0x34
internal/poll.(*FD).OpenDir(0x10?)
	/opt/hostedtoolcache/go/1.25.0/x64/src/internal/poll/fd_opendir_darwin.go:24 +0x40
os.(*File).readdir(0x14003888248, 0xffffffffffffffff, 0x1)
	/opt/hostedtoolcache/go/1.25.0/x64/src/os/dir_darwin.go:35 +0x5c
os.(*File).ReadDir(0x1400012e000?, 0x3d?)
	/opt/hostedtoolcache/go/1.25.0/x64/src/os/dir.go:101 +0x24
os.ReadDir({0x1400012e000?, 0x14000103180?})
	/opt/hostedtoolcache/go/1.25.0/x64/src/os/dir.go:121 +0x94
github.com/nmelo/initech/internal/tui.newestJSONL({0x1400012e000, 0x3d})
	/home/runner/work/initech/initech/internal/tui/pane_journal.go:324 +0x28
github.com/nmelo/initech/internal/tui.(*Pane).watchJSONL(0x140000dea88)
	/home/runner/work/initech/initech/internal/tui/pane_journal.go:40 +0x17c
github.com/nmelo/initech/internal/tui.(*Pane).Start.func4()
	/home/runner/work/initech/initech/internal/tui/pane.go:398 +0x4c
github.com/nmelo/initech/internal/tui.(*TUI).safeGo.func1()
	/home/runner/work/initech/initech/internal/tui/crash.go:34 +0x4c
created by github.com/nmelo/initech/internal/tui.(*TUI).safeGo in goroutine 1
	/home/runner/work/initech/initech/internal/tui/crash.go:18 +0x68

goroutine 84 [syscall, 116 minutes]:
syscall.syscall(0x14002d62dc8?, 0x102c51e24?, 0x800000?, 0x7ffff800000?)
	/opt/hostedtoolcache/go/1.25.0/x64/src/runtime/sys_darwin.go:27 +0x40
syscall.read(0x140002181e0?, {0x14000df2000?, 0x14002d62e08?, 0x103039d4c?})
	/opt/hostedtoolcache/go/1.25.0/x64/src/syscall/zsyscall_darwin_arm64.go:1245 +0x48
syscall.Read(...)
	/opt/hostedtoolcache/go/1.25.0/x64/src/syscall/syscall_unix.go:183
internal/poll.ignoringEINTRIO(...)
	/opt/hostedtoolcache/go/1.25.0/x64/src/internal/poll/fd_unix.go:738
internal/poll.(*FD).Read(0x140002181e0, {0x14000df2000, 0x8000, 0x8000})
	/opt/hostedtoolcache/go/1.25.0/x64/src/internal/poll/fd_unix.go:161 +0x204
os.(*File).read(...)
	/opt/hostedtoolcache/go/1.25.0/x64/src/os/file_posix.go:29
os.(*File).Read(0x1400011c570, {0x14000df2000?, 0x5d?, 0x8000?})
	/opt/hostedtoolcache/go/1.25.0/x64/src/os/file.go:144 +0x68
github.com/nmelo/initech/internal/tui.(*Pane).readLoop(0x140000df188)
	/home/runner/work/initech/initech/internal/tui/pane.go:405 +0x5c
github.com/nmelo/initech/internal/tui.(*Pane).Start.func2()
	/home/runner/work/initech/initech/internal/tui/pane.go:395 +0x4c
github.com/nmelo/initech/internal/tui.(*TUI).safeGo.func1()
	/home/runner/work/initech/initech/internal/tui/crash.go:34 +0x4c
created by github.com/nmelo/initech/internal/tui.(*TUI).safeGo in goroutine 1
	/home/runner/work/initech/initech/internal/tui/crash.go:18 +0x68

goroutine 85 [select, 117 minutes]:
io.(*pipe).read(0x14000218180, {0x140002bfe50, 0x100, 0x0?})
	/opt/hostedtoolcache/go/1.25.0/x64/src/io/pipe.go:57 +0x7c
io.(*PipeReader).Read(...)
	/opt/hostedtoolcache/go/1.25.0/x64/src/io/pipe.go:134
github.com/charmbracelet/x/vt.(*Emulator).Read(0x1400011c570?, {0x140002bfe50?, 0xb?, 0x0?})
	/home/runner/go/pkg/mod/github.com/nmelo/x/vt@v0.0.0-20260402173550-246f6ae86935/emulator.go:256 +0x54
github.com/charmbracelet/x/vt.(*SafeEmulator).Read(...)
	/home/runner/go/pkg/mod/github.com/nmelo/x/vt@v0.0.0-20260402173550-246f6ae86935/safe_emulator.go:34
github.com/nmelo/initech/internal/tui.(*Pane).responseLoop(0x140000df188)
	/home/runner/work/initech/initech/internal/tui/pane.go:468 +0x5c
github.com/nmelo/initech/internal/tui.(*Pane).Start.func3()
	/home/runner/work/initech/initech/internal/tui/pane.go:396 +0x4c
github.com/nmelo/initech/internal/tui.(*TUI).safeGo.func1()
	/home/runner/work/initech/initech/internal/tui/crash.go:34 +0x4c
created by github.com/nmelo/initech/internal/tui.(*TUI).safeGo in goroutine 1
	/home/runner/work/initech/initech/internal/tui/crash.go:18 +0x68

goroutine 86 [runnable]:
github.com/nmelo/initech/internal/tui.(*Pane).watchJSONL(0x140000df188)
	/home/runner/work/initech/initech/internal/tui/pane_journal.go:30 +0x9c
github.com/nmelo/initech/internal/tui.(*Pane).Start.func4()
	/home/runner/work/initech/initech/internal/tui/pane.go:398 +0x4c
github.com/nmelo/initech/internal/tui.(*TUI).safeGo.func1()
	/home/runner/work/initech/initech/internal/tui/crash.go:34 +0x4c
created by github.com/nmelo/initech/internal/tui.(*TUI).safeGo in goroutine 1
	/home/runner/work/initech/initech/internal/tui/crash.go:18 +0x68

goroutine 70 [syscall, 23 minutes]:
syscall.syscall(0x14002d5fdc8?, 0x102c51e24?, 0x800000?, 0x7ffff800000?)
	/opt/hostedtoolcache/go/1.25.0/x64/src/runtime/sys_darwin.go:27 +0x40
syscall.read(0x1400007c3c0?, {0x14000990000?, 0x14002d5fe08?, 0x103039d4c?})
	/opt/hostedtoolcache/go/1.25.0/x64/src/syscall/zsyscall_darwin_arm64.go:1245 +0x48
syscall.Read(...)
	/opt/hostedtoolcache/go/1.25.0/x64/src/syscall/syscall_unix.go:183
internal/poll.ignoringEINTRIO(...)
	/opt/hostedtoolcache/go/1.25.0/x64/src/internal/poll/fd_unix.go:738
internal/poll.(*FD).Read(0x1400007c3c0, {0x14000990000, 0x8000, 0x8000})
	/opt/hostedtoolcache/go/1.25.0/x64/src/internal/poll/fd_unix.go:161 +0x204
os.(*File).read(...)
	/opt/hostedtoolcache/go/1.25.0/x64/src/os/file_posix.go:29
os.(*File).Read(0x1400011c118, {0x14000990000?, 0xcb?, 0x8000?})
	/opt/hostedtoolcache/go/1.25.0/x64/src/os/file.go:144 +0x68
github.com/nmelo/initech/internal/tui.(*Pane).readLoop(0x140000df888)
	/home/runner/work/initech/initech/internal/tui/pane.go:405 +0x5c
github.com/nmelo/initech/internal/tui.(*Pane).Start.func2()
	/home/runner/work/initech/initech/internal/tui/pane.go:395 +0x4c
github.com/nmelo/initech/internal/tui.(*TUI).safeGo.func1()
	/home/runner/work/initech/initech/internal/tui/crash.go:34 +0x4c
created by github.com/nmelo/initech/internal/tui.(*TUI).safeGo in goroutine 1
	/home/runner/work/initech/initech/internal/tui/crash.go:18 +0x68

goroutine 71 [select, 716 minutes]:
io.(*pipe).read(0x140002182a0, {0x14000275e50, 0x100, 0x0?})
	/opt/hostedtoolcache/go/1.25.0/x64/src/io/pipe.go:57 +0x7c
io.(*PipeReader).Read(...)
	/opt/hostedtoolcache/go/1.25.0/x64/src/io/pipe.go:134
github.com/charmbracelet/x/vt.(*Emulator).Read(0x1400011c118?, {0x14000275e50?, 0xd?, 0x0?})
	/home/runner/go/pkg/mod/github.com/nmelo/x/vt@v0.0.0-20260402173550-246f6ae86935/emulator.go:256 +0x54
github.com/charmbracelet/x/vt.(*SafeEmulator).Read(...)
	/home/runner/go/pkg/mod/github.com/nmelo/x/vt@v0.0.0-20260402173550-246f6ae86935/safe_emulator.go:34
github.com/nmelo/initech/internal/tui.(*Pane).responseLoop(0x140000df888)
	/home/runner/work/initech/initech/internal/tui/pane.go:468 +0x5c
github.com/nmelo/initech/internal/tui.(*Pane).Start.func3()
	/home/runner/work/initech/initech/internal/tui/pane.go:396 +0x4c
github.com/nmelo/initech/internal/tui.(*TUI).safeGo.func1()
	/home/runner/work/initech/initech/internal/tui/crash.go:34 +0x4c
created by github.com/nmelo/initech/internal/tui.(*TUI).safeGo in goroutine 1
	/home/runner/work/initech/initech/internal/tui/crash.go:18 +0x68

goroutine 72 [runnable]:
syscall.syscallPtr(0x0?, 0x0?, 0x0?, 0x102c55b40?)
	/opt/hostedtoolcache/go/1.25.0/x64/src/runtime/sys_darwin.go:101 +0x40
syscall.fdopendir(0x103f193e8?)
	/opt/hostedtoolcache/go/1.25.0/x64/src/syscall/syscall_darwin.go:235 +0x34
internal/poll.(*FD).OpenDir(0x10?)
	/opt/hostedtoolcache/go/1.25.0/x64/src/internal/poll/fd_opendir_darwin.go:24 +0x40
os.(*File).readdir(0x14003888240, 0xffffffffffffffff, 0x1)
	/opt/hostedtoolcache/go/1.25.0/x64/src/os/dir_darwin.go:35 +0x5c
os.(*File).ReadDir(0x1400012e140?, 0x3c?)
	/opt/hostedtoolcache/go/1.25.0/x64/src/os/dir.go:101 +0x24
os.ReadDir({0x1400012e140?, 0x14000582c40?})
	/opt/hostedtoolcache/go/1.25.0/x64/src/os/dir.go:121 +0x94
github.com/nmelo/initech/internal/tui.newestJSONL({0x1400012e140, 0x3c})
	/home/runner/work/initech/initech/internal/tui/pane_journal.go:324 +0x28
github.com/nmelo/initech/internal/tui.(*Pane).watchJSONL(0x140000df888)
	/home/runner/work/initech/initech/internal/tui/pane_journal.go:40 +0x17c
github.com/nmelo/initech/internal/tui.(*Pane).Start.func4()
	/home/runner/work/initech/initech/internal/tui/pane.go:398 +0x4c
github.com/nmelo/initech/internal/tui.(*TUI).safeGo.func1()
	/home/runner/work/initech/initech/internal/tui/crash.go:34 +0x4c
created by github.com/nmelo/initech/internal/tui.(*TUI).safeGo in goroutine 1
	/home/runner/work/initech/initech/internal/tui/crash.go:18 +0x68

goroutine 73 [syscall, 17 minutes]:
syscall.syscall(0x140002c4dc8?, 0x102c51e24?, 0x800000?, 0x7ffff800000?)
	/opt/hostedtoolcache/go/1.25.0/x64/src/runtime/sys_darwin.go:27 +0x40
syscall.read(0x1400007c4e0?, {0x14001732000?, 0x12?, 0x0?})
	/opt/hostedtoolcache/go/1.25.0/x64/src/syscall/zsyscall_darwin_arm64.go:1245 +0x48
syscall.Read(...)
	/opt/hostedtoolcache/go/1.25.0/x64/src/syscall/syscall_unix.go:183
internal/poll.ignoringEINTRIO(...)
	/opt/hostedtoolcache/go/1.25.0/x64/src/internal/poll/fd_unix.go:738
internal/poll.(*FD).Read(0x1400007c4e0, {0x14001732000, 0x8000, 0x8000})
	/opt/hostedtoolcache/go/1.25.0/x64/src/internal/poll/fd_unix.go:161 +0x204
os.(*File).read(...)
	/opt/hostedtoolcache/go/1.25.0/x64/src/os/file_posix.go:29
os.(*File).Read(0x1400011cb98, {0x14001732000?, 0xad?, 0x8000?})
	/opt/hostedtoolcache/go/1.25.0/x64/src/os/file.go:144 +0x68
github.com/nmelo/initech/internal/tui.(*Pane).readLoop(0x14000248708)
	/home/runner/work/initech/initech/internal/tui/pane.go:405 +0x5c
github.com/nmelo/initech/internal/tui.(*Pane).Start.func2()
	/home/runner/work/initech/initech/internal/tui/pane.go:395 +0x4c
github.com/nmelo/initech/internal/tui.(*TUI).safeGo.func1()
	/home/runner/work/initech/initech/internal/tui/crash.go:34 +0x4c
created by github.com/nmelo/initech/internal/tui.(*TUI).safeGo in goroutine 1
	/home/runner/work/initech/initech/internal/tui/crash.go:18 +0x68

goroutine 74 [select, 716 minutes]:
io.(*pipe).read(0x1400007c480, {0x140002c2e50, 0x100, 0x0?})
	/opt/hostedtoolcache/go/1.25.0/x64/src/io/pipe.go:57 +0x7c
io.(*PipeReader).Read(...)
	/opt/hostedtoolcache/go/1.25.0/x64/src/io/pipe.go:134
github.com/charmbracelet/x/vt.(*Emulator).Read(0x1400011cb98?, {0x140002c2e50?, 0x18?, 0x0?})
	/home/runner/go/pkg/mod/github.com/nmelo/x/vt@v0.0.0-20260402173550-246f6ae86935/emulator.go:256 +0x54
github.com/charmbracelet/x/vt.(*SafeEmulator).Read(...)
	/home/runner/go/pkg/mod/github.com/nmelo/x/vt@v0.0.0-20260402173550-246f6ae86935/safe_emulator.go:34
github.com/nmelo/initech/internal/tui.(*Pane).responseLoop(0x14000248708)
	/home/runner/work/initech/initech/internal/tui/pane.go:468 +0x5c
github.com/nmelo/initech/internal/tui.(*Pane).Start.func3()
	/home/runner/work/initech/initech/internal/tui/pane.go:396 +0x4c
github.com/nmelo/initech/internal/tui.(*TUI).safeGo.func1()
	/home/runner/work/initech/initech/internal/tui/crash.go:34 +0x4c
created by github.com/nmelo/initech/internal/tui.(*TUI).safeGo in goroutine 1
	/home/runner/work/initech/initech/internal/tui/crash.go:18 +0x68

goroutine 75 [chan receive]:
github.com/nmelo/initech/internal/tui.(*Pane).watchJSONL(0x14000248708)
	/home/runner/work/initech/initech/internal/tui/pane_journal.go:30 +0x9c
github.com/nmelo/initech/internal/tui.(*Pane).Start.func4()
	/home/runner/work/initech/initech/internal/tui/pane.go:398 +0x4c
github.com/nmelo/initech/internal/tui.(*TUI).safeGo.func1()
	/home/runner/work/initech/initech/internal/tui/crash.go:34 +0x4c
created by github.com/nmelo/initech/internal/tui.(*TUI).safeGo in goroutine 1
	/home/runner/work/initech/initech/internal/tui/crash.go:18 +0x68

goroutine 76 [syscall, 715 minutes]:
syscall.syscall(0x14000277dc8?, 0x102c51e24?, 0x800000?, 0x7ffff800000?)
	/opt/hostedtoolcache/go/1.25.0/x64/src/runtime/sys_darwin.go:27 +0x40
syscall.read(0x1400007c600?, {0x14001bf8000?, 0x14000277e08?, 0x103039d4c?})
	/opt/hostedtoolcache/go/1.25.0/x64/src/syscall/zsyscall_darwin_arm64.go:1245 +0x48
syscall.Read(...)
	/opt/hostedtoolcache/go/1.25.0/x64/src/syscall/syscall_unix.go:183
internal/poll.ignoringEINTRIO(...)
	/opt/hostedtoolcache/go/1.25.0/x64/src/internal/poll/fd_unix.go:738
internal/poll.(*FD).Read(0x1400007c600, {0x14001bf8000, 0x8000, 0x8000})
	/opt/hostedtoolcache/go/1.25.0/x64/src/internal/poll/fd_unix.go:161 +0x204
os.(*File).read(...)
	/opt/hostedtoolcache/go/1.25.0/x64/src/os/file_posix.go:29
os.(*File).Read(0x1400011ceb0, {0x14001bf8000?, 0x27?, 0x8000?})
	/opt/hostedtoolcache/go/1.25.0/x64/src/os/file.go:144 +0x68
github.com/nmelo/initech/internal/tui.(*Pane).readLoop(0x14000248e08)
	/home/runner/work/initech/initech/internal/tui/pane.go:405 +0x5c
github.com/nmelo/initech/internal/tui.(*Pane).Start.func2()
	/home/runner/work/initech/initech/internal/tui/pane.go:395 +0x4c
github.com/nmelo/initech/internal/tui.(*TUI).safeGo.func1()
	/home/runner/work/initech/initech/internal/tui/crash.go:34 +0x4c
created by github.com/nmelo/initech/internal/tui.(*TUI).safeGo in goroutine 1
	/home/runner/work/initech/initech/internal/tui/crash.go:18 +0x68

goroutine 77 [select, 716 minutes]:
io.(*pipe).read(0x1400007c5a0, {0x14000272e50, 0x100, 0x0?})
	/opt/hostedtoolcache/go/1.25.0/x64/src/io/pipe.go:57 +0x7c
io.(*PipeReader).Read(...)
	/opt/hostedtoolcache/go/1.25.0/x64/src/io/pipe.go:134
github.com/charmbracelet/x/vt.(*Emulator).Read(0x1400011ceb0?, {0x14000272e50?, 0xd?, 0x0?})
	/home/runner/go/pkg/mod/github.com/nmelo/x/vt@v0.0.0-20260402173550-246f6ae86935/emulator.go:256 +0x54
github.com/charmbracelet/x/vt.(*SafeEmulator).Read(...)
	/home/runner/go/pkg/mod/github.com/nmelo/x/vt@v0.0.0-20260402173550-246f6ae86935/safe_emulator.go:34
github.com/nmelo/initech/internal/tui.(*Pane).responseLoop(0x14000248e08)
	/home/runner/work/initech/initech/internal/tui/pane.go:468 +0x5c
github.com/nmelo/initech/internal/tui.(*Pane).Start.func3()
	/home/runner/work/initech/initech/internal/tui/pane.go:396 +0x4c
github.com/nmelo/initech/internal/tui.(*TUI).safeGo.func1()
	/home/runner/work/initech/initech/internal/tui/crash.go:34 +0x4c
created by github.com/nmelo/initech/internal/tui.(*TUI).safeGo in goroutine 1
	/home/runner/work/initech/initech/internal/tui/crash.go:18 +0x68

goroutine 78 [runnable]:
github.com/nmelo/initech/internal/tui.(*Pane).watchJSONL(0x14000248e08)
	/home/runner/work/initech/initech/internal/tui/pane_journal.go:30 +0x9c
github.com/nmelo/initech/internal/tui.(*Pane).Start.func4()
	/home/runner/work/initech/initech/internal/tui/pane.go:398 +0x4c
github.com/nmelo/initech/internal/tui.(*TUI).safeGo.func1()
	/home/runner/work/initech/initech/internal/tui/crash.go:34 +0x4c
created by github.com/nmelo/initech/internal/tui.(*TUI).safeGo in goroutine 1
	/home/runner/work/initech/initech/internal/tui/crash.go:18 +0x68

goroutine 97 [syscall]:
syscall.syscall(0x14002d61a58?, 0x102c2c464?, 0x14002d61ad8?, 0x14000033018?)
	/opt/hostedtoolcache/go/1.25.0/x64/src/runtime/sys_darwin.go:27 +0x40
syscall.readlen(0x103df32d0?, 0x140022c40a0?, 0x4?)
	/opt/hostedtoolcache/go/1.25.0/x64/src/syscall/syscall_darwin.go:248 +0x38
syscall.forkExec({0x140022a8020?, 0x102cb96d4?}, {0x1400030a960, 0x3, 0x3}, 0x2?)
	/opt/hostedtoolcache/go/1.25.0/x64/src/syscall/exec_unix.go:220 +0x394
syscall.StartProcess(...)
	/opt/hostedtoolcache/go/1.25.0/x64/src/syscall/exec_unix.go:258
os.startProcess({0x140022a8020, 0xe}, {0x1400030a960, 0x3, 0x3}, 0x14002d61d70)
	/opt/hostedtoolcache/go/1.25.0/x64/src/os/exec_posix.go:55 +0x1e8
os.StartProcess({0x140022a8020, 0xe}, {0x1400030a960, 0x3, 0x3}, 0x14002d61d70)
	/opt/hostedtoolcache/go/1.25.0/x64/src/os/exec.go:266 +0x50
os/exec.(*Cmd).Start(0x14001e7c000)
	/opt/hostedtoolcache/go/1.25.0/x64/src/os/exec/exec.go:725 +0x3e8
os/exec.(*Cmd).Run(0x14001e7c000)
	/opt/hostedtoolcache/go/1.25.0/x64/src/os/exec/exec.go:623 +0x20
os/exec.(*Cmd).Output(0x14001e7c000)
	/opt/hostedtoolcache/go/1.25.0/x64/src/os/exec/exec.go:1018 +0xb4
github.com/nmelo/initech/internal/tui.readBattery()
	/home/runner/work/initech/initech/internal/tui/battery_darwin.go:19 +0x5c
github.com/nmelo/initech/internal/tui.(*TUI).startBatteryPoller.func1()
	/home/runner/work/initech/initech/internal/tui/poll.go:95 +0xc0
github.com/nmelo/initech/internal/tui.(*TUI).safeGo.func1()
	/home/runner/work/initech/initech/internal/tui/crash.go:34 +0x4c
created by github.com/nmelo/initech/internal/tui.(*TUI).safeGo in goroutine 1
	/home/runner/work/initech/initech/internal/tui/crash.go:18 +0x68

goroutine 98 [select, 97 minutes]:
github.com/gdamore/tcell/v2.(*baseScreen).PollEvent(0x140000a6f70)
	/home/runner/go/pkg/mod/github.com/gdamore/tcell/v2@v2.13.8/screen.go:511 +0x74
github.com/nmelo/initech/internal/tui.Run.func15()
	/home/runner/work/initech/initech/internal/tui/tui.go:927 +0x50
github.com/nmelo/initech/internal/tui.(*TUI).safeGo.func1()
	/home/runner/work/initech/initech/internal/tui/crash.go:34 +0x4c
created by github.com/nmelo/initech/internal/tui.(*TUI).safeGo in goroutine 1
	/home/runner/work/initech/initech/internal/tui/crash.go:18 +0x68

=== RENDER WATCHDOG ===
Time:      2026-05-02T03:09:37+08:00
Version:   1.17.17
Go:        go1.25.0
Stale for: 17s
Diagnosis: No render completed in 17s. Main loop is likely blocked.

--- All Goroutine Stacks ---
goroutine 100 [running]:
github.com/nmelo/initech/internal/tui.dumpWatchdogStacks({0x140000e6258, 0x18}, {0x10343c230, 0x7}, 0x3efed2cc0)
	/home/runner/work/initech/initech/internal/tui/watchdog.go:51 +0x5c
github.com/nmelo/initech/internal/tui.renderWatchdog(0x140000d3468, 0x2540be400, {0x140000e6258, 0x18}, {0x10343c230, 0x7}, 0x140002a4310)
	/home/runner/work/initech/initech/internal/tui/watchdog.go:35 +0x158
created by github.com/nmelo/initech/internal/tui.Run in goroutine 1
	/home/runner/work/initech/initech/internal/tui/tui.go:946 +0x2408

goroutine 1 [syscall]:
syscall.syscall(0x1400004c638?, 0x102c5371c?, 0x80000000000?, 0x7ffff80000000000?)
	/opt/hostedtoolcache/go/1.25.0/x64/src/runtime/sys_darwin.go:27 +0x40
syscall.write(0x140000ac480?, {0x14001e98000?, 0x1?, 0x6?})
	/opt/hostedtoolcache/go/1.25.0/x64/src/syscall/zsyscall_darwin_arm64.go:1709 +0x48
syscall.Write(...)
	/opt/hostedtoolcache/go/1.25.0/x64/src/syscall/syscall_unix.go:211
internal/poll.ignoringEINTRIO(...)
	/opt/hostedtoolcache/go/1.25.0/x64/src/internal/poll/fd_unix.go:738
internal/poll.(*FD).Write(0x140000ac480, {0x14001e98000, 0x4559, 0x8000})
	/opt/hostedtoolcache/go/1.25.0/x64/src/internal/poll/fd_unix.go:374 +0x2b4
os.(*File).write(...)
	/opt/hostedtoolcache/go/1.25.0/x64/src/os/file_posix.go:46
os.(*File).Write(0x140000b4020, {0x14001e98000?, 0x4559, 0x102ce7740?})
	/opt/hostedtoolcache/go/1.25.0/x64/src/os/file.go:215 +0x54
github.com/gdamore/tcell/v2.(*devTty).Write(0x103441e90?, {0x14001e98000?, 0x1034421d0?, 0x140025c63d6?})
	/home/runner/go/pkg/mod/github.com/gdamore/tcell/v2@v2.13.8/tty_unix.go:53 +0x24
bytes.(*Buffer).WriteTo(0x1400028c468, {0x1040b4400?, 0x140000ac600?})
	/opt/hostedtoolcache/go/1.25.0/x64/src/bytes/buffer.go:267 +0x70
github.com/gdamore/tcell/v2.(*tScreen).draw(0x1400028c408)
	/home/runner/go/pkg/mod/github.com/gdamore/tcell/v2@v2.13.8/tscreen.go:787 +0x160
github.com/gdamore/tcell/v2.(*tScreen).Show(0x1400028c408)
	/home/runner/go/pkg/mod/github.com/gdamore/tcell/v2@v2.13.8/tscreen.go:714 +0x9c
github.com/nmelo/initech/internal/tui.(*TUI).render(0x140000d3088)
	/home/runner/work/initech/initech/internal/tui/render.go:119 +0x884
github.com/nmelo/initech/internal/tui.Run({{0x14000290288, 0x5, 0x5}, {0x140000cc970, 0xa}, {0x140000e6258, 0x18}, 0x0, 0x0, {0x10343c230, ...}, ...})
	/home/runner/work/initech/initech/internal/tui/tui.go:998 +0x27c8
github.com/nmelo/initech/cmd.runTUI(0x103dbe520, {0x1032dcf61?, 0x4?, 0x1032dd029?})
	/home/runner/work/initech/initech/cmd/root.go:286 +0x820
github.com/spf13/cobra.(*Command).execute(0x103dbe520, {0x14000126040, 0x0, 0x0})
	/home/runner/go/pkg/mod/github.com/spf13/cobra@v1.10.2/command.go:1015 +0x7d4
github.com/spf13/cobra.(*Command).ExecuteC(0x103dbe520)
	/home/runner/go/pkg/mod/github.com/spf13/cobra@v1.10.2/command.go:1148 +0x350
github.com/spf13/cobra.(*Command).Execute(...)
	/home/runner/go/pkg/mod/github.com/spf13/cobra@v1.10.2/command.go:1071
github.com/nmelo/initech/cmd.init.func4()
	/home/runner/work/initech/initech/cmd/root.go:41 +0x24
github.com/nmelo/initech/cmd.Execute()
	/home/runner/work/initech/initech/cmd/root.go:134 +0x28
main.main()
	/home/runner/work/initech/initech/main.go:7 +0x1c

goroutine 13 [select, 716 minutes]:
github.com/gdamore/tcell/v2.(*devTty).Start.func1(0x140002a40e0)
	/home/runner/go/pkg/mod/github.com/gdamore/tcell/v2@v2.13.8/tty_unix.go:94 +0x8c
created by github.com/gdamore/tcell/v2.(*devTty).Start in goroutine 1
	/home/runner/go/pkg/mod/github.com/gdamore/tcell/v2@v2.13.8/tty_unix.go:91 +0x20c

goroutine 15 [syscall, 716 minutes]:
os/signal.signal_recv()
	/opt/hostedtoolcache/go/1.25.0/x64/src/runtime/sigqueue.go:149 +0x2c
os/signal.loop()
	/opt/hostedtoolcache/go/1.25.0/x64/src/os/signal/signal_unix.go:23 +0x1c
created by os/signal.Notify.func1.1 in goroutine 1
	/opt/hostedtoolcache/go/1.25.0/x64/src/os/signal/signal.go:152 +0x28

goroutine 16 [syscall, 97 minutes]:
syscall.syscall(0x14000106598?, 0x102c51e24?, 0x800000?, 0x7ffff800000?)
	/opt/hostedtoolcache/go/1.25.0/x64/src/runtime/sys_darwin.go:27 +0x40
syscall.read(0x140000ac480?, {0x140030bfa80?, 0x14000106608?, 0x102b6f838?})
	/opt/hostedtoolcache/go/1.25.0/x64/src/syscall/zsyscall_darwin_arm64.go:1245 +0x48
syscall.Read(...)
	/opt/hostedtoolcache/go/1.25.0/x64/src/syscall/syscall_unix.go:183
internal/poll.ignoringEINTRIO(...)
	/opt/hostedtoolcache/go/1.25.0/x64/src/internal/poll/fd_unix.go:738
internal/poll.(*FD).Read(0x140000ac480, {0x140030bfa80, 0x80, 0x80})
	/opt/hostedtoolcache/go/1.25.0/x64/src/internal/poll/fd_unix.go:161 +0x204
os.(*File).read(...)
	/opt/hostedtoolcache/go/1.25.0/x64/src/os/file_posix.go:29
os.(*File).Read(0x140000b4020, {0x140030bfa80?, 0x1?, 0x0?})
	/opt/hostedtoolcache/go/1.25.0/x64/src/os/file.go:144 +0x68
github.com/gdamore/tcell/v2.(*devTty).Read(0x0?, {0x140030bfa80?, 0x80?, 0x80?})
	/home/runner/go/pkg/mod/github.com/gdamore/tcell/v2@v2.13.8/tty_unix.go:49 +0x24
github.com/gdamore/tcell/v2.(*tScreen).inputLoop(0x1400028c408, 0x140002a42a0)
	/home/runner/go/pkg/mod/github.com/gdamore/tcell/v2@v2.13.8/tscreen.go:1051 +0xa4
created by github.com/gdamore/tcell/v2.(*tScreen).engage in goroutine 1
	/home/runner/go/pkg/mod/github.com/gdamore/tcell/v2@v2.13.8/tscreen.go:1211 +0x374

goroutine 49 [select, 97 minutes]:
github.com/gdamore/tcell/v2.(*tScreen).mainLoop(0x1400028c408, 0x140002a42a0)
	/home/runner/go/pkg/mod/github.com/gdamore/tcell/v2@v2.13.8/tscreen.go:1020 +0xbc
created by github.com/gdamore/tcell/v2.(*tScreen).engage in goroutine 1
	/home/runner/go/pkg/mod/github.com/gdamore/tcell/v2@v2.13.8/tscreen.go:1212 +0x3bc

goroutine 50 [chan receive, 716 minutes]:
github.com/nmelo/initech/internal/tui.installSignalHandlers.func1()
	/home/runner/work/initech/initech/internal/tui/signals.go:55 +0x4c
created by github.com/nmelo/initech/internal/tui.installSignalHandlers in goroutine 1
	/home/runner/work/initech/initech/internal/tui/signals.go:54 +0x11c

goroutine 51 [chan receive, 716 minutes]:
github.com/nmelo/initech/internal/telemetry.(*Client).sender(0x140000dc380)
	/home/runner/work/initech/initech/internal/telemetry/telemetry.go:126 +0xcc
created by github.com/nmelo/initech/internal/telemetry.Init in goroutine 1
	/home/runner/work/initech/initech/internal/telemetry/telemetry.go:62 +0x134

goroutine 52 [IO wait, 716 minutes]:
internal/poll.runtime_pollWait(0x14aa91000, 0x72)
	/opt/hostedtoolcache/go/1.25.0/x64/src/runtime/netpoll.go:351 +0xa0
internal/poll.(*pollDesc).wait(0x140001a4080?, 0x0?, 0x0)
	/opt/hostedtoolcache/go/1.25.0/x64/src/internal/poll/fd_poll_runtime.go:84 +0x28
internal/poll.(*pollDesc).waitRead(...)
	/opt/hostedtoolcache/go/1.25.0/x64/src/internal/poll/fd_poll_runtime.go:89
internal/poll.(*FD).Accept(0x140001a4080)
	/opt/hostedtoolcache/go/1.25.0/x64/src/internal/poll/fd_unix.go:613 +0x21c
net.(*netFD).accept(0x140001a4080)
	/opt/hostedtoolcache/go/1.25.0/x64/src/net/fd_unix.go:161 +0x28
net.(*UnixListener).accept(0x2baa1f35a874?)
	/opt/hostedtoolcache/go/1.25.0/x64/src/net/unixsock_posix.go:172 +0x20
net.(*UnixListener).Accept(0x140000b06f0)
	/opt/hostedtoolcache/go/1.25.0/x64/src/net/unixsock.go:260 +0x2c
github.com/nmelo/initech/internal/tui.(*TUI).startIPC.func1()
	/home/runner/work/initech/initech/internal/tui/ipc.go:85 +0x58
github.com/nmelo/initech/internal/tui.(*TUI).safeGo.func1()
	/home/runner/work/initech/initech/internal/tui/crash.go:34 +0x4c
created by github.com/nmelo/initech/internal/tui.(*TUI).safeGo in goroutine 1
	/home/runner/work/initech/initech/internal/tui/crash.go:18 +0x68

goroutine 81 [syscall, 97 minutes]:
syscall.syscall(0x14000274dc8?, 0x102c51e24?, 0x800000?, 0x7ffff800000?)
	/opt/hostedtoolcache/go/1.25.0/x64/src/runtime/sys_darwin.go:27 +0x40
syscall.read(0x140002180c0?, {0x14000110000?, 0x14000274e08?, 0x103039d4c?})
	/opt/hostedtoolcache/go/1.25.0/x64/src/syscall/zsyscall_darwin_arm64.go:1245 +0x48
syscall.Read(...)
	/opt/hostedtoolcache/go/1.25.0/x64/src/syscall/syscall_unix.go:183
internal/poll.ignoringEINTRIO(...)
	/opt/hostedtoolcache/go/1.25.0/x64/src/internal/poll/fd_unix.go:738
internal/poll.(*FD).Read(0x140002180c0, {0x14000110000, 0x8000, 0x8000})
	/opt/hostedtoolcache/go/1.25.0/x64/src/internal/poll/fd_unix.go:161 +0x204
os.(*File).read(...)
	/opt/hostedtoolcache/go/1.25.0/x64/src/os/file_posix.go:29
os.(*File).Read(0x1400011c0e8, {0x14000110000?, 0xa3?, 0x8000?})
	/opt/hostedtoolcache/go/1.25.0/x64/src/os/file.go:144 +0x68
github.com/nmelo/initech/internal/tui.(*Pane).readLoop(0x140000dea88)
	/home/runner/work/initech/initech/internal/tui/pane.go:405 +0x5c
github.com/nmelo/initech/internal/tui.(*Pane).Start.func2()
	/home/runner/work/initech/initech/internal/tui/pane.go:395 +0x4c
github.com/nmelo/initech/internal/tui.(*TUI).safeGo.func1()
	/home/runner/work/initech/initech/internal/tui/crash.go:34 +0x4c
created by github.com/nmelo/initech/internal/tui.(*TUI).safeGo in goroutine 1
	/home/runner/work/initech/initech/internal/tui/crash.go:18 +0x68

goroutine 82 [select, 97 minutes]:
io.(*pipe).read(0x140000ac720, {0x140002bee50, 0x100, 0x0?})
	/opt/hostedtoolcache/go/1.25.0/x64/src/io/pipe.go:57 +0x7c
io.(*PipeReader).Read(...)
	/opt/hostedtoolcache/go/1.25.0/x64/src/io/pipe.go:134
github.com/charmbracelet/x/vt.(*Emulator).Read(0x1400011c0e8?, {0x140002bee50?, 0xb?, 0x0?})
	/home/runner/go/pkg/mod/github.com/nmelo/x/vt@v0.0.0-20260402173550-246f6ae86935/emulator.go:256 +0x54
github.com/charmbracelet/x/vt.(*SafeEmulator).Read(...)
	/home/runner/go/pkg/mod/github.com/nmelo/x/vt@v0.0.0-20260402173550-246f6ae86935/safe_emulator.go:34
github.com/nmelo/initech/internal/tui.(*Pane).responseLoop(0x140000dea88)
	/home/runner/work/initech/initech/internal/tui/pane.go:468 +0x5c
github.com/nmelo/initech/internal/tui.(*Pane).Start.func3()
	/home/runner/work/initech/initech/internal/tui/pane.go:396 +0x4c
github.com/nmelo/initech/internal/tui.(*TUI).safeGo.func1()
	/home/runner/work/initech/initech/internal/tui/crash.go:34 +0x4c
created by github.com/nmelo/initech/internal/tui.(*TUI).safeGo in goroutine 1
	/home/runner/work/initech/initech/internal/tui/crash.go:18 +0x68

goroutine 83 [chan receive]:
github.com/nmelo/initech/internal/tui.(*Pane).watchJSONL(0x140000dea88)
	/home/runner/work/initech/initech/internal/tui/pane_journal.go:30 +0x9c
github.com/nmelo/initech/internal/tui.(*Pane).Start.func4()
	/home/runner/work/initech/initech/internal/tui/pane.go:398 +0x4c
github.com/nmelo/initech/internal/tui.(*TUI).safeGo.func1()
	/home/runner/work/initech/initech/internal/tui/crash.go:34 +0x4c
created by github.com/nmelo/initech/internal/tui.(*TUI).safeGo in goroutine 1
	/home/runner/work/initech/initech/internal/tui/crash.go:18 +0x68

goroutine 84 [syscall, 117 minutes]:
syscall.syscall(0x14002d62dc8?, 0x102c51e24?, 0x800000?, 0x7ffff800000?)
	/opt/hostedtoolcache/go/1.25.0/x64/src/runtime/sys_darwin.go:27 +0x40
syscall.read(0x140002181e0?, {0x14000df2000?, 0x14002d62e08?, 0x103039d4c?})
	/opt/hostedtoolcache/go/1.25.0/x64/src/syscall/zsyscall_darwin_arm64.go:1245 +0x48
syscall.Read(...)
	/opt/hostedtoolcache/go/1.25.0/x64/src/syscall/syscall_unix.go:183
internal/poll.ignoringEINTRIO(...)
	/opt/hostedtoolcache/go/1.25.0/x64/src/internal/poll/fd_unix.go:738
internal/poll.(*FD).Read(0x140002181e0, {0x14000df2000, 0x8000, 0x8000})
	/opt/hostedtoolcache/go/1.25.0/x64/src/internal/poll/fd_unix.go:161 +0x204
os.(*File).read(...)
	/opt/hostedtoolcache/go/1.25.0/x64/src/os/file_posix.go:29
os.(*File).Read(0x1400011c570, {0x14000df2000?, 0x5d?, 0x8000?})
	/opt/hostedtoolcache/go/1.25.0/x64/src/os/file.go:144 +0x68
github.com/nmelo/initech/internal/tui.(*Pane).readLoop(0x140000df188)
	/home/runner/work/initech/initech/internal/tui/pane.go:405 +0x5c
github.com/nmelo/initech/internal/tui.(*Pane).Start.func2()
	/home/runner/work/initech/initech/internal/tui/pane.go:395 +0x4c
github.com/nmelo/initech/internal/tui.(*TUI).safeGo.func1()
	/home/runner/work/initech/initech/internal/tui/crash.go:34 +0x4c
created by github.com/nmelo/initech/internal/tui.(*TUI).safeGo in goroutine 1
	/home/runner/work/initech/initech/internal/tui/crash.go:18 +0x68

goroutine 85 [select, 117 minutes]:
io.(*pipe).read(0x14000218180, {0x140002bfe50, 0x100, 0x0?})
	/opt/hostedtoolcache/go/1.25.0/x64/src/io/pipe.go:57 +0x7c
io.(*PipeReader).Read(...)
	/opt/hostedtoolcache/go/1.25.0/x64/src/io/pipe.go:134
github.com/charmbracelet/x/vt.(*Emulator).Read(0x1400011c570?, {0x140002bfe50?, 0xb?, 0x0?})
	/home/runner/go/pkg/mod/github.com/nmelo/x/vt@v0.0.0-20260402173550-246f6ae86935/emulator.go:256 +0x54
github.com/charmbracelet/x/vt.(*SafeEmulator).Read(...)
	/home/runner/go/pkg/mod/github.com/nmelo/x/vt@v0.0.0-20260402173550-246f6ae86935/safe_emulator.go:34
github.com/nmelo/initech/internal/tui.(*Pane).responseLoop(0x140000df188)
	/home/runner/work/initech/initech/internal/tui/pane.go:468 +0x5c
github.com/nmelo/initech/internal/tui.(*Pane).Start.func3()
	/home/runner/work/initech/initech/internal/tui/pane.go:396 +0x4c
github.com/nmelo/initech/internal/tui.(*TUI).safeGo.func1()
	/home/runner/work/initech/initech/internal/tui/crash.go:34 +0x4c
created by github.com/nmelo/initech/internal/tui.(*TUI).safeGo in goroutine 1
	/home/runner/work/initech/initech/internal/tui/crash.go:18 +0x68

goroutine 86 [chan receive]:
github.com/nmelo/initech/internal/tui.(*Pane).watchJSONL(0x140000df188)
	/home/runner/work/initech/initech/internal/tui/pane_journal.go:30 +0x9c
github.com/nmelo/initech/internal/tui.(*Pane).Start.func4()
	/home/runner/work/initech/initech/internal/tui/pane.go:398 +0x4c
github.com/nmelo/initech/internal/tui.(*TUI).safeGo.func1()
	/home/runner/work/initech/initech/internal/tui/crash.go:34 +0x4c
created by github.com/nmelo/initech/internal/tui.(*TUI).safeGo in goroutine 1
	/home/runner/work/initech/initech/internal/tui/crash.go:18 +0x68

goroutine 70 [syscall, 23 minutes]:
syscall.syscall(0x14002d5fdc8?, 0x102c51e24?, 0x800000?, 0x7ffff800000?)
	/opt/hostedtoolcache/go/1.25.0/x64/src/runtime/sys_darwin.go:27 +0x40
syscall.read(0x1400007c3c0?, {0x14000990000?, 0x14002d5fe08?, 0x103039d4c?})
	/opt/hostedtoolcache/go/1.25.0/x64/src/syscall/zsyscall_darwin_arm64.go:1245 +0x48
syscall.Read(...)
	/opt/hostedtoolcache/go/1.25.0/x64/src/syscall/syscall_unix.go:183
internal/poll.ignoringEINTRIO(...)
	/opt/hostedtoolcache/go/1.25.0/x64/src/internal/poll/fd_unix.go:738
internal/poll.(*FD).Read(0x1400007c3c0, {0x14000990000, 0x8000, 0x8000})
	/opt/hostedtoolcache/go/1.25.0/x64/src/internal/poll/fd_unix.go:161 +0x204
os.(*File).read(...)
	/opt/hostedtoolcache/go/1.25.0/x64/src/os/file_posix.go:29
os.(*File).Read(0x1400011c118, {0x14000990000?, 0xcb?, 0x8000?})
	/opt/hostedtoolcache/go/1.25.0/x64/src/os/file.go:144 +0x68
github.com/nmelo/initech/internal/tui.(*Pane).readLoop(0x140000df888)
	/home/runner/work/initech/initech/internal/tui/pane.go:405 +0x5c
github.com/nmelo/initech/internal/tui.(*Pane).Start.func2()
	/home/runner/work/initech/initech/internal/tui/pane.go:395 +0x4c
github.com/nmelo/initech/internal/tui.(*TUI).safeGo.func1()
	/home/runner/work/initech/initech/internal/tui/crash.go:34 +0x4c
created by github.com/nmelo/initech/internal/tui.(*TUI).safeGo in goroutine 1
	/home/runner/work/initech/initech/internal/tui/crash.go:18 +0x68

goroutine 71 [select, 716 minutes]:
io.(*pipe).read(0x140002182a0, {0x14000275e50, 0x100, 0x0?})
	/opt/hostedtoolcache/go/1.25.0/x64/src/io/pipe.go:57 +0x7c
io.(*PipeReader).Read(...)
	/opt/hostedtoolcache/go/1.25.0/x64/src/io/pipe.go:134
github.com/charmbracelet/x/vt.(*Emulator).Read(0x1400011c118?, {0x14000275e50?, 0xd?, 0x0?})
	/home/runner/go/pkg/mod/github.com/nmelo/x/vt@v0.0.0-20260402173550-246f6ae86935/emulator.go:256 +0x54
github.com/charmbracelet/x/vt.(*SafeEmulator).Read(...)
	/home/runner/go/pkg/mod/github.com/nmelo/x/vt@v0.0.0-20260402173550-246f6ae86935/safe_emulator.go:34
github.com/nmelo/initech/internal/tui.(*Pane).responseLoop(0x140000df888)
	/home/runner/work/initech/initech/internal/tui/pane.go:468 +0x5c
github.com/nmelo/initech/internal/tui.(*Pane).Start.func3()
	/home/runner/work/initech/initech/internal/tui/pane.go:396 +0x4c
github.com/nmelo/initech/internal/tui.(*TUI).safeGo.func1()
	/home/runner/work/initech/initech/internal/tui/crash.go:34 +0x4c
created by github.com/nmelo/initech/internal/tui.(*TUI).safeGo in goroutine 1
	/home/runner/work/initech/initech/internal/tui/crash.go:18 +0x68

goroutine 72 [chan receive]:
github.com/nmelo/initech/internal/tui.(*Pane).watchJSONL(0x140000df888)
	/home/runner/work/initech/initech/internal/tui/pane_journal.go:30 +0x9c
github.com/nmelo/initech/internal/tui.(*Pane).Start.func4()
	/home/runner/work/initech/initech/internal/tui/pane.go:398 +0x4c
github.com/nmelo/initech/internal/tui.(*TUI).safeGo.func1()
	/home/runner/work/initech/initech/internal/tui/crash.go:34 +0x4c
created by github.com/nmelo/initech/internal/tui.(*TUI).safeGo in goroutine 1
	/home/runner/work/initech/initech/internal/tui/crash.go:18 +0x68

goroutine 73 [syscall, 17 minutes]:
syscall.syscall(0x140002c4dc8?, 0x102c51e24?, 0x800000?, 0x7ffff800000?)
	/opt/hostedtoolcache/go/1.25.0/x64/src/runtime/sys_darwin.go:27 +0x40
syscall.read(0x1400007c4e0?, {0x14001732000?, 0x12?, 0x0?})
	/opt/hostedtoolcache/go/1.25.0/x64/src/syscall/zsyscall_darwin_arm64.go:1245 +0x48
syscall.Read(...)
	/opt/hostedtoolcache/go/1.25.0/x64/src/syscall/syscall_unix.go:183
internal/poll.ignoringEINTRIO(...)
	/opt/hostedtoolcache/go/1.25.0/x64/src/internal/poll/fd_unix.go:738
internal/poll.(*FD).Read(0x1400007c4e0, {0x14001732000, 0x8000, 0x8000})
	/opt/hostedtoolcache/go/1.25.0/x64/src/internal/poll/fd_unix.go:161 +0x204
os.(*File).read(...)
	/opt/hostedtoolcache/go/1.25.0/x64/src/os/file_posix.go:29
os.(*File).Read(0x1400011cb98, {0x14001732000?, 0xad?, 0x8000?})
	/opt/hostedtoolcache/go/1.25.0/x64/src/os/file.go:144 +0x68
github.com/nmelo/initech/internal/tui.(*Pane).readLoop(0x14000248708)
	/home/runner/work/initech/initech/internal/tui/pane.go:405 +0x5c
github.com/nmelo/initech/internal/tui.(*Pane).Start.func2()
	/home/runner/work/initech/initech/internal/tui/pane.go:395 +0x4c
github.com/nmelo/initech/internal/tui.(*TUI).safeGo.func1()
	/home/runner/work/initech/initech/internal/tui/crash.go:34 +0x4c
created by github.com/nmelo/initech/internal/tui.(*TUI).safeGo in goroutine 1
	/home/runner/work/initech/initech/internal/tui/crash.go:18 +0x68

goroutine 74 [select, 716 minutes]:
io.(*pipe).read(0x1400007c480, {0x140002c2e50, 0x100, 0x0?})
	/opt/hostedtoolcache/go/1.25.0/x64/src/io/pipe.go:57 +0x7c
io.(*PipeReader).Read(...)
	/opt/hostedtoolcache/go/1.25.0/x64/src/io/pipe.go:134
github.com/charmbracelet/x/vt.(*Emulator).Read(0x1400011cb98?, {0x140002c2e50?, 0x18?, 0x0?})
	/home/runner/go/pkg/mod/github.com/nmelo/x/vt@v0.0.0-20260402173550-246f6ae86935/emulator.go:256 +0x54
github.com/charmbracelet/x/vt.(*SafeEmulator).Read(...)
	/home/runner/go/pkg/mod/github.com/nmelo/x/vt@v0.0.0-20260402173550-246f6ae86935/safe_emulator.go:34
github.com/nmelo/initech/internal/tui.(*Pane).responseLoop(0x14000248708)
	/home/runner/work/initech/initech/internal/tui/pane.go:468 +0x5c
github.com/nmelo/initech/internal/tui.(*Pane).Start.func3()
	/home/runner/work/initech/initech/internal/tui/pane.go:396 +0x4c
github.com/nmelo/initech/internal/tui.(*TUI).safeGo.func1()
	/home/runner/work/initech/initech/internal/tui/crash.go:34 +0x4c
created by github.com/nmelo/initech/internal/tui.(*TUI).safeGo in goroutine 1
	/home/runner/work/initech/initech/internal/tui/crash.go:18 +0x68

goroutine 75 [chan receive]:
github.com/nmelo/initech/internal/tui.(*Pane).watchJSONL(0x14000248708)
	/home/runner/work/initech/initech/internal/tui/pane_journal.go:30 +0x9c
github.com/nmelo/initech/internal/tui.(*Pane).Start.func4()
	/home/runner/work/initech/initech/internal/tui/pane.go:398 +0x4c
github.com/nmelo/initech/internal/tui.(*TUI).safeGo.func1()
	/home/runner/work/initech/initech/internal/tui/crash.go:34 +0x4c
created by github.com/nmelo/initech/internal/tui.(*TUI).safeGo in goroutine 1
	/home/runner/work/initech/initech/internal/tui/crash.go:18 +0x68

goroutine 76 [syscall, 716 minutes]:
syscall.syscall(0x14000277dc8?, 0x102c51e24?, 0x800000?, 0x7ffff800000?)
	/opt/hostedtoolcache/go/1.25.0/x64/src/runtime/sys_darwin.go:27 +0x40
syscall.read(0x1400007c600?, {0x14001bf8000?, 0x14000277e08?, 0x103039d4c?})
	/opt/hostedtoolcache/go/1.25.0/x64/src/syscall/zsyscall_darwin_arm64.go:1245 +0x48
syscall.Read(...)
	/opt/hostedtoolcache/go/1.25.0/x64/src/syscall/syscall_unix.go:183
internal/poll.ignoringEINTRIO(...)
	/opt/hostedtoolcache/go/1.25.0/x64/src/internal/poll/fd_unix.go:738
internal/poll.(*FD).Read(0x1400007c600, {0x14001bf8000, 0x8000, 0x8000})
	/opt/hostedtoolcache/go/1.25.0/x64/src/internal/poll/fd_unix.go:161 +0x204
os.(*File).read(...)
	/opt/hostedtoolcache/go/1.25.0/x64/src/os/file_posix.go:29
os.(*File).Read(0x1400011ceb0, {0x14001bf8000?, 0x27?, 0x8000?})
	/opt/hostedtoolcache/go/1.25.0/x64/src/os/file.go:144 +0x68
github.com/nmelo/initech/internal/tui.(*Pane).readLoop(0x14000248e08)
	/home/runner/work/initech/initech/internal/tui/pane.go:405 +0x5c
github.com/nmelo/initech/internal/tui.(*Pane).Start.func2()
	/home/runner/work/initech/initech/internal/tui/pane.go:395 +0x4c
github.com/nmelo/initech/internal/tui.(*TUI).safeGo.func1()
	/home/runner/work/initech/initech/internal/tui/crash.go:34 +0x4c
created by github.com/nmelo/initech/internal/tui.(*TUI).safeGo in goroutine 1
	/home/runner/work/initech/initech/internal/tui/crash.go:18 +0x68

goroutine 77 [select, 716 minutes]:
io.(*pipe).read(0x1400007c5a0, {0x14000272e50, 0x100, 0x0?})
	/opt/hostedtoolcache/go/1.25.0/x64/src/io/pipe.go:57 +0x7c
io.(*PipeReader).Read(...)
	/opt/hostedtoolcache/go/1.25.0/x64/src/io/pipe.go:134
github.com/charmbracelet/x/vt.(*Emulator).Read(0x1400011ceb0?, {0x14000272e50?, 0xd?, 0x0?})
	/home/runner/go/pkg/mod/github.com/nmelo/x/vt@v0.0.0-20260402173550-246f6ae86935/emulator.go:256 +0x54
github.com/charmbracelet/x/vt.(*SafeEmulator).Read(...)
	/home/runner/go/pkg/mod/github.com/nmelo/x/vt@v0.0.0-20260402173550-246f6ae86935/safe_emulator.go:34
github.com/nmelo/initech/internal/tui.(*Pane).responseLoop(0x14000248e08)
	/home/runner/work/initech/initech/internal/tui/pane.go:468 +0x5c
github.com/nmelo/initech/internal/tui.(*Pane).Start.func3()
	/home/runner/work/initech/initech/internal/tui/pane.go:396 +0x4c
github.com/nmelo/initech/internal/tui.(*TUI).safeGo.func1()
	/home/runner/work/initech/initech/internal/tui/crash.go:34 +0x4c
created by github.com/nmelo/initech/internal/tui.(*TUI).safeGo in goroutine 1
	/home/runner/work/initech/initech/internal/tui/crash.go:18 +0x68

goroutine 78 [chan receive]:
github.com/nmelo/initech/internal/tui.(*Pane).watchJSONL(0x14000248e08)
	/home/runner/work/initech/initech/internal/tui/pane_journal.go:30 +0x9c
github.com/nmelo/initech/internal/tui.(*Pane).Start.func4()
	/home/runner/work/initech/initech/internal/tui/pane.go:398 +0x4c
github.com/nmelo/initech/internal/tui.(*TUI).safeGo.func1()
	/home/runner/work/initech/initech/internal/tui/crash.go:34 +0x4c
created by github.com/nmelo/initech/internal/tui.(*TUI).safeGo in goroutine 1
	/home/runner/work/initech/initech/internal/tui/crash.go:18 +0x68

goroutine 97 [syscall]:
syscall.syscall6(0x900101022a8020?, 0x103f248f0?, 0x103f185c0?, 0x90?, 0x14000210808?, 0x14000046120?, 0x14002d61cf8?)
	/opt/hostedtoolcache/go/1.25.0/x64/src/runtime/sys_darwin.go:60 +0x40
syscall.wait4(0x14002d61d28?, 0x102c5a48c?, 0x90?, 0x1036d7220?)
	/opt/hostedtoolcache/go/1.25.0/x64/src/syscall/zsyscall_darwin_arm64.go:44 +0x4c
syscall.Wait4(0x140001e2070?, 0x14002d61d64, 0x140022a8020?, 0x140001e2000?)
	/opt/hostedtoolcache/go/1.25.0/x64/src/syscall/syscall_bsd.go:144 +0x28
os.(*Process).pidWait.func1(...)
	/opt/hostedtoolcache/go/1.25.0/x64/src/os/exec_unix.go:64
os.ignoringEINTR2[...](...)
	/opt/hostedtoolcache/go/1.25.0/x64/src/os/file_posix.go:266
os.(*Process).pidWait(0x14000257a80)
	/opt/hostedtoolcache/go/1.25.0/x64/src/os/exec_unix.go:63 +0x9c
os.(*Process).wait(0x103f198a0?)
	/opt/hostedtoolcache/go/1.25.0/x64/src/os/exec_unix.go:28 +0x24
os.(*Process).Wait(...)
	/opt/hostedtoolcache/go/1.25.0/x64/src/os/exec.go:340
os/exec.(*Cmd).Wait(0x14001e7c000)
	/opt/hostedtoolcache/go/1.25.0/x64/src/os/exec/exec.go:922 +0x38
os/exec.(*Cmd).Run(0x14001e7c000)
	/opt/hostedtoolcache/go/1.25.0/x64/src/os/exec/exec.go:626 +0x38
os/exec.(*Cmd).Output(0x14001e7c000)
	/opt/hostedtoolcache/go/1.25.0/x64/src/os/exec/exec.go:1018 +0xb4
github.com/nmelo/initech/internal/tui.readBattery()
	/home/runner/work/initech/initech/internal/tui/battery_darwin.go:19 +0x5c
github.com/nmelo/initech/internal/tui.(*TUI).startBatteryPoller.func1()
	/home/runner/work/initech/initech/internal/tui/poll.go:95 +0xc0
github.com/nmelo/initech/internal/tui.(*TUI).safeGo.func1()
	/home/runner/work/initech/initech/internal/tui/crash.go:34 +0x4c
created by github.com/nmelo/initech/internal/tui.(*TUI).safeGo in goroutine 1
	/home/runner/work/initech/initech/internal/tui/crash.go:18 +0x68

goroutine 98 [select, 97 minutes]:
github.com/gdamore/tcell/v2.(*baseScreen).PollEvent(0x140000a6f70)
	/home/runner/go/pkg/mod/github.com/gdamore/tcell/v2@v2.13.8/screen.go:511 +0x74
github.com/nmelo/initech/internal/tui.Run.func15()
	/home/runner/work/initech/initech/internal/tui/tui.go:927 +0x50
github.com/nmelo/initech/internal/tui.(*TUI).safeGo.func1()
	/home/runner/work/initech/initech/internal/tui/crash.go:34 +0x4c
created by github.com/nmelo/initech/internal/tui.(*TUI).safeGo in goroutine 1
	/home/runner/work/initech/initech/internal/tui/crash.go:18 +0x68

goroutine 1535 [IO wait]:
internal/poll.runtime_pollWait(0x14aa90e00, 0x72)
	/opt/hostedtoolcache/go/1.25.0/x64/src/runtime/netpoll.go:351 +0xa0
internal/poll.(*pollDesc).wait(0x14002c02660?, 0x14000300000?, 0x1)
	/opt/hostedtoolcache/go/1.25.0/x64/src/internal/poll/fd_poll_runtime.go:84 +0x28
internal/poll.(*pollDesc).waitRead(...)
	/opt/hostedtoolcache/go/1.25.0/x64/src/internal/poll/fd_poll_runtime.go:89
internal/poll.(*FD).Read(0x14002c02660, {0x14000300000, 0x200, 0x200})
	/opt/hostedtoolcache/go/1.25.0/x64/src/internal/poll/fd_unix.go:165 +0x1e0
os.(*File).read(...)
	/opt/hostedtoolcache/go/1.25.0/x64/src/os/file_posix.go:29
os.(*File).Read(0x140022ac030, {0x14000300000?, 0x14002312d58?, 0x102c24cfc?})
	/opt/hostedtoolcache/go/1.25.0/x64/src/os/file.go:144 +0x68
bytes.(*Buffer).ReadFrom(0x140022bc270, {0x10371e5e0, 0x1400011d140})
	/opt/hostedtoolcache/go/1.25.0/x64/src/bytes/buffer.go:217 +0x90
io.copyBuffer({0x10371e540, 0x140022bc270}, {0x10371e5e0, 0x1400011d140}, {0x0, 0x0, 0x0})
	/opt/hostedtoolcache/go/1.25.0/x64/src/io/io.go:415 +0x14c
io.Copy(...)
	/opt/hostedtoolcache/go/1.25.0/x64/src/io/io.go:388
os.genericWriteTo(0x8294e2?, {0x10371e540, 0x140022bc270})
	/opt/hostedtoolcache/go/1.25.0/x64/src/os/file.go:295 +0x58
os.(*File).WriteTo(0x6d303b303b?, {0x10371e540?, 0x140022bc270?})
	/opt/hostedtoolcache/go/1.25.0/x64/src/os/file.go:273 +0x5c
io.copyBuffer({0x10371e540, 0x140022bc270}, {0x10371dfe8, 0x140022ac030}, {0x0, 0x0, 0x0})
	/opt/hostedtoolcache/go/1.25.0/x64/src/io/io.go:411 +0x98
io.Copy(...)
	/opt/hostedtoolcache/go/1.25.0/x64/src/io/io.go:388
os/exec.(*Cmd).writerDescriptor.func1()
	/opt/hostedtoolcache/go/1.25.0/x64/src/os/exec/exec.go:596 +0x40
os/exec.(*Cmd).Start.func2(0x8094e2?)
	/opt/hostedtoolcache/go/1.25.0/x64/src/os/exec/exec.go:749 +0x30
created by os/exec.(*Cmd).Start in goroutine 97
	/opt/hostedtoolcache/go/1.25.0/x64/src/os/exec/exec.go:748 +0x6a4

goroutine 1536 [IO wait]:
internal/poll.runtime_pollWait(0x14aa90800, 0x72)
	/opt/hostedtoolcache/go/1.25.0/x64/src/runtime/netpoll.go:351 +0xa0
internal/poll.(*pollDesc).wait(0x14002c02cc0?, 0x14002514000?, 0x1)
	/opt/hostedtoolcache/go/1.25.0/x64/src/internal/poll/fd_poll_runtime.go:84 +0x28
internal/poll.(*pollDesc).waitRead(...)
	/opt/hostedtoolcache/go/1.25.0/x64/src/internal/poll/fd_poll_runtime.go:89
internal/poll.(*FD).Read(0x14002c02cc0, {0x14002514000, 0x8000, 0x8000})
	/opt/hostedtoolcache/go/1.25.0/x64/src/internal/poll/fd_unix.go:165 +0x1e0
os.(*File).read(...)
	/opt/hostedtoolcache/go/1.25.0/x64/src/os/file_posix.go:29
os.(*File).Read(0x140022ac048, {0x14002514000?, 0x140023135a8?, 0x102b74698?})
	/opt/hostedtoolcache/go/1.25.0/x64/src/os/file.go:144 +0x68
io.copyBuffer({0x10371e820, 0x140000be000}, {0x10371e5e0, 0x1400011d148}, {0x0, 0x0, 0x0})
	/opt/hostedtoolcache/go/1.25.0/x64/src/io/io.go:429 +0x18c
io.Copy(...)
	/opt/hostedtoolcache/go/1.25.0/x64/src/io/io.go:388
os.genericWriteTo(0x8094e2?, {0x10371e820, 0x140000be000})
	/opt/hostedtoolcache/go/1.25.0/x64/src/os/file.go:295 +0x58
os.(*File).WriteTo(0x8094e2?, {0x10371e820?, 0x140000be000?})
	/opt/hostedtoolcache/go/1.25.0/x64/src/os/file.go:273 +0x5c
io.copyBuffer({0x10371e820, 0x140000be000}, {0x10371dfe8, 0x140022ac048}, {0x0, 0x0, 0x0})
	/opt/hostedtoolcache/go/1.25.0/x64/src/io/io.go:411 +0x98
io.Copy(...)
	/opt/hostedtoolcache/go/1.25.0/x64/src/io/io.go:388
os/exec.(*Cmd).writerDescriptor.func1()
	/opt/hostedtoolcache/go/1.25.0/x64/src/os/exec/exec.go:596 +0x40
os/exec.(*Cmd).Start.func2(0x8094e2?)
	/opt/hostedtoolcache/go/1.25.0/x64/src/os/exec/exec.go:749 +0x30
created by os/exec.(*Cmd).Start in goroutine 97
	/opt/hostedtoolcache/go/1.25.0/x64/src/os/exec/exec.go:748 +0x6a4

=== RENDER WATCHDOG ===
Time:      2026-05-02T03:22:32+08:00
Version:   1.17.17
Go:        go1.25.0
Stale for: 11s
Diagnosis: No render completed in 11s. Main loop is likely blocked.

--- All Goroutine Stacks ---
goroutine 100 [running]:
github.com/nmelo/initech/internal/tui.dumpWatchdogStacks({0x140000e6258, 0x18}, {0x10343c230, 0x7}, 0x27ef3de70)
	/home/runner/work/initech/initech/internal/tui/watchdog.go:51 +0x5c
github.com/nmelo/initech/internal/tui.renderWatchdog(0x140000d3468, 0x2540be400, {0x140000e6258, 0x18}, {0x10343c230, 0x7}, 0x140002a4310)
	/home/runner/work/initech/initech/internal/tui/watchdog.go:35 +0x158
created by github.com/nmelo/initech/internal/tui.Run in goroutine 1
	/home/runner/work/initech/initech/internal/tui/tui.go:946 +0x2408

goroutine 1 [syscall]:
syscall.syscall(0x1400004c638?, 0x102c5371c?, 0x80000000000?, 0x7ffff80000000000?)
	/opt/hostedtoolcache/go/1.25.0/x64/src/runtime/sys_darwin.go:27 +0x40
syscall.write(0x140000ac480?, {0x14001e98000?, 0x1?, 0x6?})
	/opt/hostedtoolcache/go/1.25.0/x64/src/syscall/zsyscall_darwin_arm64.go:1709 +0x48
syscall.Write(...)
	/opt/hostedtoolcache/go/1.25.0/x64/src/syscall/syscall_unix.go:211
internal/poll.ignoringEINTRIO(...)
	/opt/hostedtoolcache/go/1.25.0/x64/src/internal/poll/fd_unix.go:738
internal/poll.(*FD).Write(0x140000ac480, {0x14001e98000, 0x4576, 0x8000})
	/opt/hostedtoolcache/go/1.25.0/x64/src/internal/poll/fd_unix.go:374 +0x2b4
os.(*File).write(...)
	/opt/hostedtoolcache/go/1.25.0/x64/src/os/file_posix.go:46
os.(*File).Write(0x140000b4020, {0x14001e98000?, 0x4576, 0x102ce7740?})
	/opt/hostedtoolcache/go/1.25.0/x64/src/os/file.go:215 +0x54
github.com/gdamore/tcell/v2.(*devTty).Write(0x103441e90?, {0x14001e98000?, 0x1034421d0?, 0x1032e1c2e?})
	/home/runner/go/pkg/mod/github.com/gdamore/tcell/v2@v2.13.8/tty_unix.go:53 +0x24
bytes.(*Buffer).WriteTo(0x1400028c468, {0x1040b4400?, 0x140000ac600?})
	/opt/hostedtoolcache/go/1.25.0/x64/src/bytes/buffer.go:267 +0x70
github.com/gdamore/tcell/v2.(*tScreen).draw(0x1400028c408)
	/home/runner/go/pkg/mod/github.com/gdamore/tcell/v2@v2.13.8/tscreen.go:787 +0x160
github.com/gdamore/tcell/v2.(*tScreen).Show(0x1400028c408)
	/home/runner/go/pkg/mod/github.com/gdamore/tcell/v2@v2.13.8/tscreen.go:714 +0x9c
github.com/nmelo/initech/internal/tui.(*TUI).render(0x140000d3088)
	/home/runner/work/initech/initech/internal/tui/render.go:119 +0x884
github.com/nmelo/initech/internal/tui.Run({{0x14000290288, 0x5, 0x5}, {0x140000cc970, 0xa}, {0x140000e6258, 0x18}, 0x0, 0x0, {0x10343c230, ...}, ...})
	/home/runner/work/initech/initech/internal/tui/tui.go:998 +0x27c8
github.com/nmelo/initech/cmd.runTUI(0x103dbe520, {0x1032dcf61?, 0x4?, 0x1032dd029?})
	/home/runner/work/initech/initech/cmd/root.go:286 +0x820
github.com/spf13/cobra.(*Command).execute(0x103dbe520, {0x14000126040, 0x0, 0x0})
	/home/runner/go/pkg/mod/github.com/spf13/cobra@v1.10.2/command.go:1015 +0x7d4
github.com/spf13/cobra.(*Command).ExecuteC(0x103dbe520)
	/home/runner/go/pkg/mod/github.com/spf13/cobra@v1.10.2/command.go:1148 +0x350
github.com/spf13/cobra.(*Command).Execute(...)
	/home/runner/go/pkg/mod/github.com/spf13/cobra@v1.10.2/command.go:1071
github.com/nmelo/initech/cmd.init.func4()
	/home/runner/work/initech/initech/cmd/root.go:41 +0x24
github.com/nmelo/initech/cmd.Execute()
	/home/runner/work/initech/initech/cmd/root.go:134 +0x28
main.main()
	/home/runner/work/initech/initech/main.go:7 +0x1c

goroutine 13 [select, 718 minutes]:
github.com/gdamore/tcell/v2.(*devTty).Start.func1(0x140002a40e0)
	/home/runner/go/pkg/mod/github.com/gdamore/tcell/v2@v2.13.8/tty_unix.go:94 +0x8c
created by github.com/gdamore/tcell/v2.(*devTty).Start in goroutine 1
	/home/runner/go/pkg/mod/github.com/gdamore/tcell/v2@v2.13.8/tty_unix.go:91 +0x20c

goroutine 15 [syscall, 718 minutes]:
os/signal.signal_recv()
	/opt/hostedtoolcache/go/1.25.0/x64/src/runtime/sigqueue.go:149 +0x2c
os/signal.loop()
	/opt/hostedtoolcache/go/1.25.0/x64/src/os/signal/signal_unix.go:23 +0x1c
created by os/signal.Notify.func1.1 in goroutine 1
	/opt/hostedtoolcache/go/1.25.0/x64/src/os/signal/signal.go:152 +0x28

goroutine 16 [syscall, 99 minutes]:
syscall.syscall(0x14000106598?, 0x102c51e24?, 0x800000?, 0x7ffff800000?)
	/opt/hostedtoolcache/go/1.25.0/x64/src/runtime/sys_darwin.go:27 +0x40
syscall.read(0x140000ac480?, {0x140030bfa80?, 0x14000106608?, 0x102b6f838?})
	/opt/hostedtoolcache/go/1.25.0/x64/src/syscall/zsyscall_darwin_arm64.go:1245 +0x48
syscall.Read(...)
	/opt/hostedtoolcache/go/1.25.0/x64/src/syscall/syscall_unix.go:183
internal/poll.ignoringEINTRIO(...)
	/opt/hostedtoolcache/go/1.25.0/x64/src/internal/poll/fd_unix.go:738
internal/poll.(*FD).Read(0x140000ac480, {0x140030bfa80, 0x80, 0x80})
	/opt/hostedtoolcache/go/1.25.0/x64/src/internal/poll/fd_unix.go:161 +0x204
os.(*File).read(...)
	/opt/hostedtoolcache/go/1.25.0/x64/src/os/file_posix.go:29
os.(*File).Read(0x140000b4020, {0x140030bfa80?, 0x1?, 0x0?})
	/opt/hostedtoolcache/go/1.25.0/x64/src/os/file.go:144 +0x68
github.com/gdamore/tcell/v2.(*devTty).Read(0x0?, {0x140030bfa80?, 0x80?, 0x80?})
	/home/runner/go/pkg/mod/github.com/gdamore/tcell/v2@v2.13.8/tty_unix.go:49 +0x24
github.com/gdamore/tcell/v2.(*tScreen).inputLoop(0x1400028c408, 0x140002a42a0)
	/home/runner/go/pkg/mod/github.com/gdamore/tcell/v2@v2.13.8/tscreen.go:1051 +0xa4
created by github.com/gdamore/tcell/v2.(*tScreen).engage in goroutine 1
	/home/runner/go/pkg/mod/github.com/gdamore/tcell/v2@v2.13.8/tscreen.go:1211 +0x374

goroutine 49 [select, 99 minutes]:
github.com/gdamore/tcell/v2.(*tScreen).mainLoop(0x1400028c408, 0x140002a42a0)
	/home/runner/go/pkg/mod/github.com/gdamore/tcell/v2@v2.13.8/tscreen.go:1020 +0xbc
created by github.com/gdamore/tcell/v2.(*tScreen).engage in goroutine 1
	/home/runner/go/pkg/mod/github.com/gdamore/tcell/v2@v2.13.8/tscreen.go:1212 +0x3bc

goroutine 50 [chan receive, 718 minutes]:
github.com/nmelo/initech/internal/tui.installSignalHandlers.func1()
	/home/runner/work/initech/initech/internal/tui/signals.go:55 +0x4c
created by github.com/nmelo/initech/internal/tui.installSignalHandlers in goroutine 1
	/home/runner/work/initech/initech/internal/tui/signals.go:54 +0x11c

goroutine 51 [chan receive, 718 minutes]:
github.com/nmelo/initech/internal/telemetry.(*Client).sender(0x140000dc380)
	/home/runner/work/initech/initech/internal/telemetry/telemetry.go:126 +0xcc
created by github.com/nmelo/initech/internal/telemetry.Init in goroutine 1
	/home/runner/work/initech/initech/internal/telemetry/telemetry.go:62 +0x134

goroutine 52 [IO wait, 718 minutes]:
internal/poll.runtime_pollWait(0x14aa91000, 0x72)
	/opt/hostedtoolcache/go/1.25.0/x64/src/runtime/netpoll.go:351 +0xa0
internal/poll.(*pollDesc).wait(0x140001a4080?, 0x0?, 0x0)
	/opt/hostedtoolcache/go/1.25.0/x64/src/internal/poll/fd_poll_runtime.go:84 +0x28
internal/poll.(*pollDesc).waitRead(...)
	/opt/hostedtoolcache/go/1.25.0/x64/src/internal/poll/fd_poll_runtime.go:89
internal/poll.(*FD).Accept(0x140001a4080)
	/opt/hostedtoolcache/go/1.25.0/x64/src/internal/poll/fd_unix.go:613 +0x21c
net.(*netFD).accept(0x140001a4080)
	/opt/hostedtoolcache/go/1.25.0/x64/src/net/fd_unix.go:161 +0x28
net.(*UnixListener).accept(0x2baa1f35a874?)
	/opt/hostedtoolcache/go/1.25.0/x64/src/net/unixsock_posix.go:172 +0x20
net.(*UnixListener).Accept(0x140000b06f0)
	/opt/hostedtoolcache/go/1.25.0/x64/src/net/unixsock.go:260 +0x2c
github.com/nmelo/initech/internal/tui.(*TUI).startIPC.func1()
	/home/runner/work/initech/initech/internal/tui/ipc.go:85 +0x58
github.com/nmelo/initech/internal/tui.(*TUI).safeGo.func1()
	/home/runner/work/initech/initech/internal/tui/crash.go:34 +0x4c
created by github.com/nmelo/initech/internal/tui.(*TUI).safeGo in goroutine 1
	/home/runner/work/initech/initech/internal/tui/crash.go:18 +0x68

goroutine 81 [syscall, 98 minutes]:
syscall.syscall(0x14000274dc8?, 0x102c51e24?, 0x800000?, 0x7ffff800000?)
	/opt/hostedtoolcache/go/1.25.0/x64/src/runtime/sys_darwin.go:27 +0x40
syscall.read(0x140002180c0?, {0x14000110000?, 0x14000274e08?, 0x103039d4c?})
	/opt/hostedtoolcache/go/1.25.0/x64/src/syscall/zsyscall_darwin_arm64.go:1245 +0x48
syscall.Read(...)
	/opt/hostedtoolcache/go/1.25.0/x64/src/syscall/syscall_unix.go:183
internal/poll.ignoringEINTRIO(...)
	/opt/hostedtoolcache/go/1.25.0/x64/src/internal/poll/fd_unix.go:738
internal/poll.(*FD).Read(0x140002180c0, {0x14000110000, 0x8000, 0x8000})
	/opt/hostedtoolcache/go/1.25.0/x64/src/internal/poll/fd_unix.go:161 +0x204
os.(*File).read(...)
	/opt/hostedtoolcache/go/1.25.0/x64/src/os/file_posix.go:29
os.(*File).Read(0x1400011c0e8, {0x14000110000?, 0xa3?, 0x8000?})
	/opt/hostedtoolcache/go/1.25.0/x64/src/os/file.go:144 +0x68
github.com/nmelo/initech/internal/tui.(*Pane).readLoop(0x140000dea88)
	/home/runner/work/initech/initech/internal/tui/pane.go:405 +0x5c
github.com/nmelo/initech/internal/tui.(*Pane).Start.func2()
	/home/runner/work/initech/initech/internal/tui/pane.go:395 +0x4c
github.com/nmelo/initech/internal/tui.(*TUI).safeGo.func1()
	/home/runner/work/initech/initech/internal/tui/crash.go:34 +0x4c
created by github.com/nmelo/initech/internal/tui.(*TUI).safeGo in goroutine 1
	/home/runner/work/initech/initech/internal/tui/crash.go:18 +0x68

goroutine 82 [select, 98 minutes]:
io.(*pipe).read(0x140000ac720, {0x140002bee50, 0x100, 0x0?})
	/opt/hostedtoolcache/go/1.25.0/x64/src/io/pipe.go:57 +0x7c
io.(*PipeReader).Read(...)
	/opt/hostedtoolcache/go/1.25.0/x64/src/io/pipe.go:134
github.com/charmbracelet/x/vt.(*Emulator).Read(0x1400011c0e8?, {0x140002bee50?, 0xb?, 0x0?})
	/home/runner/go/pkg/mod/github.com/nmelo/x/vt@v0.0.0-20260402173550-246f6ae86935/emulator.go:256 +0x54
github.com/charmbracelet/x/vt.(*SafeEmulator).Read(...)
	/home/runner/go/pkg/mod/github.com/nmelo/x/vt@v0.0.0-20260402173550-246f6ae86935/safe_emulator.go:34
github.com/nmelo/initech/internal/tui.(*Pane).responseLoop(0x140000dea88)
	/home/runner/work/initech/initech/internal/tui/pane.go:468 +0x5c
github.com/nmelo/initech/internal/tui.(*Pane).Start.func3()
	/home/runner/work/initech/initech/internal/tui/pane.go:396 +0x4c
github.com/nmelo/initech/internal/tui.(*TUI).safeGo.func1()
	/home/runner/work/initech/initech/internal/tui/crash.go:34 +0x4c
created by github.com/nmelo/initech/internal/tui.(*TUI).safeGo in goroutine 1
	/home/runner/work/initech/initech/internal/tui/crash.go:18 +0x68

goroutine 83 [chan receive]:
github.com/nmelo/initech/internal/tui.(*Pane).watchJSONL(0x140000dea88)
	/home/runner/work/initech/initech/internal/tui/pane_journal.go:30 +0x9c
github.com/nmelo/initech/internal/tui.(*Pane).Start.func4()
	/home/runner/work/initech/initech/internal/tui/pane.go:398 +0x4c
github.com/nmelo/initech/internal/tui.(*TUI).safeGo.func1()
	/home/runner/work/initech/initech/internal/tui/crash.go:34 +0x4c
created by github.com/nmelo/initech/internal/tui.(*TUI).safeGo in goroutine 1
	/home/runner/work/initech/initech/internal/tui/crash.go:18 +0x68

goroutine 84 [syscall, 118 minutes]:
syscall.syscall(0x14002d62dc8?, 0x102c51e24?, 0x800000?, 0x7ffff800000?)
	/opt/hostedtoolcache/go/1.25.0/x64/src/runtime/sys_darwin.go:27 +0x40
syscall.read(0x140002181e0?, {0x14000df2000?, 0x14002d62e08?, 0x103039d4c?})
	/opt/hostedtoolcache/go/1.25.0/x64/src/syscall/zsyscall_darwin_arm64.go:1245 +0x48
syscall.Read(...)
	/opt/hostedtoolcache/go/1.25.0/x64/src/syscall/syscall_unix.go:183
internal/poll.ignoringEINTRIO(...)
	/opt/hostedtoolcache/go/1.25.0/x64/src/internal/poll/fd_unix.go:738
internal/poll.(*FD).Read(0x140002181e0, {0x14000df2000, 0x8000, 0x8000})
	/opt/hostedtoolcache/go/1.25.0/x64/src/internal/poll/fd_unix.go:161 +0x204
os.(*File).read(...)
	/opt/hostedtoolcache/go/1.25.0/x64/src/os/file_posix.go:29
os.(*File).Read(0x1400011c570, {0x14000df2000?, 0x5d?, 0x8000?})
	/opt/hostedtoolcache/go/1.25.0/x64/src/os/file.go:144 +0x68
github.com/nmelo/initech/internal/tui.(*Pane).readLoop(0x140000df188)
	/home/runner/work/initech/initech/internal/tui/pane.go:405 +0x5c
github.com/nmelo/initech/internal/tui.(*Pane).Start.func2()
	/home/runner/work/initech/initech/internal/tui/pane.go:395 +0x4c
github.com/nmelo/initech/internal/tui.(*TUI).safeGo.func1()
	/home/runner/work/initech/initech/internal/tui/crash.go:34 +0x4c
created by github.com/nmelo/initech/internal/tui.(*TUI).safeGo in goroutine 1
	/home/runner/work/initech/initech/internal/tui/crash.go:18 +0x68

goroutine 85 [select, 118 minutes]:
io.(*pipe).read(0x14000218180, {0x140002bfe50, 0x100, 0x0?})
	/opt/hostedtoolcache/go/1.25.0/x64/src/io/pipe.go:57 +0x7c
io.(*PipeReader).Read(...)
	/opt/hostedtoolcache/go/1.25.0/x64/src/io/pipe.go:134
github.com/charmbracelet/x/vt.(*Emulator).Read(0x1400011c570?, {0x140002bfe50?, 0xb?, 0x0?})
	/home/runner/go/pkg/mod/github.com/nmelo/x/vt@v0.0.0-20260402173550-246f6ae86935/emulator.go:256 +0x54
github.com/charmbracelet/x/vt.(*SafeEmulator).Read(...)
	/home/runner/go/pkg/mod/github.com/nmelo/x/vt@v0.0.0-20260402173550-246f6ae86935/safe_emulator.go:34
github.com/nmelo/initech/internal/tui.(*Pane).responseLoop(0x140000df188)
	/home/runner/work/initech/initech/internal/tui/pane.go:468 +0x5c
github.com/nmelo/initech/internal/tui.(*Pane).Start.func3()
	/home/runner/work/initech/initech/internal/tui/pane.go:396 +0x4c
github.com/nmelo/initech/internal/tui.(*TUI).safeGo.func1()
	/home/runner/work/initech/initech/internal/tui/crash.go:34 +0x4c
created by github.com/nmelo/initech/internal/tui.(*TUI).safeGo in goroutine 1
	/home/runner/work/initech/initech/internal/tui/crash.go:18 +0x68

goroutine 86 [chan receive]:
github.com/nmelo/initech/internal/tui.(*Pane).watchJSONL(0x140000df188)
	/home/runner/work/initech/initech/internal/tui/pane_journal.go:30 +0x9c
github.com/nmelo/initech/internal/tui.(*Pane).Start.func4()
	/home/runner/work/initech/initech/internal/tui/pane.go:398 +0x4c
github.com/nmelo/initech/internal/tui.(*TUI).safeGo.func1()
	/home/runner/work/initech/initech/internal/tui/crash.go:34 +0x4c
created by github.com/nmelo/initech/internal/tui.(*TUI).safeGo in goroutine 1
	/home/runner/work/initech/initech/internal/tui/crash.go:18 +0x68

goroutine 70 [syscall, 25 minutes]:
syscall.syscall(0x14002d5fdc8?, 0x102c51e24?, 0x800000?, 0x7ffff800000?)
	/opt/hostedtoolcache/go/1.25.0/x64/src/runtime/sys_darwin.go:27 +0x40
syscall.read(0x1400007c3c0?, {0x14000990000?, 0x14002d5fe08?, 0x103039d4c?})
	/opt/hostedtoolcache/go/1.25.0/x64/src/syscall/zsyscall_darwin_arm64.go:1245 +0x48
syscall.Read(...)
	/opt/hostedtoolcache/go/1.25.0/x64/src/syscall/syscall_unix.go:183
internal/poll.ignoringEINTRIO(...)
	/opt/hostedtoolcache/go/1.25.0/x64/src/internal/poll/fd_unix.go:738
internal/poll.(*FD).Read(0x1400007c3c0, {0x14000990000, 0x8000, 0x8000})
	/opt/hostedtoolcache/go/1.25.0/x64/src/internal/poll/fd_unix.go:161 +0x204
os.(*File).read(...)
	/opt/hostedtoolcache/go/1.25.0/x64/src/os/file_posix.go:29
os.(*File).Read(0x1400011c118, {0x14000990000?, 0xcb?, 0x8000?})
	/opt/hostedtoolcache/go/1.25.0/x64/src/os/file.go:144 +0x68
github.com/nmelo/initech/internal/tui.(*Pane).readLoop(0x140000df888)
	/home/runner/work/initech/initech/internal/tui/pane.go:405 +0x5c
github.com/nmelo/initech/internal/tui.(*Pane).Start.func2()
	/home/runner/work/initech/initech/internal/tui/pane.go:395 +0x4c
github.com/nmelo/initech/internal/tui.(*TUI).safeGo.func1()
	/home/runner/work/initech/initech/internal/tui/crash.go:34 +0x4c
created by github.com/nmelo/initech/internal/tui.(*TUI).safeGo in goroutine 1
	/home/runner/work/initech/initech/internal/tui/crash.go:18 +0x68

goroutine 71 [select, 718 minutes]:
io.(*pipe).read(0x140002182a0, {0x14000275e50, 0x100, 0x0?})
	/opt/hostedtoolcache/go/1.25.0/x64/src/io/pipe.go:57 +0x7c
io.(*PipeReader).Read(...)
	/opt/hostedtoolcache/go/1.25.0/x64/src/io/pipe.go:134
github.com/charmbracelet/x/vt.(*Emulator).Read(0x1400011c118?, {0x14000275e50?, 0xd?, 0x0?})
	/home/runner/go/pkg/mod/github.com/nmelo/x/vt@v0.0.0-20260402173550-246f6ae86935/emulator.go:256 +0x54
github.com/charmbracelet/x/vt.(*SafeEmulator).Read(...)
	/home/runner/go/pkg/mod/github.com/nmelo/x/vt@v0.0.0-20260402173550-246f6ae86935/safe_emulator.go:34
github.com/nmelo/initech/internal/tui.(*Pane).responseLoop(0x140000df888)
	/home/runner/work/initech/initech/internal/tui/pane.go:468 +0x5c
github.com/nmelo/initech/internal/tui.(*Pane).Start.func3()
	/home/runner/work/initech/initech/internal/tui/pane.go:396 +0x4c
github.com/nmelo/initech/internal/tui.(*TUI).safeGo.func1()
	/home/runner/work/initech/initech/internal/tui/crash.go:34 +0x4c
created by github.com/nmelo/initech/internal/tui.(*TUI).safeGo in goroutine 1
	/home/runner/work/initech/initech/internal/tui/crash.go:18 +0x68

goroutine 72 [chan receive]:
github.com/nmelo/initech/internal/tui.(*Pane).watchJSONL(0x140000df888)
	/home/runner/work/initech/initech/internal/tui/pane_journal.go:30 +0x9c
github.com/nmelo/initech/internal/tui.(*Pane).Start.func4()
	/home/runner/work/initech/initech/internal/tui/pane.go:398 +0x4c
github.com/nmelo/initech/internal/tui.(*TUI).safeGo.func1()
	/home/runner/work/initech/initech/internal/tui/crash.go:34 +0x4c
created by github.com/nmelo/initech/internal/tui.(*TUI).safeGo in goroutine 1
	/home/runner/work/initech/initech/internal/tui/crash.go:18 +0x68

goroutine 73 [syscall, 18 minutes]:
syscall.syscall(0x140002c4dc8?, 0x102c51e24?, 0x800000?, 0x7ffff800000?)
	/opt/hostedtoolcache/go/1.25.0/x64/src/runtime/sys_darwin.go:27 +0x40
syscall.read(0x1400007c4e0?, {0x14001732000?, 0x12?, 0x0?})
	/opt/hostedtoolcache/go/1.25.0/x64/src/syscall/zsyscall_darwin_arm64.go:1245 +0x48
syscall.Read(...)
	/opt/hostedtoolcache/go/1.25.0/x64/src/syscall/syscall_unix.go:183
internal/poll.ignoringEINTRIO(...)
	/opt/hostedtoolcache/go/1.25.0/x64/src/internal/poll/fd_unix.go:738
internal/poll.(*FD).Read(0x1400007c4e0, {0x14001732000, 0x8000, 0x8000})
	/opt/hostedtoolcache/go/1.25.0/x64/src/internal/poll/fd_unix.go:161 +0x204
os.(*File).read(...)
	/opt/hostedtoolcache/go/1.25.0/x64/src/os/file_posix.go:29
os.(*File).Read(0x1400011cb98, {0x14001732000?, 0xad?, 0x8000?})
	/opt/hostedtoolcache/go/1.25.0/x64/src/os/file.go:144 +0x68
github.com/nmelo/initech/internal/tui.(*Pane).readLoop(0x14000248708)
	/home/runner/work/initech/initech/internal/tui/pane.go:405 +0x5c
github.com/nmelo/initech/internal/tui.(*Pane).Start.func2()
	/home/runner/work/initech/initech/internal/tui/pane.go:395 +0x4c
github.com/nmelo/initech/internal/tui.(*TUI).safeGo.func1()
	/home/runner/work/initech/initech/internal/tui/crash.go:34 +0x4c
created by github.com/nmelo/initech/internal/tui.(*TUI).safeGo in goroutine 1
	/home/runner/work/initech/initech/internal/tui/crash.go:18 +0x68

goroutine 74 [select, 718 minutes]:
io.(*pipe).read(0x1400007c480, {0x140002c2e50, 0x100, 0x0?})
	/opt/hostedtoolcache/go/1.25.0/x64/src/io/pipe.go:57 +0x7c
io.(*PipeReader).Read(...)
	/opt/hostedtoolcache/go/1.25.0/x64/src/io/pipe.go:134
github.com/charmbracelet/x/vt.(*Emulator).Read(0x1400011cb98?, {0x140002c2e50?, 0x18?, 0x0?})
	/home/runner/go/pkg/mod/github.com/nmelo/x/vt@v0.0.0-20260402173550-246f6ae86935/emulator.go:256 +0x54
github.com/charmbracelet/x/vt.(*SafeEmulator).Read(...)
	/home/runner/go/pkg/mod/github.com/nmelo/x/vt@v0.0.0-20260402173550-246f6ae86935/safe_emulator.go:34
github.com/nmelo/initech/internal/tui.(*Pane).responseLoop(0x14000248708)
	/home/runner/work/initech/initech/internal/tui/pane.go:468 +0x5c
github.com/nmelo/initech/internal/tui.(*Pane).Start.func3()
	/home/runner/work/initech/initech/internal/tui/pane.go:396 +0x4c
github.com/nmelo/initech/internal/tui.(*TUI).safeGo.func1()
	/home/runner/work/initech/initech/internal/tui/crash.go:34 +0x4c
created by github.com/nmelo/initech/internal/tui.(*TUI).safeGo in goroutine 1
	/home/runner/work/initech/initech/internal/tui/crash.go:18 +0x68

goroutine 75 [runnable]:
syscall.syscall(0x1400012e2c0?, 0x3b?, 0x14000271c28?, 0x102c5d500?)
	/opt/hostedtoolcache/go/1.25.0/x64/src/runtime/sys_darwin.go:27 +0x40
syscall.Open({0x1400012e2c0?, 0x103438ec8?}, 0x1100000, 0x0)
	/opt/hostedtoolcache/go/1.25.0/x64/src/syscall/zsyscall_darwin_arm64.go:1162 +0x74
os.open(...)
	/opt/hostedtoolcache/go/1.25.0/x64/src/os/file_open_unix.go:15
os.openDirNolog.func1(...)
	/opt/hostedtoolcache/go/1.25.0/x64/src/os/file_unix.go:290
os.ignoringEINTR(...)
	/opt/hostedtoolcache/go/1.25.0/x64/src/os/file_posix.go:256
os.openDirNolog({0x1400012e2c0, 0x3b})
	/opt/hostedtoolcache/go/1.25.0/x64/src/os/file_unix.go:289 +0x44
os.openDir({0x1400012e2c0, 0x3b})
	/opt/hostedtoolcache/go/1.25.0/x64/src/os/file.go:428 +0x30
os.ReadDir({0x1400012e2c0?, 0x14000058608?})
	/opt/hostedtoolcache/go/1.25.0/x64/src/os/dir.go:115 +0x38
github.com/nmelo/initech/internal/tui.newestJSONL({0x1400012e2c0, 0x3b})
	/home/runner/work/initech/initech/internal/tui/pane_journal.go:324 +0x28
github.com/nmelo/initech/internal/tui.(*Pane).watchJSONL(0x14000248708)
	/home/runner/work/initech/initech/internal/tui/pane_journal.go:40 +0x17c
github.com/nmelo/initech/internal/tui.(*Pane).Start.func4()
	/home/runner/work/initech/initech/internal/tui/pane.go:398 +0x4c
github.com/nmelo/initech/internal/tui.(*TUI).safeGo.func1()
	/home/runner/work/initech/initech/internal/tui/crash.go:34 +0x4c
created by github.com/nmelo/initech/internal/tui.(*TUI).safeGo in goroutine 1
	/home/runner/work/initech/initech/internal/tui/crash.go:18 +0x68

goroutine 76 [syscall, 717 minutes]:
syscall.syscall(0x14000277dc8?, 0x102c51e24?, 0x800000?, 0x7ffff800000?)
	/opt/hostedtoolcache/go/1.25.0/x64/src/runtime/sys_darwin.go:27 +0x40
syscall.read(0x1400007c600?, {0x14001bf8000?, 0x14000277e08?, 0x103039d4c?})
	/opt/hostedtoolcache/go/1.25.0/x64/src/syscall/zsyscall_darwin_arm64.go:1245 +0x48
syscall.Read(...)
	/opt/hostedtoolcache/go/1.25.0/x64/src/syscall/syscall_unix.go:183
internal/poll.ignoringEINTRIO(...)
	/opt/hostedtoolcache/go/1.25.0/x64/src/internal/poll/fd_unix.go:738
internal/poll.(*FD).Read(0x1400007c600, {0x14001bf8000, 0x8000, 0x8000})
	/opt/hostedtoolcache/go/1.25.0/x64/src/internal/poll/fd_unix.go:161 +0x204
os.(*File).read(...)
	/opt/hostedtoolcache/go/1.25.0/x64/src/os/file_posix.go:29
os.(*File).Read(0x1400011ceb0, {0x14001bf8000?, 0x27?, 0x8000?})
	/opt/hostedtoolcache/go/1.25.0/x64/src/os/file.go:144 +0x68
github.com/nmelo/initech/internal/tui.(*Pane).readLoop(0x14000248e08)
	/home/runner/work/initech/initech/internal/tui/pane.go:405 +0x5c
github.com/nmelo/initech/internal/tui.(*Pane).Start.func2()
	/home/runner/work/initech/initech/internal/tui/pane.go:395 +0x4c
github.com/nmelo/initech/internal/tui.(*TUI).safeGo.func1()
	/home/runner/work/initech/initech/internal/tui/crash.go:34 +0x4c
created by github.com/nmelo/initech/internal/tui.(*TUI).safeGo in goroutine 1
	/home/runner/work/initech/initech/internal/tui/crash.go:18 +0x68

goroutine 77 [select, 718 minutes]:
io.(*pipe).read(0x1400007c5a0, {0x14000272e50, 0x100, 0x0?})
	/opt/hostedtoolcache/go/1.25.0/x64/src/io/pipe.go:57 +0x7c
io.(*PipeReader).Read(...)
	/opt/hostedtoolcache/go/1.25.0/x64/src/io/pipe.go:134
github.com/charmbracelet/x/vt.(*Emulator).Read(0x1400011ceb0?, {0x14000272e50?, 0xd?, 0x0?})
	/home/runner/go/pkg/mod/github.com/nmelo/x/vt@v0.0.0-20260402173550-246f6ae86935/emulator.go:256 +0x54
github.com/charmbracelet/x/vt.(*SafeEmulator).Read(...)
	/home/runner/go/pkg/mod/github.com/nmelo/x/vt@v0.0.0-20260402173550-246f6ae86935/safe_emulator.go:34
github.com/nmelo/initech/internal/tui.(*Pane).responseLoop(0x14000248e08)
	/home/runner/work/initech/initech/internal/tui/pane.go:468 +0x5c
github.com/nmelo/initech/internal/tui.(*Pane).Start.func3()
	/home/runner/work/initech/initech/internal/tui/pane.go:396 +0x4c
github.com/nmelo/initech/internal/tui.(*TUI).safeGo.func1()
	/home/runner/work/initech/initech/internal/tui/crash.go:34 +0x4c
created by github.com/nmelo/initech/internal/tui.(*TUI).safeGo in goroutine 1
	/home/runner/work/initech/initech/internal/tui/crash.go:18 +0x68

goroutine 78 [chan receive]:
github.com/nmelo/initech/internal/tui.(*Pane).watchJSONL(0x14000248e08)
	/home/runner/work/initech/initech/internal/tui/pane_journal.go:30 +0x9c
github.com/nmelo/initech/internal/tui.(*Pane).Start.func4()
	/home/runner/work/initech/initech/internal/tui/pane.go:398 +0x4c
github.com/nmelo/initech/internal/tui.(*TUI).safeGo.func1()
	/home/runner/work/initech/initech/internal/tui/crash.go:34 +0x4c
created by github.com/nmelo/initech/internal/tui.(*TUI).safeGo in goroutine 1
	/home/runner/work/initech/initech/internal/tui/crash.go:18 +0x68

goroutine 97 [syscall]:
syscall.syscall6(0x90010103104030?, 0x14aa8b5c8?, 0x103f193e8?, 0x90?, 0x1400365c008?, 0x14000152000?, 0x14002d61cf8?)
	/opt/hostedtoolcache/go/1.25.0/x64/src/runtime/sys_darwin.go:60 +0x40
syscall.wait4(0x14002d61d28?, 0x102c5a48c?, 0x90?, 0x1036d7220?)
	/opt/hostedtoolcache/go/1.25.0/x64/src/syscall/zsyscall_darwin_arm64.go:44 +0x4c
syscall.Wait4(0x140001e0070?, 0x14002d61d64, 0x14003104030?, 0x140001e0000?)
	/opt/hostedtoolcache/go/1.25.0/x64/src/syscall/syscall_bsd.go:144 +0x28
os.(*Process).pidWait.func1(...)
	/opt/hostedtoolcache/go/1.25.0/x64/src/os/exec_unix.go:64
os.ignoringEINTR2[...](...)
	/opt/hostedtoolcache/go/1.25.0/x64/src/os/file_posix.go:266
os.(*Process).pidWait(0x14003108140)
	/opt/hostedtoolcache/go/1.25.0/x64/src/os/exec_unix.go:63 +0x9c
os.(*Process).wait(0x103f18f30?)
	/opt/hostedtoolcache/go/1.25.0/x64/src/os/exec_unix.go:28 +0x24
os.(*Process).Wait(...)
	/opt/hostedtoolcache/go/1.25.0/x64/src/os/exec.go:340
os/exec.(*Cmd).Wait(0x140000e0900)
	/opt/hostedtoolcache/go/1.25.0/x64/src/os/exec/exec.go:922 +0x38
os/exec.(*Cmd).Run(0x140000e0900)
	/opt/hostedtoolcache/go/1.25.0/x64/src/os/exec/exec.go:626 +0x38
os/exec.(*Cmd).Output(0x140000e0900)
	/opt/hostedtoolcache/go/1.25.0/x64/src/os/exec/exec.go:1018 +0xb4
github.com/nmelo/initech/internal/tui.readBattery()
	/home/runner/work/initech/initech/internal/tui/battery_darwin.go:19 +0x5c
github.com/nmelo/initech/internal/tui.(*TUI).startBatteryPoller.func1()
	/home/runner/work/initech/initech/internal/tui/poll.go:95 +0xc0
github.com/nmelo/initech/internal/tui.(*TUI).safeGo.func1()
	/home/runner/work/initech/initech/internal/tui/crash.go:34 +0x4c
created by github.com/nmelo/initech/internal/tui.(*TUI).safeGo in goroutine 1
	/home/runner/work/initech/initech/internal/tui/crash.go:18 +0x68

goroutine 98 [select, 99 minutes]:
github.com/gdamore/tcell/v2.(*baseScreen).PollEvent(0x140000a6f70)
	/home/runner/go/pkg/mod/github.com/gdamore/tcell/v2@v2.13.8/screen.go:511 +0x74
github.com/nmelo/initech/internal/tui.Run.func15()
	/home/runner/work/initech/initech/internal/tui/tui.go:927 +0x50
github.com/nmelo/initech/internal/tui.(*TUI).safeGo.func1()
	/home/runner/work/initech/initech/internal/tui/crash.go:34 +0x4c
created by github.com/nmelo/initech/internal/tui.(*TUI).safeGo in goroutine 1
	/home/runner/work/initech/initech/internal/tui/crash.go:18 +0x68

goroutine 1357 [IO wait]:
internal/poll.runtime_pollWait(0x14aa90600, 0x72)
	/opt/hostedtoolcache/go/1.25.0/x64/src/runtime/netpoll.go:351 +0xa0
internal/poll.(*pollDesc).wait(0x140000f9920?, 0x14000246200?, 0x1)
	/opt/hostedtoolcache/go/1.25.0/x64/src/internal/poll/fd_poll_runtime.go:84 +0x28
internal/poll.(*pollDesc).waitRead(...)
	/opt/hostedtoolcache/go/1.25.0/x64/src/internal/poll/fd_poll_runtime.go:89
internal/poll.(*FD).Read(0x140000f9920, {0x14000246200, 0x200, 0x200})
	/opt/hostedtoolcache/go/1.25.0/x64/src/internal/poll/fd_unix.go:165 +0x1e0
os.(*File).read(...)
	/opt/hostedtoolcache/go/1.25.0/x64/src/os/file_posix.go:29
os.(*File).Read(0x14000076060, {0x14000246200?, 0x14003700558?, 0x102c24cfc?})
	/opt/hostedtoolcache/go/1.25.0/x64/src/os/file.go:144 +0x68
bytes.(*Buffer).ReadFrom(0x14002d58060, {0x10371e5e0, 0x14003480000})
	/opt/hostedtoolcache/go/1.25.0/x64/src/bytes/buffer.go:217 +0x90
io.copyBuffer({0x10371e540, 0x14002d58060}, {0x10371e5e0, 0x14003480000}, {0x0, 0x0, 0x0})
	/opt/hostedtoolcache/go/1.25.0/x64/src/io/io.go:415 +0x14c
io.Copy(...)
	/opt/hostedtoolcache/go/1.25.0/x64/src/io/io.go:388
os.genericWriteTo(0x0?, {0x10371e540, 0x14002d58060})
	/opt/hostedtoolcache/go/1.25.0/x64/src/os/file.go:295 +0x58
os.(*File).WriteTo(0x0?, {0x10371e540?, 0x14002d58060?})
	/opt/hostedtoolcache/go/1.25.0/x64/src/os/file.go:273 +0x5c
io.copyBuffer({0x10371e540, 0x14002d58060}, {0x10371dfe8, 0x14000076060}, {0x0, 0x0, 0x0})
	/opt/hostedtoolcache/go/1.25.0/x64/src/io/io.go:411 +0x98
io.Copy(...)
	/opt/hostedtoolcache/go/1.25.0/x64/src/io/io.go:388
os/exec.(*Cmd).writerDescriptor.func1()
	/opt/hostedtoolcache/go/1.25.0/x64/src/os/exec/exec.go:596 +0x40
os/exec.(*Cmd).Start.func2(0x0?)
	/opt/hostedtoolcache/go/1.25.0/x64/src/os/exec/exec.go:749 +0x30
created by os/exec.(*Cmd).Start in goroutine 97
	/opt/hostedtoolcache/go/1.25.0/x64/src/os/exec/exec.go:748 +0x6a4

goroutine 1358 [IO wait]:
internal/poll.runtime_pollWait(0x14aa90a00, 0x72)
	/opt/hostedtoolcache/go/1.25.0/x64/src/runtime/netpoll.go:351 +0xa0
internal/poll.(*pollDesc).wait(0x140000f9e00?, 0x14003482000?, 0x1)
	/opt/hostedtoolcache/go/1.25.0/x64/src/internal/poll/fd_poll_runtime.go:84 +0x28
internal/poll.(*pollDesc).waitRead(...)
	/opt/hostedtoolcache/go/1.25.0/x64/src/internal/poll/fd_poll_runtime.go:89
internal/poll.(*FD).Read(0x140000f9e00, {0x14003482000, 0x8000, 0x8000})
	/opt/hostedtoolcache/go/1.25.0/x64/src/internal/poll/fd_unix.go:165 +0x1e0
os.(*File).read(...)
	/opt/hostedtoolcache/go/1.25.0/x64/src/os/file_posix.go:29
os.(*File).Read(0x14000076078, {0x14003482000?, 0x14003705da8?, 0x102b74698?})
	/opt/hostedtoolcache/go/1.25.0/x64/src/os/file.go:144 +0x68
io.copyBuffer({0x10371e820, 0x140000540a0}, {0x10371e5e0, 0x14003480008}, {0x0, 0x0, 0x0})
	/opt/hostedtoolcache/go/1.25.0/x64/src/io/io.go:429 +0x18c
io.Copy(...)
	/opt/hostedtoolcache/go/1.25.0/x64/src/io/io.go:388
os.genericWriteTo(0x14003705e98?, {0x10371e820, 0x140000540a0})
	/opt/hostedtoolcache/go/1.25.0/x64/src/os/file.go:295 +0x58
os.(*File).WriteTo(0x14003705e98?, {0x10371e820?, 0x140000540a0?})
	/opt/hostedtoolcache/go/1.25.0/x64/src/os/file.go:273 +0x5c
io.copyBuffer({0x10371e820, 0x140000540a0}, {0x10371dfe8, 0x14000076078}, {0x0, 0x0, 0x0})
	/opt/hostedtoolcache/go/1.25.0/x64/src/io/io.go:411 +0x98
io.Copy(...)
	/opt/hostedtoolcache/go/1.25.0/x64/src/io/io.go:388
os/exec.(*Cmd).writerDescriptor.func1()
	/opt/hostedtoolcache/go/1.25.0/x64/src/os/exec/exec.go:596 +0x40
os/exec.(*Cmd).Start.func2(0x0?)
	/opt/hostedtoolcache/go/1.25.0/x64/src/os/exec/exec.go:749 +0x30
created by os/exec.(*Cmd).Start in goroutine 97
	/opt/hostedtoolcache/go/1.25.0/x64/src/os/exec/exec.go:748 +0x6a4

=== RENDER WATCHDOG ===
Time:      2026-05-02T03:54:36+08:00
Version:   1.17.17
Go:        go1.25.0
Stale for: 16m24s
Diagnosis: No render completed in 16m24s. Main loop is likely blocked.

--- All Goroutine Stacks ---
goroutine 100 [running]:
github.com/nmelo/initech/internal/tui.dumpWatchdogStacks({0x140000e6258, 0x18}, {0x10343c230, 0x7}, 0xe5182cb958)
	/home/runner/work/initech/initech/internal/tui/watchdog.go:51 +0x5c
github.com/nmelo/initech/internal/tui.renderWatchdog(0x140000d3468, 0x2540be400, {0x140000e6258, 0x18}, {0x10343c230, 0x7}, 0x140002a4310)
	/home/runner/work/initech/initech/internal/tui/watchdog.go:35 +0x158
created by github.com/nmelo/initech/internal/tui.Run in goroutine 1
	/home/runner/work/initech/initech/internal/tui/tui.go:946 +0x2408

goroutine 1 [runnable]:
github.com/gdamore/tcell/v2.(*baseScreen).SetContent(0x140000a6f70, 0x6a, 0x5, 0x0?, {0x0?, 0x0?, 0x0?}, {0x300696969, 0x0, 0x0, ...})
	/home/runner/go/pkg/mod/github.com/gdamore/tcell/v2@v2.13.8/screen.go:452 +0xc8
github.com/nmelo/initech/internal/tui.(*clampedScreen).SetContent(0x0?, 0x0?, 0x0?, 0x0?, {0x0?, 0x0?, 0x0?}, {0x300696969, 0x0, 0x0, ...})
	/home/runner/work/initech/initech/internal/tui/pane_render.go:35 +0x84
github.com/nmelo/initech/internal/tui.renderCellRow(0x1400004c838, 0x1400058e1c0, 0x36, 0x5, 0x4, 0x35, 0x1)
	/home/runner/work/initech/initech/internal/tui/render_common.go:69 +0x80
github.com/nmelo/initech/internal/tui.(*Pane).Render(0x140000df188, {0x103733608?, 0x140000a6f70?}, 0x0, 0x1, 0x2, {0x0, 0x0, 0x0, 0x0, ...})
	/home/runner/work/initech/initech/internal/tui/pane_render.go:189 +0x10f8
github.com/nmelo/initech/internal/tui.(*TUI).render(0x140000d3088)
	/home/runner/work/initech/initech/internal/tui/render.go:47 +0x54c
github.com/nmelo/initech/internal/tui.Run({{0x14000290288, 0x5, 0x5}, {0x140000cc970, 0xa}, {0x140000e6258, 0x18}, 0x0, 0x0, {0x10343c230, ...}, ...})
	/home/runner/work/initech/initech/internal/tui/tui.go:998 +0x27c8
github.com/nmelo/initech/cmd.runTUI(0x103dbe520, {0x1032dcf61?, 0x4?, 0x1032dd029?})
	/home/runner/work/initech/initech/cmd/root.go:286 +0x820
github.com/spf13/cobra.(*Command).execute(0x103dbe520, {0x14000126040, 0x0, 0x0})
	/home/runner/go/pkg/mod/github.com/spf13/cobra@v1.10.2/command.go:1015 +0x7d4
github.com/spf13/cobra.(*Command).ExecuteC(0x103dbe520)
	/home/runner/go/pkg/mod/github.com/spf13/cobra@v1.10.2/command.go:1148 +0x350
github.com/spf13/cobra.(*Command).Execute(...)
	/home/runner/go/pkg/mod/github.com/spf13/cobra@v1.10.2/command.go:1071
github.com/nmelo/initech/cmd.init.func4()
	/home/runner/work/initech/initech/cmd/root.go:41 +0x24
github.com/nmelo/initech/cmd.Execute()
	/home/runner/work/initech/initech/cmd/root.go:134 +0x28
main.main()
	/home/runner/work/initech/initech/main.go:7 +0x1c

goroutine 13 [select, 718 minutes]:
github.com/gdamore/tcell/v2.(*devTty).Start.func1(0x140002a40e0)
	/home/runner/go/pkg/mod/github.com/gdamore/tcell/v2@v2.13.8/tty_unix.go:94 +0x8c
created by github.com/gdamore/tcell/v2.(*devTty).Start in goroutine 1
	/home/runner/go/pkg/mod/github.com/gdamore/tcell/v2@v2.13.8/tty_unix.go:91 +0x20c

goroutine 15 [syscall, 718 minutes]:
os/signal.signal_recv()
	/opt/hostedtoolcache/go/1.25.0/x64/src/runtime/sigqueue.go:149 +0x2c
os/signal.loop()
	/opt/hostedtoolcache/go/1.25.0/x64/src/os/signal/signal_unix.go:23 +0x1c
created by os/signal.Notify.func1.1 in goroutine 1
	/opt/hostedtoolcache/go/1.25.0/x64/src/os/signal/signal.go:152 +0x28

goroutine 16 [syscall, 99 minutes]:
syscall.syscall(0x14000106598?, 0x102c51e24?, 0x800000?, 0x7ffff800000?)
	/opt/hostedtoolcache/go/1.25.0/x64/src/runtime/sys_darwin.go:27 +0x40
syscall.read(0x140000ac480?, {0x140030bfa80?, 0x14000106608?, 0x102b6f838?})
	/opt/hostedtoolcache/go/1.25.0/x64/src/syscall/zsyscall_darwin_arm64.go:1245 +0x48
syscall.Read(...)
	/opt/hostedtoolcache/go/1.25.0/x64/src/syscall/syscall_unix.go:183
internal/poll.ignoringEINTRIO(...)
	/opt/hostedtoolcache/go/1.25.0/x64/src/internal/poll/fd_unix.go:738
internal/poll.(*FD).Read(0x140000ac480, {0x140030bfa80, 0x80, 0x80})
	/opt/hostedtoolcache/go/1.25.0/x64/src/internal/poll/fd_unix.go:161 +0x204
os.(*File).read(...)
	/opt/hostedtoolcache/go/1.25.0/x64/src/os/file_posix.go:29
os.(*File).Read(0x140000b4020, {0x140030bfa80?, 0x1?, 0x0?})
	/opt/hostedtoolcache/go/1.25.0/x64/src/os/file.go:144 +0x68
github.com/gdamore/tcell/v2.(*devTty).Read(0x0?, {0x140030bfa80?, 0x80?, 0x80?})
	/home/runner/go/pkg/mod/github.com/gdamore/tcell/v2@v2.13.8/tty_unix.go:49 +0x24
github.com/gdamore/tcell/v2.(*tScreen).inputLoop(0x1400028c408, 0x140002a42a0)
	/home/runner/go/pkg/mod/github.com/gdamore/tcell/v2@v2.13.8/tscreen.go:1051 +0xa4
created by github.com/gdamore/tcell/v2.(*tScreen).engage in goroutine 1
	/home/runner/go/pkg/mod/github.com/gdamore/tcell/v2@v2.13.8/tscreen.go:1211 +0x374

goroutine 49 [select, 99 minutes]:
github.com/gdamore/tcell/v2.(*tScreen).mainLoop(0x1400028c408, 0x140002a42a0)
	/home/runner/go/pkg/mod/github.com/gdamore/tcell/v2@v2.13.8/tscreen.go:1020 +0xbc
created by github.com/gdamore/tcell/v2.(*tScreen).engage in goroutine 1
	/home/runner/go/pkg/mod/github.com/gdamore/tcell/v2@v2.13.8/tscreen.go:1212 +0x3bc

goroutine 50 [chan receive, 718 minutes]:
github.com/nmelo/initech/internal/tui.installSignalHandlers.func1()
	/home/runner/work/initech/initech/internal/tui/signals.go:55 +0x4c
created by github.com/nmelo/initech/internal/tui.installSignalHandlers in goroutine 1
	/home/runner/work/initech/initech/internal/tui/signals.go:54 +0x11c

goroutine 51 [chan receive, 718 minutes]:
github.com/nmelo/initech/internal/telemetry.(*Client).sender(0x140000dc380)
	/home/runner/work/initech/initech/internal/telemetry/telemetry.go:126 +0xcc
created by github.com/nmelo/initech/internal/telemetry.Init in goroutine 1
	/home/runner/work/initech/initech/internal/telemetry/telemetry.go:62 +0x134

goroutine 52 [IO wait, 718 minutes]:
internal/poll.runtime_pollWait(0x14aa91000, 0x72)
	/opt/hostedtoolcache/go/1.25.0/x64/src/runtime/netpoll.go:351 +0xa0
internal/poll.(*pollDesc).wait(0x140001a4080?, 0x0?, 0x0)
	/opt/hostedtoolcache/go/1.25.0/x64/src/internal/poll/fd_poll_runtime.go:84 +0x28
internal/poll.(*pollDesc).waitRead(...)
	/opt/hostedtoolcache/go/1.25.0/x64/src/internal/poll/fd_poll_runtime.go:89
internal/poll.(*FD).Accept(0x140001a4080)
	/opt/hostedtoolcache/go/1.25.0/x64/src/internal/poll/fd_unix.go:613 +0x21c
net.(*netFD).accept(0x140001a4080)
	/opt/hostedtoolcache/go/1.25.0/x64/src/net/fd_unix.go:161 +0x28
net.(*UnixListener).accept(0x2baa1f35a874?)
	/opt/hostedtoolcache/go/1.25.0/x64/src/net/unixsock_posix.go:172 +0x20
net.(*UnixListener).Accept(0x140000b06f0)
	/opt/hostedtoolcache/go/1.25.0/x64/src/net/unixsock.go:260 +0x2c
github.com/nmelo/initech/internal/tui.(*TUI).startIPC.func1()
	/home/runner/work/initech/initech/internal/tui/ipc.go:85 +0x58
github.com/nmelo/initech/internal/tui.(*TUI).safeGo.func1()
	/home/runner/work/initech/initech/internal/tui/crash.go:34 +0x4c
created by github.com/nmelo/initech/internal/tui.(*TUI).safeGo in goroutine 1
	/home/runner/work/initech/initech/internal/tui/crash.go:18 +0x68

goroutine 81 [syscall]:
syscall.syscall(0x14000274dc8?, 0x102c51e24?, 0x800000?, 0x7ffff800000?)
	/opt/hostedtoolcache/go/1.25.0/x64/src/runtime/sys_darwin.go:27 +0x40
syscall.read(0x140002180c0?, {0x14000110000?, 0x14000274e08?, 0x103039d4c?})
	/opt/hostedtoolcache/go/1.25.0/x64/src/syscall/zsyscall_darwin_arm64.go:1245 +0x48
syscall.Read(...)
	/opt/hostedtoolcache/go/1.25.0/x64/src/syscall/syscall_unix.go:183
internal/poll.ignoringEINTRIO(...)
	/opt/hostedtoolcache/go/1.25.0/x64/src/internal/poll/fd_unix.go:738
internal/poll.(*FD).Read(0x140002180c0, {0x14000110000, 0x8000, 0x8000})
	/opt/hostedtoolcache/go/1.25.0/x64/src/internal/poll/fd_unix.go:161 +0x204
os.(*File).read(...)
	/opt/hostedtoolcache/go/1.25.0/x64/src/os/file_posix.go:29
os.(*File).Read(0x1400011c0e8, {0x14000110000?, 0xd0?, 0x8000?})
	/opt/hostedtoolcache/go/1.25.0/x64/src/os/file.go:144 +0x68
github.com/nmelo/initech/internal/tui.(*Pane).readLoop(0x140000dea88)
	/home/runner/work/initech/initech/internal/tui/pane.go:405 +0x5c
github.com/nmelo/initech/internal/tui.(*Pane).Start.func2()
	/home/runner/work/initech/initech/internal/tui/pane.go:395 +0x4c
github.com/nmelo/initech/internal/tui.(*TUI).safeGo.func1()
	/home/runner/work/initech/initech/internal/tui/crash.go:34 +0x4c
created by github.com/nmelo/initech/internal/tui.(*TUI).safeGo in goroutine 1
	/home/runner/work/initech/initech/internal/tui/crash.go:18 +0x68

goroutine 82 [select, 99 minutes]:
io.(*pipe).read(0x140000ac720, {0x140002bee50, 0x100, 0x0?})
	/opt/hostedtoolcache/go/1.25.0/x64/src/io/pipe.go:57 +0x7c
io.(*PipeReader).Read(...)
	/opt/hostedtoolcache/go/1.25.0/x64/src/io/pipe.go:134
github.com/charmbracelet/x/vt.(*Emulator).Read(0x1400011c0e8?, {0x140002bee50?, 0xb?, 0x0?})
	/home/runner/go/pkg/mod/github.com/nmelo/x/vt@v0.0.0-20260402173550-246f6ae86935/emulator.go:256 +0x54
github.com/charmbracelet/x/vt.(*SafeEmulator).Read(...)
	/home/runner/go/pkg/mod/github.com/nmelo/x/vt@v0.0.0-20260402173550-246f6ae86935/safe_emulator.go:34
github.com/nmelo/initech/internal/tui.(*Pane).responseLoop(0x140000dea88)
	/home/runner/work/initech/initech/internal/tui/pane.go:468 +0x5c
github.com/nmelo/initech/internal/tui.(*Pane).Start.func3()
	/home/runner/work/initech/initech/internal/tui/pane.go:396 +0x4c
github.com/nmelo/initech/internal/tui.(*TUI).safeGo.func1()
	/home/runner/work/initech/initech/internal/tui/crash.go:34 +0x4c
created by github.com/nmelo/initech/internal/tui.(*TUI).safeGo in goroutine 1
	/home/runner/work/initech/initech/internal/tui/crash.go:18 +0x68

goroutine 83 [syscall]:
syscall.syscallPtr(0x0?, 0x0?, 0x0?, 0x102c55b40?)
	/opt/hostedtoolcache/go/1.25.0/x64/src/runtime/sys_darwin.go:101 +0x40
syscall.fdopendir(0x103f18f30?)
	/opt/hostedtoolcache/go/1.25.0/x64/src/syscall/syscall_darwin.go:235 +0x34
internal/poll.(*FD).OpenDir(0x10?)
	/opt/hostedtoolcache/go/1.25.0/x64/src/internal/poll/fd_opendir_darwin.go:24 +0x40
os.(*File).readdir(0x14002e82000, 0xffffffffffffffff, 0x1)
	/opt/hostedtoolcache/go/1.25.0/x64/src/os/dir_darwin.go:35 +0x5c
os.(*File).ReadDir(0x1400012e000?, 0x3d?)
	/opt/hostedtoolcache/go/1.25.0/x64/src/os/dir.go:101 +0x24
os.ReadDir({0x1400012e000?, 0x1400005d208?})
	/opt/hostedtoolcache/go/1.25.0/x64/src/os/dir.go:121 +0x94
github.com/nmelo/initech/internal/tui.newestJSONL({0x1400012e000, 0x3d})
	/home/runner/work/initech/initech/internal/tui/pane_journal.go:324 +0x28
github.com/nmelo/initech/internal/tui.(*Pane).watchJSONL(0x140000dea88)
	/home/runner/work/initech/initech/internal/tui/pane_journal.go:40 +0x17c
github.com/nmelo/initech/internal/tui.(*Pane).Start.func4()
	/home/runner/work/initech/initech/internal/tui/pane.go:398 +0x4c
github.com/nmelo/initech/internal/tui.(*TUI).safeGo.func1()
	/home/runner/work/initech/initech/internal/tui/crash.go:34 +0x4c
created by github.com/nmelo/initech/internal/tui.(*TUI).safeGo in goroutine 1
	/home/runner/work/initech/initech/internal/tui/crash.go:18 +0x68

goroutine 84 [syscall, 119 minutes]:
syscall.syscall(0x14002d62dc8?, 0x102c51e24?, 0x800000?, 0x7ffff800000?)
	/opt/hostedtoolcache/go/1.25.0/x64/src/runtime/sys_darwin.go:27 +0x40
syscall.read(0x140002181e0?, {0x14000df2000?, 0x14002d62e08?, 0x103039d4c?})
	/opt/hostedtoolcache/go/1.25.0/x64/src/syscall/zsyscall_darwin_arm64.go:1245 +0x48
syscall.Read(...)
	/opt/hostedtoolcache/go/1.25.0/x64/src/syscall/syscall_unix.go:183
internal/poll.ignoringEINTRIO(...)
	/opt/hostedtoolcache/go/1.25.0/x64/src/internal/poll/fd_unix.go:738
internal/poll.(*FD).Read(0x140002181e0, {0x14000df2000, 0x8000, 0x8000})
	/opt/hostedtoolcache/go/1.25.0/x64/src/internal/poll/fd_unix.go:161 +0x204
os.(*File).read(...)
	/opt/hostedtoolcache/go/1.25.0/x64/src/os/file_posix.go:29
os.(*File).Read(0x1400011c570, {0x14000df2000?, 0x5d?, 0x8000?})
	/opt/hostedtoolcache/go/1.25.0/x64/src/os/file.go:144 +0x68
github.com/nmelo/initech/internal/tui.(*Pane).readLoop(0x140000df188)
	/home/runner/work/initech/initech/internal/tui/pane.go:405 +0x5c
github.com/nmelo/initech/internal/tui.(*Pane).Start.func2()
	/home/runner/work/initech/initech/internal/tui/pane.go:395 +0x4c
github.com/nmelo/initech/internal/tui.(*TUI).safeGo.func1()
	/home/runner/work/initech/initech/internal/tui/crash.go:34 +0x4c
created by github.com/nmelo/initech/internal/tui.(*TUI).safeGo in goroutine 1
	/home/runner/work/initech/initech/internal/tui/crash.go:18 +0x68

goroutine 85 [select, 119 minutes]:
io.(*pipe).read(0x14000218180, {0x140002bfe50, 0x100, 0x0?})
	/opt/hostedtoolcache/go/1.25.0/x64/src/io/pipe.go:57 +0x7c
io.(*PipeReader).Read(...)
	/opt/hostedtoolcache/go/1.25.0/x64/src/io/pipe.go:134
github.com/charmbracelet/x/vt.(*Emulator).Read(0x1400011c570?, {0x140002bfe50?, 0xb?, 0x0?})
	/home/runner/go/pkg/mod/github.com/nmelo/x/vt@v0.0.0-20260402173550-246f6ae86935/emulator.go:256 +0x54
github.com/charmbracelet/x/vt.(*SafeEmulator).Read(...)
	/home/runner/go/pkg/mod/github.com/nmelo/x/vt@v0.0.0-20260402173550-246f6ae86935/safe_emulator.go:34
github.com/nmelo/initech/internal/tui.(*Pane).responseLoop(0x140000df188)
	/home/runner/work/initech/initech/internal/tui/pane.go:468 +0x5c
github.com/nmelo/initech/internal/tui.(*Pane).Start.func3()
	/home/runner/work/initech/initech/internal/tui/pane.go:396 +0x4c
github.com/nmelo/initech/internal/tui.(*TUI).safeGo.func1()
	/home/runner/work/initech/initech/internal/tui/crash.go:34 +0x4c
created by github.com/nmelo/initech/internal/tui.(*TUI).safeGo in goroutine 1
	/home/runner/work/initech/initech/internal/tui/crash.go:18 +0x68

goroutine 86 [syscall]:
syscall.syscallPtr(0x0?, 0x0?, 0x0?, 0x102c55b40?)
	/opt/hostedtoolcache/go/1.25.0/x64/src/runtime/sys_darwin.go:101 +0x40
syscall.fdopendir(0x103f185c0?)
	/opt/hostedtoolcache/go/1.25.0/x64/src/syscall/syscall_darwin.go:235 +0x34
internal/poll.(*FD).OpenDir(0x10?)
	/opt/hostedtoolcache/go/1.25.0/x64/src/internal/poll/fd_opendir_darwin.go:24 +0x40
os.(*File).readdir(0x1400011cf10, 0xffffffffffffffff, 0x1)
	/opt/hostedtoolcache/go/1.25.0/x64/src/os/dir_darwin.go:35 +0x5c
os.(*File).ReadDir(0x1400012e1c0?, 0x3a?)
	/opt/hostedtoolcache/go/1.25.0/x64/src/os/dir.go:101 +0x24
os.ReadDir({0x1400012e1c0?, 0x14000058608?})
	/opt/hostedtoolcache/go/1.25.0/x64/src/os/dir.go:121 +0x94
github.com/nmelo/initech/internal/tui.newestJSONL({0x1400012e1c0, 0x3a})
	/home/runner/work/initech/initech/internal/tui/pane_journal.go:324 +0x28
github.com/nmelo/initech/internal/tui.(*Pane).watchJSONL(0x140000df188)
	/home/runner/work/initech/initech/internal/tui/pane_journal.go:40 +0x17c
github.com/nmelo/initech/internal/tui.(*Pane).Start.func4()
	/home/runner/work/initech/initech/internal/tui/pane.go:398 +0x4c
github.com/nmelo/initech/internal/tui.(*TUI).safeGo.func1()
	/home/runner/work/initech/initech/internal/tui/crash.go:34 +0x4c
created by github.com/nmelo/initech/internal/tui.(*TUI).safeGo in goroutine 1
	/home/runner/work/initech/initech/internal/tui/crash.go:18 +0x68

goroutine 70 [syscall, 25 minutes]:
syscall.syscall(0x14002d5fdc8?, 0x102c51e24?, 0x800000?, 0x7ffff800000?)
	/opt/hostedtoolcache/go/1.25.0/x64/src/runtime/sys_darwin.go:27 +0x40
syscall.read(0x1400007c3c0?, {0x14000990000?, 0x14002d5fe08?, 0x103039d4c?})
	/opt/hostedtoolcache/go/1.25.0/x64/src/syscall/zsyscall_darwin_arm64.go:1245 +0x48
syscall.Read(...)
	/opt/hostedtoolcache/go/1.25.0/x64/src/syscall/syscall_unix.go:183
internal/poll.ignoringEINTRIO(...)
	/opt/hostedtoolcache/go/1.25.0/x64/src/internal/poll/fd_unix.go:738
internal/poll.(*FD).Read(0x1400007c3c0, {0x14000990000, 0x8000, 0x8000})
	/opt/hostedtoolcache/go/1.25.0/x64/src/internal/poll/fd_unix.go:161 +0x204
os.(*File).read(...)
	/opt/hostedtoolcache/go/1.25.0/x64/src/os/file_posix.go:29
os.(*File).Read(0x1400011c118, {0x14000990000?, 0xcb?, 0x8000?})
	/opt/hostedtoolcache/go/1.25.0/x64/src/os/file.go:144 +0x68
github.com/nmelo/initech/internal/tui.(*Pane).readLoop(0x140000df888)
	/home/runner/work/initech/initech/internal/tui/pane.go:405 +0x5c
github.com/nmelo/initech/internal/tui.(*Pane).Start.func2()
	/home/runner/work/initech/initech/internal/tui/pane.go:395 +0x4c
github.com/nmelo/initech/internal/tui.(*TUI).safeGo.func1()
	/home/runner/work/initech/initech/internal/tui/crash.go:34 +0x4c
created by github.com/nmelo/initech/internal/tui.(*TUI).safeGo in goroutine 1
	/home/runner/work/initech/initech/internal/tui/crash.go:18 +0x68

goroutine 71 [select, 718 minutes]:
io.(*pipe).read(0x140002182a0, {0x14000275e50, 0x100, 0x0?})
	/opt/hostedtoolcache/go/1.25.0/x64/src/io/pipe.go:57 +0x7c
io.(*PipeReader).Read(...)
	/opt/hostedtoolcache/go/1.25.0/x64/src/io/pipe.go:134
github.com/charmbracelet/x/vt.(*Emulator).Read(0x1400011c118?, {0x14000275e50?, 0xd?, 0x0?})
	/home/runner/go/pkg/mod/github.com/nmelo/x/vt@v0.0.0-20260402173550-246f6ae86935/emulator.go:256 +0x54
github.com/charmbracelet/x/vt.(*SafeEmulator).Read(...)
	/home/runner/go/pkg/mod/github.com/nmelo/x/vt@v0.0.0-20260402173550-246f6ae86935/safe_emulator.go:34
github.com/nmelo/initech/internal/tui.(*Pane).responseLoop(0x140000df888)
	/home/runner/work/initech/initech/internal/tui/pane.go:468 +0x5c
github.com/nmelo/initech/internal/tui.(*Pane).Start.func3()
	/home/runner/work/initech/initech/internal/tui/pane.go:396 +0x4c
github.com/nmelo/initech/internal/tui.(*TUI).safeGo.func1()
	/home/runner/work/initech/initech/internal/tui/crash.go:34 +0x4c
created by github.com/nmelo/initech/internal/tui.(*TUI).safeGo in goroutine 1
	/home/runner/work/initech/initech/internal/tui/crash.go:18 +0x68

goroutine 72 [syscall]:
syscall.syscallPtr(0x0?, 0x0?, 0x0?, 0x102c55b40?)
	/opt/hostedtoolcache/go/1.25.0/x64/src/runtime/sys_darwin.go:101 +0x40
syscall.fdopendir(0x103f18a78?)
	/opt/hostedtoolcache/go/1.25.0/x64/src/syscall/syscall_darwin.go:235 +0x34
internal/poll.(*FD).OpenDir(0x10?)
	/opt/hostedtoolcache/go/1.25.0/x64/src/internal/poll/fd_opendir_darwin.go:24 +0x40
os.(*File).readdir(0x140000b4038, 0xffffffffffffffff, 0x1)
	/opt/hostedtoolcache/go/1.25.0/x64/src/os/dir_darwin.go:35 +0x5c
os.(*File).ReadDir(0x1400012e140?, 0x3c?)
	/opt/hostedtoolcache/go/1.25.0/x64/src/os/dir.go:101 +0x24
os.ReadDir({0x1400012e140?, 0x1400005ac08?})
	/opt/hostedtoolcache/go/1.25.0/x64/src/os/dir.go:121 +0x94
github.com/nmelo/initech/internal/tui.newestJSONL({0x1400012e140, 0x3c})
	/home/runner/work/initech/initech/internal/tui/pane_journal.go:324 +0x28
github.com/nmelo/initech/internal/tui.(*Pane).watchJSONL(0x140000df888)
	/home/runner/work/initech/initech/internal/tui/pane_journal.go:40 +0x17c
github.com/nmelo/initech/internal/tui.(*Pane).Start.func4()
	/home/runner/work/initech/initech/internal/tui/pane.go:398 +0x4c
github.com/nmelo/initech/internal/tui.(*TUI).safeGo.func1()
	/home/runner/work/initech/initech/internal/tui/crash.go:34 +0x4c
created by github.com/nmelo/initech/internal/tui.(*TUI).safeGo in goroutine 1
	/home/runner/work/initech/initech/internal/tui/crash.go:18 +0x68

goroutine 73 [syscall, 19 minutes]:
syscall.syscall(0x140002c4dc8?, 0x102c51e24?, 0x800000?, 0x7ffff800000?)
	/opt/hostedtoolcache/go/1.25.0/x64/src/runtime/sys_darwin.go:27 +0x40
syscall.read(0x1400007c4e0?, {0x14001732000?, 0x12?, 0x0?})
	/opt/hostedtoolcache/go/1.25.0/x64/src/syscall/zsyscall_darwin_arm64.go:1245 +0x48
syscall.Read(...)
	/opt/hostedtoolcache/go/1.25.0/x64/src/syscall/syscall_unix.go:183
internal/poll.ignoringEINTRIO(...)
	/opt/hostedtoolcache/go/1.25.0/x64/src/internal/poll/fd_unix.go:738
internal/poll.(*FD).Read(0x1400007c4e0, {0x14001732000, 0x8000, 0x8000})
	/opt/hostedtoolcache/go/1.25.0/x64/src/internal/poll/fd_unix.go:161 +0x204
os.(*File).read(...)
	/opt/hostedtoolcache/go/1.25.0/x64/src/os/file_posix.go:29
os.(*File).Read(0x1400011cb98, {0x14001732000?, 0xad?, 0x8000?})
	/opt/hostedtoolcache/go/1.25.0/x64/src/os/file.go:144 +0x68
github.com/nmelo/initech/internal/tui.(*Pane).readLoop(0x14000248708)
	/home/runner/work/initech/initech/internal/tui/pane.go:405 +0x5c
github.com/nmelo/initech/internal/tui.(*Pane).Start.func2()
	/home/runner/work/initech/initech/internal/tui/pane.go:395 +0x4c
github.com/nmelo/initech/internal/tui.(*TUI).safeGo.func1()
	/home/runner/work/initech/initech/internal/tui/crash.go:34 +0x4c
created by github.com/nmelo/initech/internal/tui.(*TUI).safeGo in goroutine 1
	/home/runner/work/initech/initech/internal/tui/crash.go:18 +0x68

goroutine 74 [select, 718 minutes]:
io.(*pipe).read(0x1400007c480, {0x140002c2e50, 0x100, 0x0?})
	/opt/hostedtoolcache/go/1.25.0/x64/src/io/pipe.go:57 +0x7c
io.(*PipeReader).Read(...)
	/opt/hostedtoolcache/go/1.25.0/x64/src/io/pipe.go:134
github.com/charmbracelet/x/vt.(*Emulator).Read(0x1400011cb98?, {0x140002c2e50?, 0x18?, 0x0?})
	/home/runner/go/pkg/mod/github.com/nmelo/x/vt@v0.0.0-20260402173550-246f6ae86935/emulator.go:256 +0x54
github.com/charmbracelet/x/vt.(*SafeEmulator).Read(...)
	/home/runner/go/pkg/mod/github.com/nmelo/x/vt@v0.0.0-20260402173550-246f6ae86935/safe_emulator.go:34
github.com/nmelo/initech/internal/tui.(*Pane).responseLoop(0x14000248708)
	/home/runner/work/initech/initech/internal/tui/pane.go:468 +0x5c
github.com/nmelo/initech/internal/tui.(*Pane).Start.func3()
	/home/runner/work/initech/initech/internal/tui/pane.go:396 +0x4c
github.com/nmelo/initech/internal/tui.(*TUI).safeGo.func1()
	/home/runner/work/initech/initech/internal/tui/crash.go:34 +0x4c
created by github.com/nmelo/initech/internal/tui.(*TUI).safeGo in goroutine 1
	/home/runner/work/initech/initech/internal/tui/crash.go:18 +0x68

goroutine 75 [chan receive]:
github.com/nmelo/initech/internal/tui.(*Pane).watchJSONL(0x14000248708)
	/home/runner/work/initech/initech/internal/tui/pane_journal.go:30 +0x9c
github.com/nmelo/initech/internal/tui.(*Pane).Start.func4()
	/home/runner/work/initech/initech/internal/tui/pane.go:398 +0x4c
github.com/nmelo/initech/internal/tui.(*TUI).safeGo.func1()
	/home/runner/work/initech/initech/internal/tui/crash.go:34 +0x4c
created by github.com/nmelo/initech/internal/tui.(*TUI).safeGo in goroutine 1
	/home/runner/work/initech/initech/internal/tui/crash.go:18 +0x68

goroutine 76 [syscall, 718 minutes]:
syscall.syscall(0x14000277dc8?, 0x102c51e24?, 0x800000?, 0x7ffff800000?)
	/opt/hostedtoolcache/go/1.25.0/x64/src/runtime/sys_darwin.go:27 +0x40
syscall.read(0x1400007c600?, {0x14001bf8000?, 0x14000277e08?, 0x103039d4c?})
	/opt/hostedtoolcache/go/1.25.0/x64/src/syscall/zsyscall_darwin_arm64.go:1245 +0x48
syscall.Read(...)
	/opt/hostedtoolcache/go/1.25.0/x64/src/syscall/syscall_unix.go:183
internal/poll.ignoringEINTRIO(...)
	/opt/hostedtoolcache/go/1.25.0/x64/src/internal/poll/fd_unix.go:738
internal/poll.(*FD).Read(0x1400007c600, {0x14001bf8000, 0x8000, 0x8000})
	/opt/hostedtoolcache/go/1.25.0/x64/src/internal/poll/fd_unix.go:161 +0x204
os.(*File).read(...)
	/opt/hostedtoolcache/go/1.25.0/x64/src/os/file_posix.go:29
os.(*File).Read(0x1400011ceb0, {0x14001bf8000?, 0x27?, 0x8000?})
	/opt/hostedtoolcache/go/1.25.0/x64/src/os/file.go:144 +0x68
github.com/nmelo/initech/internal/tui.(*Pane).readLoop(0x14000248e08)
	/home/runner/work/initech/initech/internal/tui/pane.go:405 +0x5c
github.com/nmelo/initech/internal/tui.(*Pane).Start.func2()
	/home/runner/work/initech/initech/internal/tui/pane.go:395 +0x4c
github.com/nmelo/initech/internal/tui.(*TUI).safeGo.func1()
	/home/runner/work/initech/initech/internal/tui/crash.go:34 +0x4c
created by github.com/nmelo/initech/internal/tui.(*TUI).safeGo in goroutine 1
	/home/runner/work/initech/initech/internal/tui/crash.go:18 +0x68

goroutine 77 [select, 718 minutes]:
io.(*pipe).read(0x1400007c5a0, {0x14000272e50, 0x100, 0x0?})
	/opt/hostedtoolcache/go/1.25.0/x64/src/io/pipe.go:57 +0x7c
io.(*PipeReader).Read(...)
	/opt/hostedtoolcache/go/1.25.0/x64/src/io/pipe.go:134
github.com/charmbracelet/x/vt.(*Emulator).Read(0x1400011ceb0?, {0x14000272e50?, 0xd?, 0x0?})
	/home/runner/go/pkg/mod/github.com/nmelo/x/vt@v0.0.0-20260402173550-246f6ae86935/emulator.go:256 +0x54
github.com/charmbracelet/x/vt.(*SafeEmulator).Read(...)
	/home/runner/go/pkg/mod/github.com/nmelo/x/vt@v0.0.0-20260402173550-246f6ae86935/safe_emulator.go:34
github.com/nmelo/initech/internal/tui.(*Pane).responseLoop(0x14000248e08)
	/home/runner/work/initech/initech/internal/tui/pane.go:468 +0x5c
github.com/nmelo/initech/internal/tui.(*Pane).Start.func3()
	/home/runner/work/initech/initech/internal/tui/pane.go:396 +0x4c
github.com/nmelo/initech/internal/tui.(*TUI).safeGo.func1()
	/home/runner/work/initech/initech/internal/tui/crash.go:34 +0x4c
created by github.com/nmelo/initech/internal/tui.(*TUI).safeGo in goroutine 1
	/home/runner/work/initech/initech/internal/tui/crash.go:18 +0x68

goroutine 78 [chan receive]:
github.com/nmelo/initech/internal/tui.(*Pane).watchJSONL(0x14000248e08)
	/home/runner/work/initech/initech/internal/tui/pane_journal.go:30 +0x9c
github.com/nmelo/initech/internal/tui.(*Pane).Start.func4()
	/home/runner/work/initech/initech/internal/tui/pane.go:398 +0x4c
github.com/nmelo/initech/internal/tui.(*TUI).safeGo.func1()
	/home/runner/work/initech/initech/internal/tui/crash.go:34 +0x4c
created by github.com/nmelo/initech/internal/tui.(*TUI).safeGo in goroutine 1
	/home/runner/work/initech/initech/internal/tui/crash.go:18 +0x68

goroutine 97 [select]:
github.com/nmelo/initech/internal/tui.(*TUI).startBatteryPoller.func1()
	/home/runner/work/initech/initech/internal/tui/poll.go:93 +0xac
github.com/nmelo/initech/internal/tui.(*TUI).safeGo.func1()
	/home/runner/work/initech/initech/internal/tui/crash.go:34 +0x4c
created by github.com/nmelo/initech/internal/tui.(*TUI).safeGo in goroutine 1
	/home/runner/work/initech/initech/internal/tui/crash.go:18 +0x68

goroutine 98 [select, 99 minutes]:
github.com/gdamore/tcell/v2.(*baseScreen).PollEvent(0x140000a6f70)
	/home/runner/go/pkg/mod/github.com/gdamore/tcell/v2@v2.13.8/screen.go:511 +0x74
github.com/nmelo/initech/internal/tui.Run.func15()
	/home/runner/work/initech/initech/internal/tui/tui.go:927 +0x50
github.com/nmelo/initech/internal/tui.(*TUI).safeGo.func1()
	/home/runner/work/initech/initech/internal/tui/crash.go:34 +0x4c
created by github.com/nmelo/initech/internal/tui.(*TUI).safeGo in goroutine 1
	/home/runner/work/initech/initech/internal/tui/crash.go:18 +0x68

=== RENDER WATCHDOG ===
Time:      2026-05-02T04:51:01+08:00
Version:   1.17.17
Go:        go1.25.0
Stale for: 15m51s
Diagnosis: No render completed in 15m51s. Main loop is likely blocked.

--- All Goroutine Stacks ---
goroutine 100 [running]:
github.com/nmelo/initech/internal/tui.dumpWatchdogStacks({0x140000e6258, 0x18}, {0x10343c230, 0x7}, 0xdd663016c0)
	/home/runner/work/initech/initech/internal/tui/watchdog.go:51 +0x5c
github.com/nmelo/initech/internal/tui.renderWatchdog(0x140000d3468, 0x2540be400, {0x140000e6258, 0x18}, {0x10343c230, 0x7}, 0x140002a4310)
	/home/runner/work/initech/initech/internal/tui/watchdog.go:35 +0x158
created by github.com/nmelo/initech/internal/tui.Run in goroutine 1
	/home/runner/work/initech/initech/internal/tui/tui.go:946 +0x2408

goroutine 1 [syscall]:
syscall.syscall(0x1400004c638?, 0x102c5371c?, 0x80000000000?, 0x7ffff80000000000?)
	/opt/hostedtoolcache/go/1.25.0/x64/src/runtime/sys_darwin.go:27 +0x40
syscall.write(0x140000ac480?, {0x14001e98000?, 0x1?, 0x6?})
	/opt/hostedtoolcache/go/1.25.0/x64/src/syscall/zsyscall_darwin_arm64.go:1709 +0x48
syscall.Write(...)
	/opt/hostedtoolcache/go/1.25.0/x64/src/syscall/syscall_unix.go:211
internal/poll.ignoringEINTRIO(...)
	/opt/hostedtoolcache/go/1.25.0/x64/src/internal/poll/fd_unix.go:738
internal/poll.(*FD).Write(0x140000ac480, {0x14001e98000, 0x45dd, 0x8000})
	/opt/hostedtoolcache/go/1.25.0/x64/src/internal/poll/fd_unix.go:374 +0x2b4
os.(*File).write(...)
	/opt/hostedtoolcache/go/1.25.0/x64/src/os/file_posix.go:46
os.(*File).Write(0x140000b4020, {0x14001e98000?, 0x45dd, 0x102ce7740?})
	/opt/hostedtoolcache/go/1.25.0/x64/src/os/file.go:215 +0x54
github.com/gdamore/tcell/v2.(*devTty).Write(0x103441e90?, {0x14001e98000?, 0x1034421d0?, 0x1032e1c2e?})
	/home/runner/go/pkg/mod/github.com/gdamore/tcell/v2@v2.13.8/tty_unix.go:53 +0x24
bytes.(*Buffer).WriteTo(0x1400028c468, {0x1040b4400?, 0x140000ac600?})
	/opt/hostedtoolcache/go/1.25.0/x64/src/bytes/buffer.go:267 +0x70
github.com/gdamore/tcell/v2.(*tScreen).draw(0x1400028c408)
	/home/runner/go/pkg/mod/github.com/gdamore/tcell/v2@v2.13.8/tscreen.go:787 +0x160
github.com/gdamore/tcell/v2.(*tScreen).Show(0x1400028c408)
	/home/runner/go/pkg/mod/github.com/gdamore/tcell/v2@v2.13.8/tscreen.go:714 +0x9c
github.com/nmelo/initech/internal/tui.(*TUI).render(0x140000d3088)
	/home/runner/work/initech/initech/internal/tui/render.go:119 +0x884
github.com/nmelo/initech/internal/tui.Run({{0x14000290288, 0x5, 0x5}, {0x140000cc970, 0xa}, {0x140000e6258, 0x18}, 0x0, 0x0, {0x10343c230, ...}, ...})
	/home/runner/work/initech/initech/internal/tui/tui.go:998 +0x27c8
github.com/nmelo/initech/cmd.runTUI(0x103dbe520, {0x1032dcf61?, 0x4?, 0x1032dd029?})
	/home/runner/work/initech/initech/cmd/root.go:286 +0x820
github.com/spf13/cobra.(*Command).execute(0x103dbe520, {0x14000126040, 0x0, 0x0})
	/home/runner/go/pkg/mod/github.com/spf13/cobra@v1.10.2/command.go:1015 +0x7d4
github.com/spf13/cobra.(*Command).ExecuteC(0x103dbe520)
	/home/runner/go/pkg/mod/github.com/spf13/cobra@v1.10.2/command.go:1148 +0x350
github.com/spf13/cobra.(*Command).Execute(...)
	/home/runner/go/pkg/mod/github.com/spf13/cobra@v1.10.2/command.go:1071
github.com/nmelo/initech/cmd.init.func4()
	/home/runner/work/initech/initech/cmd/root.go:41 +0x24
github.com/nmelo/initech/cmd.Execute()
	/home/runner/work/initech/initech/cmd/root.go:134 +0x28
main.main()
	/home/runner/work/initech/initech/main.go:7 +0x1c

goroutine 13 [select, 719 minutes]:
github.com/gdamore/tcell/v2.(*devTty).Start.func1(0x140002a40e0)
	/home/runner/go/pkg/mod/github.com/gdamore/tcell/v2@v2.13.8/tty_unix.go:94 +0x8c
created by github.com/gdamore/tcell/v2.(*devTty).Start in goroutine 1
	/home/runner/go/pkg/mod/github.com/gdamore/tcell/v2@v2.13.8/tty_unix.go:91 +0x20c

goroutine 15 [syscall, 719 minutes]:
os/signal.signal_recv()
	/opt/hostedtoolcache/go/1.25.0/x64/src/runtime/sigqueue.go:149 +0x2c
os/signal.loop()
	/opt/hostedtoolcache/go/1.25.0/x64/src/os/signal/signal_unix.go:23 +0x1c
created by os/signal.Notify.func1.1 in goroutine 1
	/opt/hostedtoolcache/go/1.25.0/x64/src/os/signal/signal.go:152 +0x28

goroutine 16 [syscall, 100 minutes]:
syscall.syscall(0x14000106598?, 0x102c51e24?, 0x800000?, 0x7ffff800000?)
	/opt/hostedtoolcache/go/1.25.0/x64/src/runtime/sys_darwin.go:27 +0x40
syscall.read(0x140000ac480?, {0x140030bfa80?, 0x14000106608?, 0x102b6f838?})
	/opt/hostedtoolcache/go/1.25.0/x64/src/syscall/zsyscall_darwin_arm64.go:1245 +0x48
syscall.Read(...)
	/opt/hostedtoolcache/go/1.25.0/x64/src/syscall/syscall_unix.go:183
internal/poll.ignoringEINTRIO(...)
	/opt/hostedtoolcache/go/1.25.0/x64/src/internal/poll/fd_unix.go:738
internal/poll.(*FD).Read(0x140000ac480, {0x140030bfa80, 0x80, 0x80})
	/opt/hostedtoolcache/go/1.25.0/x64/src/internal/poll/fd_unix.go:161 +0x204
os.(*File).read(...)
	/opt/hostedtoolcache/go/1.25.0/x64/src/os/file_posix.go:29
os.(*File).Read(0x140000b4020, {0x140030bfa80?, 0x1?, 0x0?})
	/opt/hostedtoolcache/go/1.25.0/x64/src/os/file.go:144 +0x68
github.com/gdamore/tcell/v2.(*devTty).Read(0x0?, {0x140030bfa80?, 0x80?, 0x80?})
	/home/runner/go/pkg/mod/github.com/gdamore/tcell/v2@v2.13.8/tty_unix.go:49 +0x24
github.com/gdamore/tcell/v2.(*tScreen).inputLoop(0x1400028c408, 0x140002a42a0)
	/home/runner/go/pkg/mod/github.com/gdamore/tcell/v2@v2.13.8/tscreen.go:1051 +0xa4
created by github.com/gdamore/tcell/v2.(*tScreen).engage in goroutine 1
	/home/runner/go/pkg/mod/github.com/gdamore/tcell/v2@v2.13.8/tscreen.go:1211 +0x374

goroutine 49 [select, 100 minutes]:
github.com/gdamore/tcell/v2.(*tScreen).mainLoop(0x1400028c408, 0x140002a42a0)
	/home/runner/go/pkg/mod/github.com/gdamore/tcell/v2@v2.13.8/tscreen.go:1020 +0xbc
created by github.com/gdamore/tcell/v2.(*tScreen).engage in goroutine 1
	/home/runner/go/pkg/mod/github.com/gdamore/tcell/v2@v2.13.8/tscreen.go:1212 +0x3bc

goroutine 50 [chan receive, 719 minutes]:
github.com/nmelo/initech/internal/tui.installSignalHandlers.func1()
	/home/runner/work/initech/initech/internal/tui/signals.go:55 +0x4c
created by github.com/nmelo/initech/internal/tui.installSignalHandlers in goroutine 1
	/home/runner/work/initech/initech/internal/tui/signals.go:54 +0x11c

goroutine 51 [chan receive, 719 minutes]:
github.com/nmelo/initech/internal/telemetry.(*Client).sender(0x140000dc380)
	/home/runner/work/initech/initech/internal/telemetry/telemetry.go:126 +0xcc
created by github.com/nmelo/initech/internal/telemetry.Init in goroutine 1
	/home/runner/work/initech/initech/internal/telemetry/telemetry.go:62 +0x134

goroutine 52 [IO wait, 719 minutes]:
internal/poll.runtime_pollWait(0x14aa91000, 0x72)
	/opt/hostedtoolcache/go/1.25.0/x64/src/runtime/netpoll.go:351 +0xa0
internal/poll.(*pollDesc).wait(0x140001a4080?, 0x0?, 0x0)
	/opt/hostedtoolcache/go/1.25.0/x64/src/internal/poll/fd_poll_runtime.go:84 +0x28
internal/poll.(*pollDesc).waitRead(...)
	/opt/hostedtoolcache/go/1.25.0/x64/src/internal/poll/fd_poll_runtime.go:89
internal/poll.(*FD).Accept(0x140001a4080)
	/opt/hostedtoolcache/go/1.25.0/x64/src/internal/poll/fd_unix.go:613 +0x21c
net.(*netFD).accept(0x140001a4080)
	/opt/hostedtoolcache/go/1.25.0/x64/src/net/fd_unix.go:161 +0x28
net.(*UnixListener).accept(0x2baa1f35a874?)
	/opt/hostedtoolcache/go/1.25.0/x64/src/net/unixsock_posix.go:172 +0x20
net.(*UnixListener).Accept(0x140000b06f0)
	/opt/hostedtoolcache/go/1.25.0/x64/src/net/unixsock.go:260 +0x2c
github.com/nmelo/initech/internal/tui.(*TUI).startIPC.func1()
	/home/runner/work/initech/initech/internal/tui/ipc.go:85 +0x58
github.com/nmelo/initech/internal/tui.(*TUI).safeGo.func1()
	/home/runner/work/initech/initech/internal/tui/crash.go:34 +0x4c
created by github.com/nmelo/initech/internal/tui.(*TUI).safeGo in goroutine 1
	/home/runner/work/initech/initech/internal/tui/crash.go:18 +0x68

goroutine 81 [syscall]:
syscall.syscall(0x14000274dc8?, 0x102c51e24?, 0x800000?, 0x7ffff800000?)
	/opt/hostedtoolcache/go/1.25.0/x64/src/runtime/sys_darwin.go:27 +0x40
syscall.read(0x140002180c0?, {0x14000110000?, 0x14000274e08?, 0x103039d4c?})
	/opt/hostedtoolcache/go/1.25.0/x64/src/syscall/zsyscall_darwin_arm64.go:1245 +0x48
syscall.Read(...)
	/opt/hostedtoolcache/go/1.25.0/x64/src/syscall/syscall_unix.go:183
internal/poll.ignoringEINTRIO(...)
	/opt/hostedtoolcache/go/1.25.0/x64/src/internal/poll/fd_unix.go:738
internal/poll.(*FD).Read(0x140002180c0, {0x14000110000, 0x8000, 0x8000})
	/opt/hostedtoolcache/go/1.25.0/x64/src/internal/poll/fd_unix.go:161 +0x204
os.(*File).read(...)
	/opt/hostedtoolcache/go/1.25.0/x64/src/os/file_posix.go:29
os.(*File).Read(0x1400011c0e8, {0x14000110000?, 0xd0?, 0x8000?})
	/opt/hostedtoolcache/go/1.25.0/x64/src/os/file.go:144 +0x68
github.com/nmelo/initech/internal/tui.(*Pane).readLoop(0x140000dea88)
	/home/runner/work/initech/initech/internal/tui/pane.go:405 +0x5c
github.com/nmelo/initech/internal/tui.(*Pane).Start.func2()
	/home/runner/work/initech/initech/internal/tui/pane.go:395 +0x4c
github.com/nmelo/initech/internal/tui.(*TUI).safeGo.func1()
	/home/runner/work/initech/initech/internal/tui/crash.go:34 +0x4c
created by github.com/nmelo/initech/internal/tui.(*TUI).safeGo in goroutine 1
	/home/runner/work/initech/initech/internal/tui/crash.go:18 +0x68

goroutine 82 [select, 100 minutes]:
io.(*pipe).read(0x140000ac720, {0x140002bee50, 0x100, 0x0?})
	/opt/hostedtoolcache/go/1.25.0/x64/src/io/pipe.go:57 +0x7c
io.(*PipeReader).Read(...)
	/opt/hostedtoolcache/go/1.25.0/x64/src/io/pipe.go:134
github.com/charmbracelet/x/vt.(*Emulator).Read(0x1400011c0e8?, {0x140002bee50?, 0xb?, 0x0?})
	/home/runner/go/pkg/mod/github.com/nmelo/x/vt@v0.0.0-20260402173550-246f6ae86935/emulator.go:256 +0x54
github.com/charmbracelet/x/vt.(*SafeEmulator).Read(...)
	/home/runner/go/pkg/mod/github.com/nmelo/x/vt@v0.0.0-20260402173550-246f6ae86935/safe_emulator.go:34
github.com/nmelo/initech/internal/tui.(*Pane).responseLoop(0x140000dea88)
	/home/runner/work/initech/initech/internal/tui/pane.go:468 +0x5c
github.com/nmelo/initech/internal/tui.(*Pane).Start.func3()
	/home/runner/work/initech/initech/internal/tui/pane.go:396 +0x4c
github.com/nmelo/initech/internal/tui.(*TUI).safeGo.func1()
	/home/runner/work/initech/initech/internal/tui/crash.go:34 +0x4c
created by github.com/nmelo/initech/internal/tui.(*TUI).safeGo in goroutine 1
	/home/runner/work/initech/initech/internal/tui/crash.go:18 +0x68

goroutine 83 [chan receive]:
github.com/nmelo/initech/internal/tui.(*Pane).watchJSONL(0x140000dea88)
	/home/runner/work/initech/initech/internal/tui/pane_journal.go:30 +0x9c
github.com/nmelo/initech/internal/tui.(*Pane).Start.func4()
	/home/runner/work/initech/initech/internal/tui/pane.go:398 +0x4c
github.com/nmelo/initech/internal/tui.(*TUI).safeGo.func1()
	/home/runner/work/initech/initech/internal/tui/crash.go:34 +0x4c
created by github.com/nmelo/initech/internal/tui.(*TUI).safeGo in goroutine 1
	/home/runner/work/initech/initech/internal/tui/crash.go:18 +0x68

goroutine 84 [syscall, 120 minutes]:
syscall.syscall(0x14002d62dc8?, 0x102c51e24?, 0x800000?, 0x7ffff800000?)
	/opt/hostedtoolcache/go/1.25.0/x64/src/runtime/sys_darwin.go:27 +0x40
syscall.read(0x140002181e0?, {0x14000df2000?, 0x14002d62e08?, 0x103039d4c?})
	/opt/hostedtoolcache/go/1.25.0/x64/src/syscall/zsyscall_darwin_arm64.go:1245 +0x48
syscall.Read(...)
	/opt/hostedtoolcache/go/1.25.0/x64/src/syscall/syscall_unix.go:183
internal/poll.ignoringEINTRIO(...)
	/opt/hostedtoolcache/go/1.25.0/x64/src/internal/poll/fd_unix.go:738
internal/poll.(*FD).Read(0x140002181e0, {0x14000df2000, 0x8000, 0x8000})
	/opt/hostedtoolcache/go/1.25.0/x64/src/internal/poll/fd_unix.go:161 +0x204
os.(*File).read(...)
	/opt/hostedtoolcache/go/1.25.0/x64/src/os/file_posix.go:29
os.(*File).Read(0x1400011c570, {0x14000df2000?, 0x5d?, 0x8000?})
	/opt/hostedtoolcache/go/1.25.0/x64/src/os/file.go:144 +0x68
github.com/nmelo/initech/internal/tui.(*Pane).readLoop(0x140000df188)
	/home/runner/work/initech/initech/internal/tui/pane.go:405 +0x5c
github.com/nmelo/initech/internal/tui.(*Pane).Start.func2()
	/home/runner/work/initech/initech/internal/tui/pane.go:395 +0x4c
github.com/nmelo/initech/internal/tui.(*TUI).safeGo.func1()
	/home/runner/work/initech/initech/internal/tui/crash.go:34 +0x4c
created by github.com/nmelo/initech/internal/tui.(*TUI).safeGo in goroutine 1
	/home/runner/work/initech/initech/internal/tui/crash.go:18 +0x68

goroutine 85 [select, 120 minutes]:
io.(*pipe).read(0x14000218180, {0x140002bfe50, 0x100, 0x0?})
	/opt/hostedtoolcache/go/1.25.0/x64/src/io/pipe.go:57 +0x7c
io.(*PipeReader).Read(...)
	/opt/hostedtoolcache/go/1.25.0/x64/src/io/pipe.go:134
github.com/charmbracelet/x/vt.(*Emulator).Read(0x1400011c570?, {0x140002bfe50?, 0xb?, 0x0?})
	/home/runner/go/pkg/mod/github.com/nmelo/x/vt@v0.0.0-20260402173550-246f6ae86935/emulator.go:256 +0x54
github.com/charmbracelet/x/vt.(*SafeEmulator).Read(...)
	/home/runner/go/pkg/mod/github.com/nmelo/x/vt@v0.0.0-20260402173550-246f6ae86935/safe_emulator.go:34
github.com/nmelo/initech/internal/tui.(*Pane).responseLoop(0x140000df188)
	/home/runner/work/initech/initech/internal/tui/pane.go:468 +0x5c
github.com/nmelo/initech/internal/tui.(*Pane).Start.func3()
	/home/runner/work/initech/initech/internal/tui/pane.go:396 +0x4c
github.com/nmelo/initech/internal/tui.(*TUI).safeGo.func1()
	/home/runner/work/initech/initech/internal/tui/crash.go:34 +0x4c
created by github.com/nmelo/initech/internal/tui.(*TUI).safeGo in goroutine 1
	/home/runner/work/initech/initech/internal/tui/crash.go:18 +0x68

goroutine 86 [chan receive]:
github.com/nmelo/initech/internal/tui.(*Pane).watchJSONL(0x140000df188)
	/home/runner/work/initech/initech/internal/tui/pane_journal.go:30 +0x9c
github.com/nmelo/initech/internal/tui.(*Pane).Start.func4()
	/home/runner/work/initech/initech/internal/tui/pane.go:398 +0x4c
github.com/nmelo/initech/internal/tui.(*TUI).safeGo.func1()
	/home/runner/work/initech/initech/internal/tui/crash.go:34 +0x4c
created by github.com/nmelo/initech/internal/tui.(*TUI).safeGo in goroutine 1
	/home/runner/work/initech/initech/internal/tui/crash.go:18 +0x68

goroutine 70 [syscall, 26 minutes]:
syscall.syscall(0x14002d5fdc8?, 0x102c51e24?, 0x800000?, 0x7ffff800000?)
	/opt/hostedtoolcache/go/1.25.0/x64/src/runtime/sys_darwin.go:27 +0x40
syscall.read(0x1400007c3c0?, {0x14000990000?, 0x14002d5fe08?, 0x103039d4c?})
	/opt/hostedtoolcache/go/1.25.0/x64/src/syscall/zsyscall_darwin_arm64.go:1245 +0x48
syscall.Read(...)
	/opt/hostedtoolcache/go/1.25.0/x64/src/syscall/syscall_unix.go:183
internal/poll.ignoringEINTRIO(...)
	/opt/hostedtoolcache/go/1.25.0/x64/src/internal/poll/fd_unix.go:738
internal/poll.(*FD).Read(0x1400007c3c0, {0x14000990000, 0x8000, 0x8000})
	/opt/hostedtoolcache/go/1.25.0/x64/src/internal/poll/fd_unix.go:161 +0x204
os.(*File).read(...)
	/opt/hostedtoolcache/go/1.25.0/x64/src/os/file_posix.go:29
os.(*File).Read(0x1400011c118, {0x14000990000?, 0xcb?, 0x8000?})
	/opt/hostedtoolcache/go/1.25.0/x64/src/os/file.go:144 +0x68
github.com/nmelo/initech/internal/tui.(*Pane).readLoop(0x140000df888)
	/home/runner/work/initech/initech/internal/tui/pane.go:405 +0x5c
github.com/nmelo/initech/internal/tui.(*Pane).Start.func2()
	/home/runner/work/initech/initech/internal/tui/pane.go:395 +0x4c
github.com/nmelo/initech/internal/tui.(*TUI).safeGo.func1()
	/home/runner/work/initech/initech/internal/tui/crash.go:34 +0x4c
created by github.com/nmelo/initech/internal/tui.(*TUI).safeGo in goroutine 1
	/home/runner/work/initech/initech/internal/tui/crash.go:18 +0x68

goroutine 71 [select, 719 minutes]:
io.(*pipe).read(0x140002182a0, {0x14000275e50, 0x100, 0x0?})
	/opt/hostedtoolcache/go/1.25.0/x64/src/io/pipe.go:57 +0x7c
io.(*PipeReader).Read(...)
	/opt/hostedtoolcache/go/1.25.0/x64/src/io/pipe.go:134
github.com/charmbracelet/x/vt.(*Emulator).Read(0x1400011c118?, {0x14000275e50?, 0xd?, 0x0?})
	/home/runner/go/pkg/mod/github.com/nmelo/x/vt@v0.0.0-20260402173550-246f6ae86935/emulator.go:256 +0x54
github.com/charmbracelet/x/vt.(*SafeEmulator).Read(...)
	/home/runner/go/pkg/mod/github.com/nmelo/x/vt@v0.0.0-20260402173550-246f6ae86935/safe_emulator.go:34
github.com/nmelo/initech/internal/tui.(*Pane).responseLoop(0x140000df888)
	/home/runner/work/initech/initech/internal/tui/pane.go:468 +0x5c
github.com/nmelo/initech/internal/tui.(*Pane).Start.func3()
	/home/runner/work/initech/initech/internal/tui/pane.go:396 +0x4c
github.com/nmelo/initech/internal/tui.(*TUI).safeGo.func1()
	/home/runner/work/initech/initech/internal/tui/crash.go:34 +0x4c
created by github.com/nmelo/initech/internal/tui.(*TUI).safeGo in goroutine 1
	/home/runner/work/initech/initech/internal/tui/crash.go:18 +0x68

goroutine 72 [chan receive]:
github.com/nmelo/initech/internal/tui.(*Pane).watchJSONL(0x140000df888)
	/home/runner/work/initech/initech/internal/tui/pane_journal.go:30 +0x9c
github.com/nmelo/initech/internal/tui.(*Pane).Start.func4()
	/home/runner/work/initech/initech/internal/tui/pane.go:398 +0x4c
github.com/nmelo/initech/internal/tui.(*TUI).safeGo.func1()
	/home/runner/work/initech/initech/internal/tui/crash.go:34 +0x4c
created by github.com/nmelo/initech/internal/tui.(*TUI).safeGo in goroutine 1
	/home/runner/work/initech/initech/internal/tui/crash.go:18 +0x68

goroutine 73 [syscall]:
syscall.syscall(0x140002c4dc8?, 0x102c51e24?, 0x800000?, 0x7ffff800000?)
	/opt/hostedtoolcache/go/1.25.0/x64/src/runtime/sys_darwin.go:27 +0x40
syscall.read(0x1400007c4e0?, {0x14001732000?, 0x12?, 0x0?})
	/opt/hostedtoolcache/go/1.25.0/x64/src/syscall/zsyscall_darwin_arm64.go:1245 +0x48
syscall.Read(...)
	/opt/hostedtoolcache/go/1.25.0/x64/src/syscall/syscall_unix.go:183
internal/poll.ignoringEINTRIO(...)
	/opt/hostedtoolcache/go/1.25.0/x64/src/internal/poll/fd_unix.go:738
internal/poll.(*FD).Read(0x1400007c4e0, {0x14001732000, 0x8000, 0x8000})
	/opt/hostedtoolcache/go/1.25.0/x64/src/internal/poll/fd_unix.go:161 +0x204
os.(*File).read(...)
	/opt/hostedtoolcache/go/1.25.0/x64/src/os/file_posix.go:29
os.(*File).Read(0x1400011cb98, {0x14001732000?, 0x8?, 0x8000?})
	/opt/hostedtoolcache/go/1.25.0/x64/src/os/file.go:144 +0x68
github.com/nmelo/initech/internal/tui.(*Pane).readLoop(0x14000248708)
	/home/runner/work/initech/initech/internal/tui/pane.go:405 +0x5c
github.com/nmelo/initech/internal/tui.(*Pane).Start.func2()
	/home/runner/work/initech/initech/internal/tui/pane.go:395 +0x4c
github.com/nmelo/initech/internal/tui.(*TUI).safeGo.func1()
	/home/runner/work/initech/initech/internal/tui/crash.go:34 +0x4c
created by github.com/nmelo/initech/internal/tui.(*TUI).safeGo in goroutine 1
	/home/runner/work/initech/initech/internal/tui/crash.go:18 +0x68

goroutine 74 [select, 719 minutes]:
io.(*pipe).read(0x1400007c480, {0x140002c2e50, 0x100, 0x0?})
	/opt/hostedtoolcache/go/1.25.0/x64/src/io/pipe.go:57 +0x7c
io.(*PipeReader).Read(...)
	/opt/hostedtoolcache/go/1.25.0/x64/src/io/pipe.go:134
github.com/charmbracelet/x/vt.(*Emulator).Read(0x1400011cb98?, {0x140002c2e50?, 0x18?, 0x0?})
	/home/runner/go/pkg/mod/github.com/nmelo/x/vt@v0.0.0-20260402173550-246f6ae86935/emulator.go:256 +0x54
github.com/charmbracelet/x/vt.(*SafeEmulator).Read(...)
	/home/runner/go/pkg/mod/github.com/nmelo/x/vt@v0.0.0-20260402173550-246f6ae86935/safe_emulator.go:34
github.com/nmelo/initech/internal/tui.(*Pane).responseLoop(0x14000248708)
	/home/runner/work/initech/initech/internal/tui/pane.go:468 +0x5c
github.com/nmelo/initech/internal/tui.(*Pane).Start.func3()
	/home/runner/work/initech/initech/internal/tui/pane.go:396 +0x4c
github.com/nmelo/initech/internal/tui.(*TUI).safeGo.func1()
	/home/runner/work/initech/initech/internal/tui/crash.go:34 +0x4c
created by github.com/nmelo/initech/internal/tui.(*TUI).safeGo in goroutine 1
	/home/runner/work/initech/initech/internal/tui/crash.go:18 +0x68

goroutine 75 [chan receive]:
github.com/nmelo/initech/internal/tui.(*Pane).watchJSONL(0x14000248708)
	/home/runner/work/initech/initech/internal/tui/pane_journal.go:30 +0x9c
github.com/nmelo/initech/internal/tui.(*Pane).Start.func4()
	/home/runner/work/initech/initech/internal/tui/pane.go:398 +0x4c
github.com/nmelo/initech/internal/tui.(*TUI).safeGo.func1()
	/home/runner/work/initech/initech/internal/tui/crash.go:34 +0x4c
created by github.com/nmelo/initech/internal/tui.(*TUI).safeGo in goroutine 1
	/home/runner/work/initech/initech/internal/tui/crash.go:18 +0x68

goroutine 76 [syscall, 719 minutes]:
syscall.syscall(0x14000277dc8?, 0x102c51e24?, 0x800000?, 0x7ffff800000?)
	/opt/hostedtoolcache/go/1.25.0/x64/src/runtime/sys_darwin.go:27 +0x40
syscall.read(0x1400007c600?, {0x14001bf8000?, 0x14000277e08?, 0x103039d4c?})
	/opt/hostedtoolcache/go/1.25.0/x64/src/syscall/zsyscall_darwin_arm64.go:1245 +0x48
syscall.Read(...)
	/opt/hostedtoolcache/go/1.25.0/x64/src/syscall/syscall_unix.go:183
internal/poll.ignoringEINTRIO(...)
	/opt/hostedtoolcache/go/1.25.0/x64/src/internal/poll/fd_unix.go:738
internal/poll.(*FD).Read(0x1400007c600, {0x14001bf8000, 0x8000, 0x8000})
	/opt/hostedtoolcache/go/1.25.0/x64/src/internal/poll/fd_unix.go:161 +0x204
os.(*File).read(...)
	/opt/hostedtoolcache/go/1.25.0/x64/src/os/file_posix.go:29
os.(*File).Read(0x1400011ceb0, {0x14001bf8000?, 0x27?, 0x8000?})
	/opt/hostedtoolcache/go/1.25.0/x64/src/os/file.go:144 +0x68
github.com/nmelo/initech/internal/tui.(*Pane).readLoop(0x14000248e08)
	/home/runner/work/initech/initech/internal/tui/pane.go:405 +0x5c
github.com/nmelo/initech/internal/tui.(*Pane).Start.func2()
	/home/runner/work/initech/initech/internal/tui/pane.go:395 +0x4c
github.com/nmelo/initech/internal/tui.(*TUI).safeGo.func1()
	/home/runner/work/initech/initech/internal/tui/crash.go:34 +0x4c
created by github.com/nmelo/initech/internal/tui.(*TUI).safeGo in goroutine 1
	/home/runner/work/initech/initech/internal/tui/crash.go:18 +0x68

goroutine 77 [select, 719 minutes]:
io.(*pipe).read(0x1400007c5a0, {0x14000272e50, 0x100, 0x0?})
	/opt/hostedtoolcache/go/1.25.0/x64/src/io/pipe.go:57 +0x7c
io.(*PipeReader).Read(...)
	/opt/hostedtoolcache/go/1.25.0/x64/src/io/pipe.go:134
github.com/charmbracelet/x/vt.(*Emulator).Read(0x1400011ceb0?, {0x14000272e50?, 0xd?, 0x0?})
	/home/runner/go/pkg/mod/github.com/nmelo/x/vt@v0.0.0-20260402173550-246f6ae86935/emulator.go:256 +0x54
github.com/charmbracelet/x/vt.(*SafeEmulator).Read(...)
	/home/runner/go/pkg/mod/github.com/nmelo/x/vt@v0.0.0-20260402173550-246f6ae86935/safe_emulator.go:34
github.com/nmelo/initech/internal/tui.(*Pane).responseLoop(0x14000248e08)
	/home/runner/work/initech/initech/internal/tui/pane.go:468 +0x5c
github.com/nmelo/initech/internal/tui.(*Pane).Start.func3()
	/home/runner/work/initech/initech/internal/tui/pane.go:396 +0x4c
github.com/nmelo/initech/internal/tui.(*TUI).safeGo.func1()
	/home/runner/work/initech/initech/internal/tui/crash.go:34 +0x4c
created by github.com/nmelo/initech/internal/tui.(*TUI).safeGo in goroutine 1
	/home/runner/work/initech/initech/internal/tui/crash.go:18 +0x68

goroutine 78 [chan receive]:
github.com/nmelo/initech/internal/tui.(*Pane).watchJSONL(0x14000248e08)
	/home/runner/work/initech/initech/internal/tui/pane_journal.go:30 +0x9c
github.com/nmelo/initech/internal/tui.(*Pane).Start.func4()
	/home/runner/work/initech/initech/internal/tui/pane.go:398 +0x4c
github.com/nmelo/initech/internal/tui.(*TUI).safeGo.func1()
	/home/runner/work/initech/initech/internal/tui/crash.go:34 +0x4c
created by github.com/nmelo/initech/internal/tui.(*TUI).safeGo in goroutine 1
	/home/runner/work/initech/initech/internal/tui/crash.go:18 +0x68

goroutine 97 [select]:
github.com/nmelo/initech/internal/tui.(*TUI).startBatteryPoller.func1()
	/home/runner/work/initech/initech/internal/tui/poll.go:93 +0xac
github.com/nmelo/initech/internal/tui.(*TUI).safeGo.func1()
	/home/runner/work/initech/initech/internal/tui/crash.go:34 +0x4c
created by github.com/nmelo/initech/internal/tui.(*TUI).safeGo in goroutine 1
	/home/runner/work/initech/initech/internal/tui/crash.go:18 +0x68

goroutine 98 [select, 100 minutes]:
github.com/gdamore/tcell/v2.(*baseScreen).PollEvent(0x140000a6f70)
	/home/runner/go/pkg/mod/github.com/gdamore/tcell/v2@v2.13.8/screen.go:511 +0x74
github.com/nmelo/initech/internal/tui.Run.func15()
	/home/runner/work/initech/initech/internal/tui/tui.go:927 +0x50
github.com/nmelo/initech/internal/tui.(*TUI).safeGo.func1()
	/home/runner/work/initech/initech/internal/tui/crash.go:34 +0x4c
created by github.com/nmelo/initech/internal/tui.(*TUI).safeGo in goroutine 1
	/home/runner/work/initech/initech/internal/tui/crash.go:18 +0x68

=== RENDER WATCHDOG ===
Time:      2026-05-02T08:02:14+08:00
Version:   1.17.17
Go:        go1.25.0
Stale for: 8m55s
Diagnosis: No render completed in 8m55s. Main loop is likely blocked.

--- All Goroutine Stacks ---
goroutine 100 [running]:
github.com/nmelo/initech/internal/tui.dumpWatchdogStacks({0x140000e6258, 0x18}, {0x10343c230, 0x7}, 0x7c7c26d380)
	/home/runner/work/initech/initech/internal/tui/watchdog.go:51 +0x5c
github.com/nmelo/initech/internal/tui.renderWatchdog(0x140000d3468, 0x2540be400, {0x140000e6258, 0x18}, {0x10343c230, 0x7}, 0x140002a4310)
	/home/runner/work/initech/initech/internal/tui/watchdog.go:35 +0x158
created by github.com/nmelo/initech/internal/tui.Run in goroutine 1
	/home/runner/work/initech/initech/internal/tui/tui.go:946 +0x2408

goroutine 1 [syscall]:
syscall.syscall(0x1400004c638?, 0x102c5371c?, 0x80000000000?, 0x7ffff80000000000?)
	/opt/hostedtoolcache/go/1.25.0/x64/src/runtime/sys_darwin.go:27 +0x40
syscall.write(0x140000ac480?, {0x14001e98000?, 0x1?, 0x6?})
	/opt/hostedtoolcache/go/1.25.0/x64/src/syscall/zsyscall_darwin_arm64.go:1709 +0x48
syscall.Write(...)
	/opt/hostedtoolcache/go/1.25.0/x64/src/syscall/syscall_unix.go:211
internal/poll.ignoringEINTRIO(...)
	/opt/hostedtoolcache/go/1.25.0/x64/src/internal/poll/fd_unix.go:738
internal/poll.(*FD).Write(0x140000ac480, {0x14001e98000, 0x4560, 0x8000})
	/opt/hostedtoolcache/go/1.25.0/x64/src/internal/poll/fd_unix.go:374 +0x2b4
os.(*File).write(...)
	/opt/hostedtoolcache/go/1.25.0/x64/src/os/file_posix.go:46
os.(*File).Write(0x140000b4020, {0x14001e98000?, 0x4560, 0x102ce7740?})
	/opt/hostedtoolcache/go/1.25.0/x64/src/os/file.go:215 +0x54
github.com/gdamore/tcell/v2.(*devTty).Write(0x103441e90?, {0x14001e98000?, 0x1034421d0?, 0x1032e1c2e?})
	/home/runner/go/pkg/mod/github.com/gdamore/tcell/v2@v2.13.8/tty_unix.go:53 +0x24
bytes.(*Buffer).WriteTo(0x1400028c468, {0x1040b4400?, 0x140000ac600?})
	/opt/hostedtoolcache/go/1.25.0/x64/src/bytes/buffer.go:267 +0x70
github.com/gdamore/tcell/v2.(*tScreen).draw(0x1400028c408)
	/home/runner/go/pkg/mod/github.com/gdamore/tcell/v2@v2.13.8/tscreen.go:787 +0x160
github.com/gdamore/tcell/v2.(*tScreen).Show(0x1400028c408)
	/home/runner/go/pkg/mod/github.com/gdamore/tcell/v2@v2.13.8/tscreen.go:714 +0x9c
github.com/nmelo/initech/internal/tui.(*TUI).render(0x140000d3088)
	/home/runner/work/initech/initech/internal/tui/render.go:119 +0x884
github.com/nmelo/initech/internal/tui.Run({{0x14000290288, 0x5, 0x5}, {0x140000cc970, 0xa}, {0x140000e6258, 0x18}, 0x0, 0x0, {0x10343c230, ...}, ...})
	/home/runner/work/initech/initech/internal/tui/tui.go:998 +0x27c8
github.com/nmelo/initech/cmd.runTUI(0x103dbe520, {0x1032dcf61?, 0x4?, 0x1032dd029?})
	/home/runner/work/initech/initech/cmd/root.go:286 +0x820
github.com/spf13/cobra.(*Command).execute(0x103dbe520, {0x14000126040, 0x0, 0x0})
	/home/runner/go/pkg/mod/github.com/spf13/cobra@v1.10.2/command.go:1015 +0x7d4
github.com/spf13/cobra.(*Command).ExecuteC(0x103dbe520)
	/home/runner/go/pkg/mod/github.com/spf13/cobra@v1.10.2/command.go:1148 +0x350
github.com/spf13/cobra.(*Command).Execute(...)
	/home/runner/go/pkg/mod/github.com/spf13/cobra@v1.10.2/command.go:1071
github.com/nmelo/initech/cmd.init.func4()
	/home/runner/work/initech/initech/cmd/root.go:41 +0x24
github.com/nmelo/initech/cmd.Execute()
	/home/runner/work/initech/initech/cmd/root.go:134 +0x28
main.main()
	/home/runner/work/initech/initech/main.go:7 +0x1c

goroutine 13 [select, 724 minutes]:
github.com/gdamore/tcell/v2.(*devTty).Start.func1(0x140002a40e0)
	/home/runner/go/pkg/mod/github.com/gdamore/tcell/v2@v2.13.8/tty_unix.go:94 +0x8c
created by github.com/gdamore/tcell/v2.(*devTty).Start in goroutine 1
	/home/runner/go/pkg/mod/github.com/gdamore/tcell/v2@v2.13.8/tty_unix.go:91 +0x20c

goroutine 15 [syscall, 724 minutes]:
os/signal.signal_recv()
	/opt/hostedtoolcache/go/1.25.0/x64/src/runtime/sigqueue.go:149 +0x2c
os/signal.loop()
	/opt/hostedtoolcache/go/1.25.0/x64/src/os/signal/signal_unix.go:23 +0x1c
created by os/signal.Notify.func1.1 in goroutine 1
	/opt/hostedtoolcache/go/1.25.0/x64/src/os/signal/signal.go:152 +0x28

goroutine 16 [syscall, 105 minutes]:
syscall.syscall(0x14000106598?, 0x102c51e24?, 0x800000?, 0x7ffff800000?)
	/opt/hostedtoolcache/go/1.25.0/x64/src/runtime/sys_darwin.go:27 +0x40
syscall.read(0x140000ac480?, {0x140030bfa80?, 0x14000106608?, 0x102b6f838?})
	/opt/hostedtoolcache/go/1.25.0/x64/src/syscall/zsyscall_darwin_arm64.go:1245 +0x48
syscall.Read(...)
	/opt/hostedtoolcache/go/1.25.0/x64/src/syscall/syscall_unix.go:183
internal/poll.ignoringEINTRIO(...)
	/opt/hostedtoolcache/go/1.25.0/x64/src/internal/poll/fd_unix.go:738
internal/poll.(*FD).Read(0x140000ac480, {0x140030bfa80, 0x80, 0x80})
	/opt/hostedtoolcache/go/1.25.0/x64/src/internal/poll/fd_unix.go:161 +0x204
os.(*File).read(...)
	/opt/hostedtoolcache/go/1.25.0/x64/src/os/file_posix.go:29
os.(*File).Read(0x140000b4020, {0x140030bfa80?, 0x1?, 0x0?})
	/opt/hostedtoolcache/go/1.25.0/x64/src/os/file.go:144 +0x68
github.com/gdamore/tcell/v2.(*devTty).Read(0x0?, {0x140030bfa80?, 0x80?, 0x80?})
	/home/runner/go/pkg/mod/github.com/gdamore/tcell/v2@v2.13.8/tty_unix.go:49 +0x24
github.com/gdamore/tcell/v2.(*tScreen).inputLoop(0x1400028c408, 0x140002a42a0)
	/home/runner/go/pkg/mod/github.com/gdamore/tcell/v2@v2.13.8/tscreen.go:1051 +0xa4
created by github.com/gdamore/tcell/v2.(*tScreen).engage in goroutine 1
	/home/runner/go/pkg/mod/github.com/gdamore/tcell/v2@v2.13.8/tscreen.go:1211 +0x374

goroutine 49 [select, 105 minutes]:
github.com/gdamore/tcell/v2.(*tScreen).mainLoop(0x1400028c408, 0x140002a42a0)
	/home/runner/go/pkg/mod/github.com/gdamore/tcell/v2@v2.13.8/tscreen.go:1020 +0xbc
created by github.com/gdamore/tcell/v2.(*tScreen).engage in goroutine 1
	/home/runner/go/pkg/mod/github.com/gdamore/tcell/v2@v2.13.8/tscreen.go:1212 +0x3bc

goroutine 50 [chan receive, 724 minutes]:
github.com/nmelo/initech/internal/tui.installSignalHandlers.func1()
	/home/runner/work/initech/initech/internal/tui/signals.go:55 +0x4c
created by github.com/nmelo/initech/internal/tui.installSignalHandlers in goroutine 1
	/home/runner/work/initech/initech/internal/tui/signals.go:54 +0x11c

goroutine 51 [chan receive, 724 minutes]:
github.com/nmelo/initech/internal/telemetry.(*Client).sender(0x140000dc380)
	/home/runner/work/initech/initech/internal/telemetry/telemetry.go:126 +0xcc
created by github.com/nmelo/initech/internal/telemetry.Init in goroutine 1
	/home/runner/work/initech/initech/internal/telemetry/telemetry.go:62 +0x134

goroutine 52 [IO wait, 724 minutes]:
internal/poll.runtime_pollWait(0x14aa91000, 0x72)
	/opt/hostedtoolcache/go/1.25.0/x64/src/runtime/netpoll.go:351 +0xa0
internal/poll.(*pollDesc).wait(0x140001a4080?, 0x0?, 0x0)
	/opt/hostedtoolcache/go/1.25.0/x64/src/internal/poll/fd_poll_runtime.go:84 +0x28
internal/poll.(*pollDesc).waitRead(...)
	/opt/hostedtoolcache/go/1.25.0/x64/src/internal/poll/fd_poll_runtime.go:89
internal/poll.(*FD).Accept(0x140001a4080)
	/opt/hostedtoolcache/go/1.25.0/x64/src/internal/poll/fd_unix.go:613 +0x21c
net.(*netFD).accept(0x140001a4080)
	/opt/hostedtoolcache/go/1.25.0/x64/src/net/fd_unix.go:161 +0x28
net.(*UnixListener).accept(0x2baa1f35a874?)
	/opt/hostedtoolcache/go/1.25.0/x64/src/net/unixsock_posix.go:172 +0x20
net.(*UnixListener).Accept(0x140000b06f0)
	/opt/hostedtoolcache/go/1.25.0/x64/src/net/unixsock.go:260 +0x2c
github.com/nmelo/initech/internal/tui.(*TUI).startIPC.func1()
	/home/runner/work/initech/initech/internal/tui/ipc.go:85 +0x58
github.com/nmelo/initech/internal/tui.(*TUI).safeGo.func1()
	/home/runner/work/initech/initech/internal/tui/crash.go:34 +0x4c
created by github.com/nmelo/initech/internal/tui.(*TUI).safeGo in goroutine 1
	/home/runner/work/initech/initech/internal/tui/crash.go:18 +0x68

goroutine 81 [syscall, 4 minutes]:
syscall.syscall(0x14000274dc8?, 0x102c51e24?, 0x800000?, 0x7ffff800000?)
	/opt/hostedtoolcache/go/1.25.0/x64/src/runtime/sys_darwin.go:27 +0x40
syscall.read(0x140002180c0?, {0x14000110000?, 0x14000274e08?, 0x103039d4c?})
	/opt/hostedtoolcache/go/1.25.0/x64/src/syscall/zsyscall_darwin_arm64.go:1245 +0x48
syscall.Read(...)
	/opt/hostedtoolcache/go/1.25.0/x64/src/syscall/syscall_unix.go:183
internal/poll.ignoringEINTRIO(...)
	/opt/hostedtoolcache/go/1.25.0/x64/src/internal/poll/fd_unix.go:738
internal/poll.(*FD).Read(0x140002180c0, {0x14000110000, 0x8000, 0x8000})
	/opt/hostedtoolcache/go/1.25.0/x64/src/internal/poll/fd_unix.go:161 +0x204
os.(*File).read(...)
	/opt/hostedtoolcache/go/1.25.0/x64/src/os/file_posix.go:29
os.(*File).Read(0x1400011c0e8, {0x14000110000?, 0xd0?, 0x8000?})
	/opt/hostedtoolcache/go/1.25.0/x64/src/os/file.go:144 +0x68
github.com/nmelo/initech/internal/tui.(*Pane).readLoop(0x140000dea88)
	/home/runner/work/initech/initech/internal/tui/pane.go:405 +0x5c
github.com/nmelo/initech/internal/tui.(*Pane).Start.func2()
	/home/runner/work/initech/initech/internal/tui/pane.go:395 +0x4c
github.com/nmelo/initech/internal/tui.(*TUI).safeGo.func1()
	/home/runner/work/initech/initech/internal/tui/crash.go:34 +0x4c
created by github.com/nmelo/initech/internal/tui.(*TUI).safeGo in goroutine 1
	/home/runner/work/initech/initech/internal/tui/crash.go:18 +0x68

goroutine 82 [select, 105 minutes]:
io.(*pipe).read(0x140000ac720, {0x140002bee50, 0x100, 0x0?})
	/opt/hostedtoolcache/go/1.25.0/x64/src/io/pipe.go:57 +0x7c
io.(*PipeReader).Read(...)
	/opt/hostedtoolcache/go/1.25.0/x64/src/io/pipe.go:134
github.com/charmbracelet/x/vt.(*Emulator).Read(0x1400011c0e8?, {0x140002bee50?, 0xb?, 0x0?})
	/home/runner/go/pkg/mod/github.com/nmelo/x/vt@v0.0.0-20260402173550-246f6ae86935/emulator.go:256 +0x54
github.com/charmbracelet/x/vt.(*SafeEmulator).Read(...)
	/home/runner/go/pkg/mod/github.com/nmelo/x/vt@v0.0.0-20260402173550-246f6ae86935/safe_emulator.go:34
github.com/nmelo/initech/internal/tui.(*Pane).responseLoop(0x140000dea88)
	/home/runner/work/initech/initech/internal/tui/pane.go:468 +0x5c
github.com/nmelo/initech/internal/tui.(*Pane).Start.func3()
	/home/runner/work/initech/initech/internal/tui/pane.go:396 +0x4c
github.com/nmelo/initech/internal/tui.(*TUI).safeGo.func1()
	/home/runner/work/initech/initech/internal/tui/crash.go:34 +0x4c
created by github.com/nmelo/initech/internal/tui.(*TUI).safeGo in goroutine 1
	/home/runner/work/initech/initech/internal/tui/crash.go:18 +0x68

goroutine 83 [runnable]:
syscall.syscall(0x102c32b80?, 0x600001188000?, 0x0?, 0x0?)
	/opt/hostedtoolcache/go/1.25.0/x64/src/runtime/sys_darwin.go:27 +0x40
syscall.Close(0x0?)
	/opt/hostedtoolcache/go/1.25.0/x64/src/syscall/zsyscall_darwin_arm64.go:545 +0x34
internal/poll.(*SysFile).destroy(...)
	/opt/hostedtoolcache/go/1.25.0/x64/src/internal/poll/fd_unixjs.go:24
internal/poll.(*FD).destroy(0x14001d24240)
	/opt/hostedtoolcache/go/1.25.0/x64/src/internal/poll/fd_unix.go:82 +0x58
internal/poll.(*FD).decref(0x14001d24240?)
	/opt/hostedtoolcache/go/1.25.0/x64/src/internal/poll/fd_mutex.go:213 +0x80
internal/poll.(*FD).Close(0x14001d24240)
	/opt/hostedtoolcache/go/1.25.0/x64/src/internal/poll/fd_unix.go:105 +0x48
os.(*file).close(0x14001d24240)
	/opt/hostedtoolcache/go/1.25.0/x64/src/os/file_unix.go:314 +0x58
os.(*File).Close(...)
	/opt/hostedtoolcache/go/1.25.0/x64/src/os/file_posix.go:23
os.ReadDir({0x1400012e000?, 0x14000103180?})
	/opt/hostedtoolcache/go/1.25.0/x64/src/os/dir.go:125 +0x11c
github.com/nmelo/initech/internal/tui.newestJSONL({0x1400012e000, 0x3d})
	/home/runner/work/initech/initech/internal/tui/pane_journal.go:324 +0x28
github.com/nmelo/initech/internal/tui.(*Pane).watchJSONL(0x140000dea88)
	/home/runner/work/initech/initech/internal/tui/pane_journal.go:40 +0x17c
github.com/nmelo/initech/internal/tui.(*Pane).Start.func4()
	/home/runner/work/initech/initech/internal/tui/pane.go:398 +0x4c
github.com/nmelo/initech/internal/tui.(*TUI).safeGo.func1()
	/home/runner/work/initech/initech/internal/tui/crash.go:34 +0x4c
created by github.com/nmelo/initech/internal/tui.(*TUI).safeGo in goroutine 1
	/home/runner/work/initech/initech/internal/tui/crash.go:18 +0x68

goroutine 84 [syscall, 3 minutes]:
syscall.syscall(0x14002d62dc8?, 0x102c51e24?, 0x800000?, 0x7ffff800000?)
	/opt/hostedtoolcache/go/1.25.0/x64/src/runtime/sys_darwin.go:27 +0x40
syscall.read(0x140002181e0?, {0x14000df2000?, 0x14002d62e08?, 0x103039d4c?})
	/opt/hostedtoolcache/go/1.25.0/x64/src/syscall/zsyscall_darwin_arm64.go:1245 +0x48
syscall.Read(...)
	/opt/hostedtoolcache/go/1.25.0/x64/src/syscall/syscall_unix.go:183
internal/poll.ignoringEINTRIO(...)
	/opt/hostedtoolcache/go/1.25.0/x64/src/internal/poll/fd_unix.go:738
internal/poll.(*FD).Read(0x140002181e0, {0x14000df2000, 0x8000, 0x8000})
	/opt/hostedtoolcache/go/1.25.0/x64/src/internal/poll/fd_unix.go:161 +0x204
os.(*File).read(...)
	/opt/hostedtoolcache/go/1.25.0/x64/src/os/file_posix.go:29
os.(*File).Read(0x1400011c570, {0x14000df2000?, 0xcb?, 0x8000?})
	/opt/hostedtoolcache/go/1.25.0/x64/src/os/file.go:144 +0x68
github.com/nmelo/initech/internal/tui.(*Pane).readLoop(0x140000df188)
	/home/runner/work/initech/initech/internal/tui/pane.go:405 +0x5c
github.com/nmelo/initech/internal/tui.(*Pane).Start.func2()
	/home/runner/work/initech/initech/internal/tui/pane.go:395 +0x4c
github.com/nmelo/initech/internal/tui.(*TUI).safeGo.func1()
	/home/runner/work/initech/initech/internal/tui/crash.go:34 +0x4c
created by github.com/nmelo/initech/internal/tui.(*TUI).safeGo in goroutine 1
	/home/runner/work/initech/initech/internal/tui/crash.go:18 +0x68

goroutine 85 [select, 125 minutes]:
io.(*pipe).read(0x14000218180, {0x140002bfe50, 0x100, 0x0?})
	/opt/hostedtoolcache/go/1.25.0/x64/src/io/pipe.go:57 +0x7c
io.(*PipeReader).Read(...)
	/opt/hostedtoolcache/go/1.25.0/x64/src/io/pipe.go:134
github.com/charmbracelet/x/vt.(*Emulator).Read(0x1400011c570?, {0x140002bfe50?, 0xb?, 0x0?})
	/home/runner/go/pkg/mod/github.com/nmelo/x/vt@v0.0.0-20260402173550-246f6ae86935/emulator.go:256 +0x54
github.com/charmbracelet/x/vt.(*SafeEmulator).Read(...)
	/home/runner/go/pkg/mod/github.com/nmelo/x/vt@v0.0.0-20260402173550-246f6ae86935/safe_emulator.go:34
github.com/nmelo/initech/internal/tui.(*Pane).responseLoop(0x140000df188)
	/home/runner/work/initech/initech/internal/tui/pane.go:468 +0x5c
github.com/nmelo/initech/internal/tui.(*Pane).Start.func3()
	/home/runner/work/initech/initech/internal/tui/pane.go:396 +0x4c
github.com/nmelo/initech/internal/tui.(*TUI).safeGo.func1()
	/home/runner/work/initech/initech/internal/tui/crash.go:34 +0x4c
created by github.com/nmelo/initech/internal/tui.(*TUI).safeGo in goroutine 1
	/home/runner/work/initech/initech/internal/tui/crash.go:18 +0x68

goroutine 86 [runnable]:
syscall.syscall(0x1400012e1c0?, 0x3a?, 0x14001d45c68?, 0x10308c420?)
	/opt/hostedtoolcache/go/1.25.0/x64/src/runtime/sys_darwin.go:27 +0x40
syscall.Open({0x1400012e1c0?, 0x10308c204?}, 0x1100000, 0x0)
	/opt/hostedtoolcache/go/1.25.0/x64/src/syscall/zsyscall_darwin_arm64.go:1162 +0x74
os.open(...)
	/opt/hostedtoolcache/go/1.25.0/x64/src/os/file_open_unix.go:15
os.openDirNolog.func1(...)
	/opt/hostedtoolcache/go/1.25.0/x64/src/os/file_unix.go:290
os.ignoringEINTR(...)
	/opt/hostedtoolcache/go/1.25.0/x64/src/os/file_posix.go:256
os.openDirNolog({0x1400012e1c0, 0x3a})
	/opt/hostedtoolcache/go/1.25.0/x64/src/os/file_unix.go:289 +0x44
os.openDir({0x1400012e1c0, 0x3a})
	/opt/hostedtoolcache/go/1.25.0/x64/src/os/file.go:428 +0x30
os.ReadDir({0x1400012e1c0?, 0x1400005d208?})
	/opt/hostedtoolcache/go/1.25.0/x64/src/os/dir.go:115 +0x38
github.com/nmelo/initech/internal/tui.newestJSONL({0x1400012e1c0, 0x3a})
	/home/runner/work/initech/initech/internal/tui/pane_journal.go:324 +0x28
github.com/nmelo/initech/internal/tui.(*Pane).watchJSONL(0x140000df188)
	/home/runner/work/initech/initech/internal/tui/pane_journal.go:40 +0x17c
github.com/nmelo/initech/internal/tui.(*Pane).Start.func4()
	/home/runner/work/initech/initech/internal/tui/pane.go:398 +0x4c
github.com/nmelo/initech/internal/tui.(*TUI).safeGo.func1()
	/home/runner/work/initech/initech/internal/tui/crash.go:34 +0x4c
created by github.com/nmelo/initech/internal/tui.(*TUI).safeGo in goroutine 1
	/home/runner/work/initech/initech/internal/tui/crash.go:18 +0x68

goroutine 70 [syscall, 31 minutes]:
syscall.syscall(0x14002d5fdc8?, 0x102c51e24?, 0x800000?, 0x7ffff800000?)
	/opt/hostedtoolcache/go/1.25.0/x64/src/runtime/sys_darwin.go:27 +0x40
syscall.read(0x1400007c3c0?, {0x14000990000?, 0x14002d5fe08?, 0x103039d4c?})
	/opt/hostedtoolcache/go/1.25.0/x64/src/syscall/zsyscall_darwin_arm64.go:1245 +0x48
syscall.Read(...)
	/opt/hostedtoolcache/go/1.25.0/x64/src/syscall/syscall_unix.go:183
internal/poll.ignoringEINTRIO(...)
	/opt/hostedtoolcache/go/1.25.0/x64/src/internal/poll/fd_unix.go:738
internal/poll.(*FD).Read(0x1400007c3c0, {0x14000990000, 0x8000, 0x8000})
	/opt/hostedtoolcache/go/1.25.0/x64/src/internal/poll/fd_unix.go:161 +0x204
os.(*File).read(...)
	/opt/hostedtoolcache/go/1.25.0/x64/src/os/file_posix.go:29
os.(*File).Read(0x1400011c118, {0x14000990000?, 0xcb?, 0x8000?})
	/opt/hostedtoolcache/go/1.25.0/x64/src/os/file.go:144 +0x68
github.com/nmelo/initech/internal/tui.(*Pane).readLoop(0x140000df888)
	/home/runner/work/initech/initech/internal/tui/pane.go:405 +0x5c
github.com/nmelo/initech/internal/tui.(*Pane).Start.func2()
	/home/runner/work/initech/initech/internal/tui/pane.go:395 +0x4c
github.com/nmelo/initech/internal/tui.(*TUI).safeGo.func1()
	/home/runner/work/initech/initech/internal/tui/crash.go:34 +0x4c
created by github.com/nmelo/initech/internal/tui.(*TUI).safeGo in goroutine 1
	/home/runner/work/initech/initech/internal/tui/crash.go:18 +0x68

goroutine 71 [select, 724 minutes]:
io.(*pipe).read(0x140002182a0, {0x14000275e50, 0x100, 0x0?})
	/opt/hostedtoolcache/go/1.25.0/x64/src/io/pipe.go:57 +0x7c
io.(*PipeReader).Read(...)
	/opt/hostedtoolcache/go/1.25.0/x64/src/io/pipe.go:134
github.com/charmbracelet/x/vt.(*Emulator).Read(0x1400011c118?, {0x14000275e50?, 0xd?, 0x0?})
	/home/runner/go/pkg/mod/github.com/nmelo/x/vt@v0.0.0-20260402173550-246f6ae86935/emulator.go:256 +0x54
github.com/charmbracelet/x/vt.(*SafeEmulator).Read(...)
	/home/runner/go/pkg/mod/github.com/nmelo/x/vt@v0.0.0-20260402173550-246f6ae86935/safe_emulator.go:34
github.com/nmelo/initech/internal/tui.(*Pane).responseLoop(0x140000df888)
	/home/runner/work/initech/initech/internal/tui/pane.go:468 +0x5c
github.com/nmelo/initech/internal/tui.(*Pane).Start.func3()
	/home/runner/work/initech/initech/internal/tui/pane.go:396 +0x4c
github.com/nmelo/initech/internal/tui.(*TUI).safeGo.func1()
	/home/runner/work/initech/initech/internal/tui/crash.go:34 +0x4c
created by github.com/nmelo/initech/internal/tui.(*TUI).safeGo in goroutine 1
	/home/runner/work/initech/initech/internal/tui/crash.go:18 +0x68

goroutine 72 [chan receive]:
github.com/nmelo/initech/internal/tui.(*Pane).watchJSONL(0x140000df888)
	/home/runner/work/initech/initech/internal/tui/pane_journal.go:30 +0x9c
github.com/nmelo/initech/internal/tui.(*Pane).Start.func4()
	/home/runner/work/initech/initech/internal/tui/pane.go:398 +0x4c
github.com/nmelo/initech/internal/tui.(*TUI).safeGo.func1()
	/home/runner/work/initech/initech/internal/tui/crash.go:34 +0x4c
created by github.com/nmelo/initech/internal/tui.(*TUI).safeGo in goroutine 1
	/home/runner/work/initech/initech/internal/tui/crash.go:18 +0x68

goroutine 73 [syscall, 4 minutes]:
syscall.syscall(0x140002c4dc8?, 0x102c51e24?, 0x800000?, 0x7ffff800000?)
	/opt/hostedtoolcache/go/1.25.0/x64/src/runtime/sys_darwin.go:27 +0x40
syscall.read(0x1400007c4e0?, {0x14001732000?, 0x12?, 0x0?})
	/opt/hostedtoolcache/go/1.25.0/x64/src/syscall/zsyscall_darwin_arm64.go:1245 +0x48
syscall.Read(...)
	/opt/hostedtoolcache/go/1.25.0/x64/src/syscall/syscall_unix.go:183
internal/poll.ignoringEINTRIO(...)
	/opt/hostedtoolcache/go/1.25.0/x64/src/internal/poll/fd_unix.go:738
internal/poll.(*FD).Read(0x1400007c4e0, {0x14001732000, 0x8000, 0x8000})
	/opt/hostedtoolcache/go/1.25.0/x64/src/internal/poll/fd_unix.go:161 +0x204
os.(*File).read(...)
	/opt/hostedtoolcache/go/1.25.0/x64/src/os/file_posix.go:29
os.(*File).Read(0x1400011cb98, {0x14001732000?, 0x8?, 0x8000?})
	/opt/hostedtoolcache/go/1.25.0/x64/src/os/file.go:144 +0x68
github.com/nmelo/initech/internal/tui.(*Pane).readLoop(0x14000248708)
	/home/runner/work/initech/initech/internal/tui/pane.go:405 +0x5c
github.com/nmelo/initech/internal/tui.(*Pane).Start.func2()
	/home/runner/work/initech/initech/internal/tui/pane.go:395 +0x4c
github.com/nmelo/initech/internal/tui.(*TUI).safeGo.func1()
	/home/runner/work/initech/initech/internal/tui/crash.go:34 +0x4c
created by github.com/nmelo/initech/internal/tui.(*TUI).safeGo in goroutine 1
	/home/runner/work/initech/initech/internal/tui/crash.go:18 +0x68

goroutine 74 [select, 724 minutes]:
io.(*pipe).read(0x1400007c480, {0x140002c2e50, 0x100, 0x0?})
	/opt/hostedtoolcache/go/1.25.0/x64/src/io/pipe.go:57 +0x7c
io.(*PipeReader).Read(...)
	/opt/hostedtoolcache/go/1.25.0/x64/src/io/pipe.go:134
github.com/charmbracelet/x/vt.(*Emulator).Read(0x1400011cb98?, {0x140002c2e50?, 0x18?, 0x0?})
	/home/runner/go/pkg/mod/github.com/nmelo/x/vt@v0.0.0-20260402173550-246f6ae86935/emulator.go:256 +0x54
github.com/charmbracelet/x/vt.(*SafeEmulator).Read(...)
	/home/runner/go/pkg/mod/github.com/nmelo/x/vt@v0.0.0-20260402173550-246f6ae86935/safe_emulator.go:34
github.com/nmelo/initech/internal/tui.(*Pane).responseLoop(0x14000248708)
	/home/runner/work/initech/initech/internal/tui/pane.go:468 +0x5c
github.com/nmelo/initech/internal/tui.(*Pane).Start.func3()
	/home/runner/work/initech/initech/internal/tui/pane.go:396 +0x4c
github.com/nmelo/initech/internal/tui.(*TUI).safeGo.func1()
	/home/runner/work/initech/initech/internal/tui/crash.go:34 +0x4c
created by github.com/nmelo/initech/internal/tui.(*TUI).safeGo in goroutine 1
	/home/runner/work/initech/initech/internal/tui/crash.go:18 +0x68

goroutine 75 [chan receive]:
github.com/nmelo/initech/internal/tui.(*Pane).watchJSONL(0x14000248708)
	/home/runner/work/initech/initech/internal/tui/pane_journal.go:30 +0x9c
github.com/nmelo/initech/internal/tui.(*Pane).Start.func4()
	/home/runner/work/initech/initech/internal/tui/pane.go:398 +0x4c
github.com/nmelo/initech/internal/tui.(*TUI).safeGo.func1()
	/home/runner/work/initech/initech/internal/tui/crash.go:34 +0x4c
created by github.com/nmelo/initech/internal/tui.(*TUI).safeGo in goroutine 1
	/home/runner/work/initech/initech/internal/tui/crash.go:18 +0x68

goroutine 76 [syscall, 723 minutes]:
syscall.syscall(0x14000277dc8?, 0x102c51e24?, 0x800000?, 0x7ffff800000?)
	/opt/hostedtoolcache/go/1.25.0/x64/src/runtime/sys_darwin.go:27 +0x40
syscall.read(0x1400007c600?, {0x14001bf8000?, 0x14000277e08?, 0x103039d4c?})
	/opt/hostedtoolcache/go/1.25.0/x64/src/syscall/zsyscall_darwin_arm64.go:1245 +0x48
syscall.Read(...)
	/opt/hostedtoolcache/go/1.25.0/x64/src/syscall/syscall_unix.go:183
internal/poll.ignoringEINTRIO(...)
	/opt/hostedtoolcache/go/1.25.0/x64/src/internal/poll/fd_unix.go:738
internal/poll.(*FD).Read(0x1400007c600, {0x14001bf8000, 0x8000, 0x8000})
	/opt/hostedtoolcache/go/1.25.0/x64/src/internal/poll/fd_unix.go:161 +0x204
os.(*File).read(...)
	/opt/hostedtoolcache/go/1.25.0/x64/src/os/file_posix.go:29
os.(*File).Read(0x1400011ceb0, {0x14001bf8000?, 0x27?, 0x8000?})
	/opt/hostedtoolcache/go/1.25.0/x64/src/os/file.go:144 +0x68
github.com/nmelo/initech/internal/tui.(*Pane).readLoop(0x14000248e08)
	/home/runner/work/initech/initech/internal/tui/pane.go:405 +0x5c
github.com/nmelo/initech/internal/tui.(*Pane).Start.func2()
	/home/runner/work/initech/initech/internal/tui/pane.go:395 +0x4c
github.com/nmelo/initech/internal/tui.(*TUI).safeGo.func1()
	/home/runner/work/initech/initech/internal/tui/crash.go:34 +0x4c
created by github.com/nmelo/initech/internal/tui.(*TUI).safeGo in goroutine 1
	/home/runner/work/initech/initech/internal/tui/crash.go:18 +0x68

goroutine 77 [select, 724 minutes]:
io.(*pipe).read(0x1400007c5a0, {0x14000272e50, 0x100, 0x0?})
	/opt/hostedtoolcache/go/1.25.0/x64/src/io/pipe.go:57 +0x7c
io.(*PipeReader).Read(...)
	/opt/hostedtoolcache/go/1.25.0/x64/src/io/pipe.go:134
github.com/charmbracelet/x/vt.(*Emulator).Read(0x1400011ceb0?, {0x14000272e50?, 0xd?, 0x0?})
	/home/runner/go/pkg/mod/github.com/nmelo/x/vt@v0.0.0-20260402173550-246f6ae86935/emulator.go:256 +0x54
github.com/charmbracelet/x/vt.(*SafeEmulator).Read(...)
	/home/runner/go/pkg/mod/github.com/nmelo/x/vt@v0.0.0-20260402173550-246f6ae86935/safe_emulator.go:34
github.com/nmelo/initech/internal/tui.(*Pane).responseLoop(0x14000248e08)
	/home/runner/work/initech/initech/internal/tui/pane.go:468 +0x5c
github.com/nmelo/initech/internal/tui.(*Pane).Start.func3()
	/home/runner/work/initech/initech/internal/tui/pane.go:396 +0x4c
github.com/nmelo/initech/internal/tui.(*TUI).safeGo.func1()
	/home/runner/work/initech/initech/internal/tui/crash.go:34 +0x4c
created by github.com/nmelo/initech/internal/tui.(*TUI).safeGo in goroutine 1
	/home/runner/work/initech/initech/internal/tui/crash.go:18 +0x68

goroutine 78 [chan receive]:
github.com/nmelo/initech/internal/tui.(*Pane).watchJSONL(0x14000248e08)
	/home/runner/work/initech/initech/internal/tui/pane_journal.go:30 +0x9c
github.com/nmelo/initech/internal/tui.(*Pane).Start.func4()
	/home/runner/work/initech/initech/internal/tui/pane.go:398 +0x4c
github.com/nmelo/initech/internal/tui.(*TUI).safeGo.func1()
	/home/runner/work/initech/initech/internal/tui/crash.go:34 +0x4c
created by github.com/nmelo/initech/internal/tui.(*TUI).safeGo in goroutine 1
	/home/runner/work/initech/initech/internal/tui/crash.go:18 +0x68

goroutine 97 [select]:
github.com/nmelo/initech/internal/tui.(*TUI).startBatteryPoller.func1()
	/home/runner/work/initech/initech/internal/tui/poll.go:93 +0xac
github.com/nmelo/initech/internal/tui.(*TUI).safeGo.func1()
	/home/runner/work/initech/initech/internal/tui/crash.go:34 +0x4c
created by github.com/nmelo/initech/internal/tui.(*TUI).safeGo in goroutine 1
	/home/runner/work/initech/initech/internal/tui/crash.go:18 +0x68

goroutine 98 [select, 105 minutes]:
github.com/gdamore/tcell/v2.(*baseScreen).PollEvent(0x140000a6f70)
	/home/runner/go/pkg/mod/github.com/gdamore/tcell/v2@v2.13.8/screen.go:511 +0x74
github.com/nmelo/initech/internal/tui.Run.func15()
	/home/runner/work/initech/initech/internal/tui/tui.go:927 +0x50
github.com/nmelo/initech/internal/tui.(*TUI).safeGo.func1()
	/home/runner/work/initech/initech/internal/tui/crash.go:34 +0x4c
created by github.com/nmelo/initech/internal/tui.(*TUI).safeGo in goroutine 1
	/home/runner/work/initech/initech/internal/tui/crash.go:18 +0x68

